[06Aug2026 13:12:39.084] [Test worker/WARN] [net.minecraftforge.common.ForgeConfigSpec/CORE]: Configuration file SimpleCommentedConfig:{} is not correct. Correcting
[06Aug2026 13:12:39.088] [Test worker/WARN] [net.minecraftforge.common.ForgeConfigSpec/CORE]: Incorrect key Messages was corrected from null to its default, SimpleCommentedConfig:{}. 
[06Aug2026 13:12:39.088] [Test worker/WARN] [net.minecraftforge.common.ForgeConfigSpec/CORE]: Incorrect key Messages.localization was corrected from null to its default, en. 
[06Aug2026 13:12:39.089] [Test worker/WARN] [net.minecraftforge.common.ForgeConfigSpec/CORE]: Incorrect key Messages.display was corrected from null to its default, true. 
[06Aug2026 13:12:39.090] [Test worker/WARN] [net.minecraftforge.common.ForgeConfigSpec/CORE]: Incorrect key Messages.key was corrected from null to its default, . 
[06Aug2026 13:12:39.091] [Test worker/WARN] [net.minecraftforge.common.ForgeConfigSpec/CORE]: Incorrect key Messages.messages_change was corrected from null to its default, Skin change queued. 
[06Aug2026 13:12:39.092] [Test worker/WARN] [net.minecraftforge.common.ForgeConfigSpec/CORE]: Incorrect key Messages.messages_fulfilled was corrected from null to its default, Skin has been applied.. 
[06Aug2026 13:12:39.093] [Test worker/WARN] [net.minecraftforge.common.ForgeConfigSpec/CORE]: Incorrect key Messages.messages_timeout was corrected from null to its default, Skin fetch timed out.. 
[06Aug2026 13:12:39.093] [Test worker/WARN] [net.minecraftforge.common.ForgeConfigSpec/CORE]: Incorrect key Messages.messages_error was corrected from null to its default, Skin fetch failed.. 
[06Aug2026 13:12:39.094] [Test worker/WARN] [net.minecraftforge.common.ForgeConfigSpec/CORE]: Incorrect key Messages.messages_restored_from was corrected from null to its default, Skin restored from %s. 
[06Aug2026 13:12:39.095] [Test worker/WARN] [net.minecraftforge.common.ForgeConfigSpec/CORE]: Incorrect key Messages.messages_cleared_no_profile was corrected from null to its default, Skin cleared (no Mojang profile found). 
[06Aug2026 13:12:39.095] [Test worker/WARN] [net.minecraftforge.common.ForgeConfigSpec/CORE]: Incorrect key Messages.messages_no_source was corrected from null to its default, No source available. 
[06Aug2026 13:12:39.096] [Test worker/WARN] [net.minecraftforge.common.ForgeConfigSpec/CORE]: Incorrect key Messages.messages_player_only was corrected from null to its default, Player only command. 
[06Aug2026 13:12:39.097] [Test worker/WARN] [net.minecraftforge.common.ForgeConfigSpec/CORE]: Incorrect key Messages.messages_permission_denied was corrected from null to its default, Permission denied. 
[06Aug2026 13:12:39.099] [Test worker/WARN] [net.minecraftforge.common.ForgeConfigSpec/CORE]: Incorrect key Messages.messages_cooldown was corrected from null to its default, Please wait %ds before using /skin again. 
[06Aug2026 13:12:39.100] [Test worker/WARN] [net.minecraftforge.common.ForgeConfigSpec/CORE]: Incorrect key Messages.messages_rate_limited was corrected from null to its default, Too many /skin commands. Try again later.. 
[06Aug2026 13:12:39.101] [Test worker/WARN] [net.minecraftforge.common.ForgeConfigSpec/CORE]: Incorrect key Messages.messages_no_skin_found was corrected from null to its default, No skin found for "%s". 
[06Aug2026 13:12:39.102] [Test worker/WARN] [net.minecraftforge.common.ForgeConfigSpec/CORE]: Incorrect key Messages.messages_no_skin_found_plain was corrected from null to its default, No skin found. 
[06Aug2026 13:12:39.102] [Test worker/WARN] [net.minecraftforge.common.ForgeConfigSpec/CORE]: Incorrect key Messages.messages_mineskin_rejected was corrected from null to its default, MineSkin rejected the URL. 
[06Aug2026 13:12:39.103] [Test worker/WARN] [net.minecraftforge.common.ForgeConfigSpec/CORE]: Incorrect key Messages.messages_no_random_username was corrected from null to its default, No random username available. 
[06Aug2026 13:12:39.104] [Test worker/WARN] [net.minecraftforge.common.ForgeConfigSpec/CORE]: Incorrect key Messages.messages_provider_no_result was corrected from null to its default, Provider returned no result. 
[06Aug2026 13:12:39.105] [Test worker/WARN] [net.minecraftforge.common.ForgeConfigSpec/CORE]: Incorrect key Messages.messages_metrics_top_players was corrected from null to its default, Top players by refresh count:. 
[06Aug2026 13:12:39.106] [Test worker/WARN] [net.minecraftforge.common.ForgeConfigSpec/CORE]: Incorrect key Messages.messages_metrics_refreshes was corrected from null to its default,  refreshes. 
[06Aug2026 13:12:39.107] [Test worker/WARN] [net.minecraftforge.common.ForgeConfigSpec/CORE]: Incorrect key Messages.messages_metrics_no_refreshes was corrected from null to its default, (no refreshes recorded). 
[06Aug2026 13:12:39.107] [Test worker/WARN] [net.minecraftforge.common.ForgeConfigSpec/CORE]: Incorrect key Messages.messages_metrics_cleanup was corrected from null to its default, Metrics cleanup: pruned %d stale player entries. 
[06Aug2026 13:12:39.108] [Test worker/WARN] [net.minecraftforge.common.ForgeConfigSpec/CORE]: Incorrect key Messages.messages_metrics_reset was corrected from null to its default, Metrics reset. 
[06Aug2026 13:12:39.109] [Test worker/WARN] [net.minecraftforge.common.ForgeConfigSpec/CORE]: Incorrect key Messages.messages_discord_announce was corrected from null to its default, **%s** changed their skin to: `%s`. 
[06Aug2026 13:12:39.109] [Test worker/WARN] [net.minecraftforge.common.ForgeConfigSpec/CORE]: Incorrect key Integration was corrected from null to its default, SimpleCommentedConfig:{}. 
[06Aug2026 13:12:39.110] [Test worker/WARN] [net.minecraftforge.common.ForgeConfigSpec/CORE]: Incorrect key Integration.discordsrv_enabled was corrected from null to its default, false. 
[06Aug2026 13:12:39.110] [Test worker/WARN] [net.minecraftforge.common.ForgeConfigSpec/CORE]: Incorrect key Integration.discordsrv_channel_id was corrected from null to its default, . 
[06Aug2026 13:12:39.111] [Test worker/WARN] [net.minecraftforge.common.ForgeConfigSpec/CORE]: Incorrect key RateLimit was corrected from null to its default, SimpleCommentedConfig:{}. 
[06Aug2026 13:12:39.111] [Test worker/WARN] [net.minecraftforge.common.ForgeConfigSpec/CORE]: Incorrect key RateLimit.cooldown_seconds was corrected from null to its default, 3. 
[06Aug2026 13:12:39.112] [Test worker/WARN] [net.minecraftforge.common.ForgeConfigSpec/CORE]: Incorrect key RateLimit.rate_limit_enabled was corrected from null to its default, true. 
[06Aug2026 13:12:39.113] [Test worker/WARN] [net.minecraftforge.common.ForgeConfigSpec/CORE]: Incorrect key RateLimit.max_commands_per_minute was corrected from null to its default, 5. 
[06Aug2026 13:12:39.113] [Test worker/WARN] [net.minecraftforge.common.ForgeConfigSpec/CORE]: Incorrect key Broadcast was corrected from null to its default, SimpleCommentedConfig:{}. 
[06Aug2026 13:12:39.114] [Test worker/WARN] [net.minecraftforge.common.ForgeConfigSpec/CORE]: Incorrect key Broadcast.dimension_scoped_broadcast was corrected from null to its default, false. 
[06Aug2026 13:12:39.115] [Test worker/WARN] [net.minecraftforge.common.ForgeConfigSpec/CORE]: Incorrect key Broadcast.broadcast_use_bundle was corrected from null to its default, false. 
[06Aug2026 13:12:39.115] [Test worker/WARN] [net.minecraftforge.common.ForgeConfigSpec/CORE]: Incorrect key Broadcast.debounce_millis was corrected from null to its default, 100. 
[06Aug2026 13:12:39.116] [Test worker/WARN] [net.minecraftforge.common.ForgeConfigSpec/CORE]: Incorrect key Broadcast.refresh_via_entity_tracker was corrected from null to its default, true. 
[06Aug2026 13:12:39.116] [Test worker/WARN] [net.minecraftforge.common.ForgeConfigSpec/CORE]: Incorrect key Metrics was corrected from null to its default, SimpleCommentedConfig:{}. 
[06Aug2026 13:12:39.116] [Test worker/WARN] [net.minecraftforge.common.ForgeConfigSpec/CORE]: Incorrect key Metrics.metrics_enabled was corrected from null to its default, true. 
[06Aug2026 13:12:39.117] [Test worker/WARN] [net.minecraftforge.common.ForgeConfigSpec/CORE]: Incorrect key Metrics.metrics_dump_interval_seconds was corrected from null to its default, 60. 
[06Aug2026 13:12:39.118] [Test worker/WARN] [net.minecraftforge.common.ForgeConfigSpec/CORE]: Incorrect key Http was corrected from null to its default, SimpleCommentedConfig:{}. 
[06Aug2026 13:12:39.118] [Test worker/WARN] [net.minecraftforge.common.ForgeConfigSpec/CORE]: Incorrect key Http.http_client_version was corrected from null to its default, HTTP_2. 
[06Aug2026 13:12:39.119] [Test worker/WARN] [net.minecraftforge.common.ForgeConfigSpec/CORE]: Incorrect key Http.http_connect_timeout_seconds was corrected from null to its default, 5. 
[06Aug2026 13:12:39.119] [Test worker/WARN] [net.minecraftforge.common.ForgeConfigSpec/CORE]: Incorrect key MojangCache was corrected from null to its default, SimpleCommentedConfig:{}. 
[06Aug2026 13:12:39.120] [Test worker/WARN] [net.minecraftforge.common.ForgeConfigSpec/CORE]: Incorrect key MojangCache.mojang_profile_cache_enabled was corrected from null to its default, true. 
[06Aug2026 13:12:39.121] [Test worker/WARN] [net.minecraftforge.common.ForgeConfigSpec/CORE]: Incorrect key MojangCache.mojang_profile_cache_ttl_ms was corrected from null to its default, 3600000. 
[06Aug2026 13:12:39.122] [Test worker/WARN] [net.minecraftforge.common.ForgeConfigSpec/CORE]: Incorrect key MojangCache.mojang_profile_cache_max_size was corrected from null to its default, 1000. 
[06Aug2026 13:12:39.123] [Test worker/WARN] [net.minecraftforge.common.ForgeConfigSpec/CORE]: Incorrect key DefaultSkins was corrected from null to its default, SimpleCommentedConfig:{}. 
[06Aug2026 13:12:39.123] [Test worker/WARN] [net.minecraftforge.common.ForgeConfigSpec/CORE]: Incorrect key DefaultSkins.enabled was corrected from null to its default, false. 
[06Aug2026 13:12:39.124] [Test worker/WARN] [net.minecraftforge.common.ForgeConfigSpec/CORE]: Incorrect key DefaultSkins.applyForPremium was corrected from null to its default, false. 
[06Aug2026 13:12:39.125] [Test worker/WARN] [net.minecraftforge.common.ForgeConfigSpec/CORE]: Incorrect key DefaultSkins.list was corrected from null to its default, [Steve, <random>]. 
[06Aug2026 13:12:39.125] [Test worker/WARN] [net.minecraftforge.common.ForgeConfigSpec/CORE]: Incorrect key Security was corrected from null to its default, SimpleCommentedConfig:{}. 
[06Aug2026 13:12:39.126] [Test worker/WARN] [net.minecraftforge.common.ForgeConfigSpec/CORE]: Incorrect key Security.urlAllowlistEnabled was corrected from null to its default, false. 
[06Aug2026 13:12:39.127] [Test worker/WARN] [net.minecraftforge.common.ForgeConfigSpec/CORE]: Incorrect key Security.urlAllowlistDomains was corrected from null to its default, [imgur.com, storage.googleapis.com, cdn.discordapp.com, textures.minecraft.net, namemc.com, crafatar.com, mc-heads.net, githubusercontent.com, minecraftskins.com]. 
[06Aug2026 13:12:39.127] [Test worker/WARN] [net.minecraftforge.common.ForgeConfigSpec/CORE]: Incorrect key Permissions was corrected from null to its default, SimpleCommentedConfig:{}. 
[06Aug2026 13:12:39.127] [Test worker/WARN] [net.minecraftforge.common.ForgeConfigSpec/CORE]: Incorrect key Permissions.op_level was corrected from null to its default, SimpleCommentedConfig:{}. 
[06Aug2026 13:12:39.127] [Test worker/WARN] [net.minecraftforge.common.ForgeConfigSpec/CORE]: Incorrect key Permissions.op_level.mojang was corrected from null to its default, 0. 
[06Aug2026 13:12:39.128] [Test worker/WARN] [net.minecraftforge.common.ForgeConfigSpec/CORE]: Incorrect key Permissions.op_level.url was corrected from null to its default, 2. 
[06Aug2026 13:12:39.128] [Test worker/WARN] [net.minecraftforge.common.ForgeConfigSpec/CORE]: Incorrect key Permissions.op_level.clear was corrected from null to its default, 0. 
[06Aug2026 13:12:39.129] [Test worker/WARN] [net.minecraftforge.common.ForgeConfigSpec/CORE]: Incorrect key Permissions.op_level.random was corrected from null to its default, 0. 
[06Aug2026 13:12:39.129] [Test worker/WARN] [net.minecraftforge.common.ForgeConfigSpec/CORE]: Incorrect key Permissions.op_level.other was corrected from null to its default, 2. 
[06Aug2026 13:12:39.129] [Test worker/WARN] [net.minecraftforge.common.ForgeConfigSpec/CORE]: Incorrect key Permissions.op_level.metrics was corrected from null to its default, 2. 
[06Aug2026 13:12:39.130] [Test worker/WARN] [net.minecraftforge.common.ForgeConfigSpec/CORE]: Incorrect key Permissions.op_level.metrics_reset was corrected from null to its default, 2. 
[06Aug2026 13:12:40.818] [Test worker/WARN] [net.minecraftforge.common.ForgeConfigSpec/CORE]: Configuration file SimpleCommentedConfig:{} is not correct. Correcting
[06Aug2026 13:12:40.820] [Test worker/WARN] [net.minecraftforge.common.ForgeConfigSpec/CORE]: Incorrect key Messages was corrected from null to its default, SimpleCommentedConfig:{}. 
[06Aug2026 13:12:40.823] [Test worker/WARN] [net.minecraftforge.common.ForgeConfigSpec/CORE]: Incorrect key Messages.localization was corrected from null to its default, en. 
[06Aug2026 13:12:40.829] [Test worker/WARN] [net.minecraftforge.common.ForgeConfigSpec/CORE]: Incorrect key Messages.display was corrected from null to its default, true. 
[06Aug2026 13:12:40.832] [Test worker/WARN] [net.minecraftforge.common.ForgeConfigSpec/CORE]: Incorrect key Messages.key was corrected from null to its default, . 
[06Aug2026 13:12:40.838] [Test worker/WARN] [net.minecraftforge.common.ForgeConfigSpec/CORE]: Incorrect key Messages.messages_change was corrected from null to its default, Skin change queued. 
[06Aug2026 13:12:40.840] [Test worker/WARN] [net.minecraftforge.common.ForgeConfigSpec/CORE]: Incorrect key Messages.messages_fulfilled was corrected from null to its default, Skin has been applied.. 
[06Aug2026 13:12:40.844] [Test worker/WARN] [net.minecraftforge.common.ForgeConfigSpec/CORE]: Incorrect key Messages.messages_timeout was corrected from null to its default, Skin fetch timed out.. 
[06Aug2026 13:12:40.848] [Test worker/WARN] [net.minecraftforge.common.ForgeConfigSpec/CORE]: Incorrect key Messages.messages_error was corrected from null to its default, Skin fetch failed.. 
[06Aug2026 13:12:40.850] [Test worker/WARN] [net.minecraftforge.common.ForgeConfigSpec/CORE]: Incorrect key Messages.messages_restored_from was corrected from null to its default, Skin restored from %s. 
[06Aug2026 13:12:40.851] [Test worker/WARN] [net.minecraftforge.common.ForgeConfigSpec/CORE]: Incorrect key Messages.messages_cleared_no_profile was corrected from null to its default, Skin cleared (no Mojang profile found). 
[06Aug2026 13:12:40.853] [Test worker/WARN] [net.minecraftforge.common.ForgeConfigSpec/CORE]: Incorrect key Messages.messages_no_source was corrected from null to its default, No source available. 
[06Aug2026 13:12:40.854] [Test worker/WARN] [net.minecraftforge.common.ForgeConfigSpec/CORE]: Incorrect key Messages.messages_player_only was corrected from null to its default, Player only command. 
[06Aug2026 13:12:40.856] [Test worker/WARN] [net.minecraftforge.common.ForgeConfigSpec/CORE]: Incorrect key Messages.messages_permission_denied was corrected from null to its default, Permission denied. 
[06Aug2026 13:12:40.858] [Test worker/WARN] [net.minecraftforge.common.ForgeConfigSpec/CORE]: Incorrect key Messages.messages_cooldown was corrected from null to its default, Please wait %ds before using /skin again. 
[06Aug2026 13:12:40.864] [Test worker/WARN] [net.minecraftforge.common.ForgeConfigSpec/CORE]: Incorrect key Messages.messages_rate_limited was corrected from null to its default, Too many /skin commands. Try again later.. 
[06Aug2026 13:12:40.865] [Test worker/WARN] [net.minecraftforge.common.ForgeConfigSpec/CORE]: Incorrect key Messages.messages_no_skin_found was corrected from null to its default, No skin found for "%s". 
[06Aug2026 13:12:40.866] [Test worker/WARN] [net.minecraftforge.common.ForgeConfigSpec/CORE]: Incorrect key Messages.messages_no_skin_found_plain was corrected from null to its default, No skin found. 
[06Aug2026 13:12:40.866] [Test worker/WARN] [net.minecraftforge.common.ForgeConfigSpec/CORE]: Incorrect key Messages.messages_mineskin_rejected was corrected from null to its default, MineSkin rejected the URL. 
[06Aug2026 13:12:40.866] [Test worker/WARN] [net.minecraftforge.common.ForgeConfigSpec/CORE]: Incorrect key Messages.messages_no_random_username was corrected from null to its default, No random username available. 
[06Aug2026 13:12:40.867] [Test worker/WARN] [net.minecraftforge.common.ForgeConfigSpec/CORE]: Incorrect key Messages.messages_provider_no_result was corrected from null to its default, Provider returned no result. 
[06Aug2026 13:12:40.868] [Test worker/WARN] [net.minecraftforge.common.ForgeConfigSpec/CORE]: Incorrect key Messages.messages_metrics_top_players was corrected from null to its default, Top players by refresh count:. 
[06Aug2026 13:12:40.869] [Test worker/WARN] [net.minecraftforge.common.ForgeConfigSpec/CORE]: Incorrect key Messages.messages_metrics_refreshes was corrected from null to its default,  refreshes. 
[06Aug2026 13:12:40.871] [Test worker/WARN] [net.minecraftforge.common.ForgeConfigSpec/CORE]: Incorrect key Messages.messages_metrics_no_refreshes was corrected from null to its default, (no refreshes recorded). 
[06Aug2026 13:12:40.874] [Test worker/WARN] [net.minecraftforge.common.ForgeConfigSpec/CORE]: Incorrect key Messages.messages_metrics_cleanup was corrected from null to its default, Metrics cleanup: pruned %d stale player entries. 
[06Aug2026 13:12:40.876] [Test worker/WARN] [net.minecraftforge.common.ForgeConfigSpec/CORE]: Incorrect key Messages.messages_metrics_reset was corrected from null to its default, Metrics reset. 
[06Aug2026 13:12:40.876] [Test worker/WARN] [net.minecraftforge.common.ForgeConfigSpec/CORE]: Incorrect key Messages.messages_discord_announce was corrected from null to its default, **%s** changed their skin to: `%s`. 
[06Aug2026 13:12:40.877] [Test worker/WARN] [net.minecraftforge.common.ForgeConfigSpec/CORE]: Incorrect key Integration was corrected from null to its default, SimpleCommentedConfig:{}. 
[06Aug2026 13:12:40.878] [Test worker/WARN] [net.minecraftforge.common.ForgeConfigSpec/CORE]: Incorrect key Integration.discordsrv_enabled was corrected from null to its default, false. 
[06Aug2026 13:12:40.878] [Test worker/WARN] [net.minecraftforge.common.ForgeConfigSpec/CORE]: Incorrect key Integration.discordsrv_channel_id was corrected from null to its default, . 
[06Aug2026 13:12:40.880] [Test worker/WARN] [net.minecraftforge.common.ForgeConfigSpec/CORE]: Incorrect key RateLimit was corrected from null to its default, SimpleCommentedConfig:{}. 
[06Aug2026 13:12:40.880] [Test worker/WARN] [net.minecraftforge.common.ForgeConfigSpec/CORE]: Incorrect key RateLimit.cooldown_seconds was corrected from null to its default, 3. 
[06Aug2026 13:12:40.883] [Test worker/WARN] [net.minecraftforge.common.ForgeConfigSpec/CORE]: Incorrect key RateLimit.rate_limit_enabled was corrected from null to its default, true. 
[06Aug2026 13:12:40.883] [Test worker/WARN] [net.minecraftforge.common.ForgeConfigSpec/CORE]: Incorrect key RateLimit.max_commands_per_minute was corrected from null to its default, 5. 
[06Aug2026 13:12:40.884] [Test worker/WARN] [net.minecraftforge.common.ForgeConfigSpec/CORE]: Incorrect key Broadcast was corrected from null to its default, SimpleCommentedConfig:{}. 
[06Aug2026 13:12:40.884] [Test worker/WARN] [net.minecraftforge.common.ForgeConfigSpec/CORE]: Incorrect key Broadcast.dimension_scoped_broadcast was corrected from null to its default, false. 
[06Aug2026 13:12:40.885] [Test worker/WARN] [net.minecraftforge.common.ForgeConfigSpec/CORE]: Incorrect key Broadcast.broadcast_use_bundle was corrected from null to its default, false. 
[06Aug2026 13:12:40.885] [Test worker/WARN] [net.minecraftforge.common.ForgeConfigSpec/CORE]: Incorrect key Broadcast.debounce_millis was corrected from null to its default, 100. 
[06Aug2026 13:12:40.886] [Test worker/WARN] [net.minecraftforge.common.ForgeConfigSpec/CORE]: Incorrect key Broadcast.refresh_via_entity_tracker was corrected from null to its default, true. 
[06Aug2026 13:12:40.888] [Test worker/WARN] [net.minecraftforge.common.ForgeConfigSpec/CORE]: Incorrect key Metrics was corrected from null to its default, SimpleCommentedConfig:{}. 
[06Aug2026 13:12:40.888] [Test worker/WARN] [net.minecraftforge.common.ForgeConfigSpec/CORE]: Incorrect key Metrics.metrics_enabled was corrected from null to its default, true. 
[06Aug2026 13:12:40.889] [Test worker/WARN] [net.minecraftforge.common.ForgeConfigSpec/CORE]: Incorrect key Metrics.metrics_dump_interval_seconds was corrected from null to its default, 60. 
[06Aug2026 13:12:40.889] [Test worker/WARN] [net.minecraftforge.common.ForgeConfigSpec/CORE]: Incorrect key Http was corrected from null to its default, SimpleCommentedConfig:{}. 
[06Aug2026 13:12:40.891] [Test worker/WARN] [net.minecraftforge.common.ForgeConfigSpec/CORE]: Incorrect key Http.http_client_version was corrected from null to its default, HTTP_2. 
[06Aug2026 13:12:40.891] [Test worker/WARN] [net.minecraftforge.common.ForgeConfigSpec/CORE]: Incorrect key Http.http_connect_timeout_seconds was corrected from null to its default, 5. 
[06Aug2026 13:12:40.892] [Test worker/WARN] [net.minecraftforge.common.ForgeConfigSpec/CORE]: Incorrect key MojangCache was corrected from null to its default, SimpleCommentedConfig:{}. 
[06Aug2026 13:12:40.893] [Test worker/WARN] [net.minecraftforge.common.ForgeConfigSpec/CORE]: Incorrect key MojangCache.mojang_profile_cache_enabled was corrected from null to its default, true. 
[06Aug2026 13:12:40.894] [Test worker/WARN] [net.minecraftforge.common.ForgeConfigSpec/CORE]: Incorrect key MojangCache.mojang_profile_cache_ttl_ms was corrected from null to its default, 3600000. 
[06Aug2026 13:12:40.895] [Test worker/WARN] [net.minecraftforge.common.ForgeConfigSpec/CORE]: Incorrect key MojangCache.mojang_profile_cache_max_size was corrected from null to its default, 1000. 
[06Aug2026 13:12:40.895] [Test worker/WARN] [net.minecraftforge.common.ForgeConfigSpec/CORE]: Incorrect key DefaultSkins was corrected from null to its default, SimpleCommentedConfig:{}. 
[06Aug2026 13:12:40.895] [Test worker/WARN] [net.minecraftforge.common.ForgeConfigSpec/CORE]: Incorrect key DefaultSkins.enabled was corrected from null to its default, false. 
[06Aug2026 13:12:40.896] [Test worker/WARN] [net.minecraftforge.common.ForgeConfigSpec/CORE]: Incorrect key DefaultSkins.applyForPremium was corrected from null to its default, false. 
[06Aug2026 13:12:40.896] [Test worker/WARN] [net.minecraftforge.common.ForgeConfigSpec/CORE]: Incorrect key DefaultSkins.list was corrected from null to its default, [Steve, <random>]. 
[06Aug2026 13:12:40.897] [Test worker/WARN] [net.minecraftforge.common.ForgeConfigSpec/CORE]: Incorrect key Security was corrected from null to its default, SimpleCommentedConfig:{}. 
[06Aug2026 13:12:40.897] [Test worker/WARN] [net.minecraftforge.common.ForgeConfigSpec/CORE]: Incorrect key Security.urlAllowlistEnabled was corrected from null to its default, false. 
[06Aug2026 13:12:40.898] [Test worker/WARN] [net.minecraftforge.common.ForgeConfigSpec/CORE]: Incorrect key Security.urlAllowlistDomains was corrected from null to its default, [imgur.com, storage.googleapis.com, cdn.discordapp.com, textures.minecraft.net, namemc.com, crafatar.com, mc-heads.net, githubusercontent.com, minecraftskins.com]. 
[06Aug2026 13:12:40.898] [Test worker/WARN] [net.minecraftforge.common.ForgeConfigSpec/CORE]: Incorrect key Permissions was corrected from null to its default, SimpleCommentedConfig:{}. 
[06Aug2026 13:12:40.898] [Test worker/WARN] [net.minecraftforge.common.ForgeConfigSpec/CORE]: Incorrect key Permissions.op_level was corrected from null to its default, SimpleCommentedConfig:{}. 
[06Aug2026 13:12:40.898] [Test worker/WARN] [net.minecraftforge.common.ForgeConfigSpec/CORE]: Incorrect key Permissions.op_level.mojang was corrected from null to its default, 0. 
[06Aug2026 13:12:40.899] [Test worker/WARN] [net.minecraftforge.common.ForgeConfigSpec/CORE]: Incorrect key Permissions.op_level.url was corrected from null to its default, 2. 
[06Aug2026 13:12:40.899] [Test worker/WARN] [net.minecraftforge.common.ForgeConfigSpec/CORE]: Incorrect key Permissions.op_level.clear was corrected from null to its default, 0. 
[06Aug2026 13:12:40.900] [Test worker/WARN] [net.minecraftforge.common.ForgeConfigSpec/CORE]: Incorrect key Permissions.op_level.random was corrected from null to its default, 0. 
[06Aug2026 13:12:40.901] [Test worker/WARN] [net.minecraftforge.common.ForgeConfigSpec/CORE]: Incorrect key Permissions.op_level.other was corrected from null to its default, 2. 
[06Aug2026 13:12:40.902] [Test worker/WARN] [net.minecraftforge.common.ForgeConfigSpec/CORE]: Incorrect key Permissions.op_level.metrics was corrected from null to its default, 2. 
[06Aug2026 13:12:40.903] [Test worker/WARN] [net.minecraftforge.common.ForgeConfigSpec/CORE]: Incorrect key Permissions.op_level.metrics_reset was corrected from null to its default, 2. 
[06Aug2026 13:12:40.911] [Test worker/WARN] [net.minecraftforge.common.ForgeConfigSpec/CORE]: Configuration file SimpleCommentedConfig:{} is not correct. Correcting
[06Aug2026 13:12:40.911] [Test worker/WARN] [net.minecraftforge.common.ForgeConfigSpec/CORE]: Incorrect key Messages was corrected from null to its default, SimpleCommentedConfig:{}. 
[06Aug2026 13:12:40.912] [Test worker/WARN] [net.minecraftforge.common.ForgeConfigSpec/CORE]: Incorrect key Messages.localization was corrected from null to its default, en. 
[06Aug2026 13:12:40.912] [Test worker/WARN] [net.minecraftforge.common.ForgeConfigSpec/CORE]: Incorrect key Messages.display was corrected from null to its default, true. 
[06Aug2026 13:12:40.915] [Test worker/WARN] [net.minecraftforge.common.ForgeConfigSpec/CORE]: Incorrect key Messages.key was corrected from null to its default, . 
[06Aug2026 13:12:40.916] [Test worker/WARN] [net.minecraftforge.common.ForgeConfigSpec/CORE]: Incorrect key Messages.messages_change was corrected from null to its default, Skin change queued. 
[06Aug2026 13:12:40.918] [Test worker/WARN] [net.minecraftforge.common.ForgeConfigSpec/CORE]: Incorrect key Messages.messages_fulfilled was corrected from null to its default, Skin has been applied.. 
[06Aug2026 13:12:40.918] [Test worker/WARN] [net.minecraftforge.common.ForgeConfigSpec/CORE]: Incorrect key Messages.messages_timeout was corrected from null to its default, Skin fetch timed out.. 
[06Aug2026 13:12:40.920] [Test worker/WARN] [net.minecraftforge.common.ForgeConfigSpec/CORE]: Incorrect key Messages.messages_error was corrected from null to its default, Skin fetch failed.. 
[06Aug2026 13:12:40.924] [Test worker/WARN] [net.minecraftforge.common.ForgeConfigSpec/CORE]: Incorrect key Messages.messages_restored_from was corrected from null to its default, Skin restored from %s. 
[06Aug2026 13:12:40.925] [Test worker/WARN] [net.minecraftforge.common.ForgeConfigSpec/CORE]: Incorrect key Messages.messages_cleared_no_profile was corrected from null to its default, Skin cleared (no Mojang profile found). 
[06Aug2026 13:12:40.925] [Test worker/WARN] [net.minecraftforge.common.ForgeConfigSpec/CORE]: Incorrect key Messages.messages_no_source was corrected from null to its default, No source available. 
[06Aug2026 13:12:40.925] [Test worker/WARN] [net.minecraftforge.common.ForgeConfigSpec/CORE]: Incorrect key Messages.messages_player_only was corrected from null to its default, Player only command. 
[06Aug2026 13:12:40.927] [Test worker/WARN] [net.minecraftforge.common.ForgeConfigSpec/CORE]: Incorrect key Messages.messages_permission_denied was corrected from null to its default, Permission denied. 
[06Aug2026 13:12:40.928] [Test worker/WARN] [net.minecraftforge.common.ForgeConfigSpec/CORE]: Incorrect key Messages.messages_cooldown was corrected from null to its default, Please wait %ds before using /skin again. 
[06Aug2026 13:12:40.928] [Test worker/WARN] [net.minecraftforge.common.ForgeConfigSpec/CORE]: Incorrect key Messages.messages_rate_limited was corrected from null to its default, Too many /skin commands. Try again later.. 
[06Aug2026 13:12:40.928] [Test worker/WARN] [net.minecraftforge.common.ForgeConfigSpec/CORE]: Incorrect key Messages.messages_no_skin_found was corrected from null to its default, No skin found for "%s". 
[06Aug2026 13:12:40.928] [Test worker/WARN] [net.minecraftforge.common.ForgeConfigSpec/CORE]: Incorrect key Messages.messages_no_skin_found_plain was corrected from null to its default, No skin found. 
[06Aug2026 13:12:40.928] [Test worker/WARN] [net.minecraftforge.common.ForgeConfigSpec/CORE]: Incorrect key Messages.messages_mineskin_rejected was corrected from null to its default, MineSkin rejected the URL. 
[06Aug2026 13:12:40.929] [Test worker/WARN] [net.minecraftforge.common.ForgeConfigSpec/CORE]: Incorrect key Messages.messages_no_random_username was corrected from null to its default, No random username available. 
[06Aug2026 13:12:40.930] [Test worker/WARN] [net.minecraftforge.common.ForgeConfigSpec/CORE]: Incorrect key Messages.messages_provider_no_result was corrected from null to its default, Provider returned no result. 
[06Aug2026 13:12:40.930] [Test worker/WARN] [net.minecraftforge.common.ForgeConfigSpec/CORE]: Incorrect key Messages.messages_metrics_top_players was corrected from null to its default, Top players by refresh count:. 
[06Aug2026 13:12:40.930] [Test worker/WARN] [net.minecraftforge.common.ForgeConfigSpec/CORE]: Incorrect key Messages.messages_metrics_refreshes was corrected from null to its default,  refreshes. 
[06Aug2026 13:12:40.931] [Test worker/WARN] [net.minecraftforge.common.ForgeConfigSpec/CORE]: Incorrect key Messages.messages_metrics_no_refreshes was corrected from null to its default, (no refreshes recorded). 
[06Aug2026 13:12:40.931] [Test worker/WARN] [net.minecraftforge.common.ForgeConfigSpec/CORE]: Incorrect key Messages.messages_metrics_cleanup was corrected from null to its default, Metrics cleanup: pruned %d stale player entries. 
[06Aug2026 13:12:40.931] [Test worker/WARN] [net.minecraftforge.common.ForgeConfigSpec/CORE]: Incorrect key Messages.messages_metrics_reset was corrected from null to its default, Metrics reset. 
[06Aug2026 13:12:40.931] [Test worker/WARN] [net.minecraftforge.common.ForgeConfigSpec/CORE]: Incorrect key Messages.messages_discord_announce was corrected from null to its default, **%s** changed their skin to: `%s`. 
[06Aug2026 13:12:40.932] [Test worker/WARN] [net.minecraftforge.common.ForgeConfigSpec/CORE]: Incorrect key Integration was corrected from null to its default, SimpleCommentedConfig:{}. 
[06Aug2026 13:12:40.932] [Test worker/WARN] [net.minecraftforge.common.ForgeConfigSpec/CORE]: Incorrect key Integration.discordsrv_enabled was corrected from null to its default, false. 
[06Aug2026 13:12:40.933] [Test worker/WARN] [net.minecraftforge.common.ForgeConfigSpec/CORE]: Incorrect key Integration.discordsrv_channel_id was corrected from null to its default, . 
[06Aug2026 13:12:40.934] [Test worker/WARN] [net.minecraftforge.common.ForgeConfigSpec/CORE]: Incorrect key RateLimit was corrected from null to its default, SimpleCommentedConfig:{}. 
[06Aug2026 13:12:40.934] [Test worker/WARN] [net.minecraftforge.common.ForgeConfigSpec/CORE]: Incorrect key RateLimit.cooldown_seconds was corrected from null to its default, 3. 
[06Aug2026 13:12:40.934] [Test worker/WARN] [net.minecraftforge.common.ForgeConfigSpec/CORE]: Incorrect key RateLimit.rate_limit_enabled was corrected from null to its default, true. 
[06Aug2026 13:12:40.935] [Test worker/WARN] [net.minecraftforge.common.ForgeConfigSpec/CORE]: Incorrect key RateLimit.max_commands_per_minute was corrected from null to its default, 5. 
[06Aug2026 13:12:40.935] [Test worker/WARN] [net.minecraftforge.common.ForgeConfigSpec/CORE]: Incorrect key Broadcast was corrected from null to its default, SimpleCommentedConfig:{}. 
[06Aug2026 13:12:40.935] [Test worker/WARN] [net.minecraftforge.common.ForgeConfigSpec/CORE]: Incorrect key Broadcast.dimension_scoped_broadcast was corrected from null to its default, false. 
[06Aug2026 13:12:40.935] [Test worker/WARN] [net.minecraftforge.common.ForgeConfigSpec/CORE]: Incorrect key Broadcast.broadcast_use_bundle was corrected from null to its default, false. 
[06Aug2026 13:12:40.936] [Test worker/WARN] [net.minecraftforge.common.ForgeConfigSpec/CORE]: Incorrect key Broadcast.debounce_millis was corrected from null to its default, 100. 
[06Aug2026 13:12:40.936] [Test worker/WARN] [net.minecraftforge.common.ForgeConfigSpec/CORE]: Incorrect key Broadcast.refresh_via_entity_tracker was corrected from null to its default, true. 
[06Aug2026 13:12:40.936] [Test worker/WARN] [net.minecraftforge.common.ForgeConfigSpec/CORE]: Incorrect key Metrics was corrected from null to its default, SimpleCommentedConfig:{}. 
[06Aug2026 13:12:40.936] [Test worker/WARN] [net.minecraftforge.common.ForgeConfigSpec/CORE]: Incorrect key Metrics.metrics_enabled was corrected from null to its default, true. 
[06Aug2026 13:12:40.937] [Test worker/WARN] [net.minecraftforge.common.ForgeConfigSpec/CORE]: Incorrect key Metrics.metrics_dump_interval_seconds was corrected from null to its default, 60. 
[06Aug2026 13:12:40.937] [Test worker/WARN] [net.minecraftforge.common.ForgeConfigSpec/CORE]: Incorrect key Http was corrected from null to its default, SimpleCommentedConfig:{}. 
[06Aug2026 13:12:40.937] [Test worker/WARN] [net.minecraftforge.common.ForgeConfigSpec/CORE]: Incorrect key Http.http_client_version was corrected from null to its default, HTTP_2. 
[06Aug2026 13:12:40.938] [Test worker/WARN] [net.minecraftforge.common.ForgeConfigSpec/CORE]: Incorrect key Http.http_connect_timeout_seconds was corrected from null to its default, 5. 
[06Aug2026 13:12:40.938] [Test worker/WARN] [net.minecraftforge.common.ForgeConfigSpec/CORE]: Incorrect key MojangCache was corrected from null to its default, SimpleCommentedConfig:{}. 
[06Aug2026 13:12:40.938] [Test worker/WARN] [net.minecraftforge.common.ForgeConfigSpec/CORE]: Incorrect key MojangCache.mojang_profile_cache_enabled was corrected from null to its default, true. 
[06Aug2026 13:12:40.938] [Test worker/WARN] [net.minecraftforge.common.ForgeConfigSpec/CORE]: Incorrect key MojangCache.mojang_profile_cache_ttl_ms was corrected from null to its default, 3600000. 
[06Aug2026 13:12:40.939] [Test worker/WARN] [net.minecraftforge.common.ForgeConfigSpec/CORE]: Incorrect key MojangCache.mojang_profile_cache_max_size was corrected from null to its default, 1000. 
[06Aug2026 13:12:40.939] [Test worker/WARN] [net.minecraftforge.common.ForgeConfigSpec/CORE]: Incorrect key DefaultSkins was corrected from null to its default, SimpleCommentedConfig:{}. 
[06Aug2026 13:12:40.939] [Test worker/WARN] [net.minecraftforge.common.ForgeConfigSpec/CORE]: Incorrect key DefaultSkins.enabled was corrected from null to its default, false. 
[06Aug2026 13:12:40.939] [Test worker/WARN] [net.minecraftforge.common.ForgeConfigSpec/CORE]: Incorrect key DefaultSkins.applyForPremium was corrected from null to its default, false. 
[06Aug2026 13:12:40.939] [Test worker/WARN] [net.minecraftforge.common.ForgeConfigSpec/CORE]: Incorrect key DefaultSkins.list was corrected from null to its default, [Steve, <random>]. 
[06Aug2026 13:12:40.941] [Test worker/WARN] [net.minecraftforge.common.ForgeConfigSpec/CORE]: Incorrect key Security was corrected from null to its default, SimpleCommentedConfig:{}. 
[06Aug2026 13:12:40.941] [Test worker/WARN] [net.minecraftforge.common.ForgeConfigSpec/CORE]: Incorrect key Security.urlAllowlistEnabled was corrected from null to its default, false. 
[06Aug2026 13:12:40.942] [Test worker/WARN] [net.minecraftforge.common.ForgeConfigSpec/CORE]: Incorrect key Security.urlAllowlistDomains was corrected from null to its default, [imgur.com, storage.googleapis.com, cdn.discordapp.com, textures.minecraft.net, namemc.com, crafatar.com, mc-heads.net, githubusercontent.com, minecraftskins.com]. 
[06Aug2026 13:12:40.942] [Test worker/WARN] [net.minecraftforge.common.ForgeConfigSpec/CORE]: Incorrect key Permissions was corrected from null to its default, SimpleCommentedConfig:{}. 
[06Aug2026 13:12:40.943] [Test worker/WARN] [net.minecraftforge.common.ForgeConfigSpec/CORE]: Incorrect key Permissions.op_level was corrected from null to its default, SimpleCommentedConfig:{}. 
[06Aug2026 13:12:40.943] [Test worker/WARN] [net.minecraftforge.common.ForgeConfigSpec/CORE]: Incorrect key Permissions.op_level.mojang was corrected from null to its default, 0. 
[06Aug2026 13:12:40.943] [Test worker/WARN] [net.minecraftforge.common.ForgeConfigSpec/CORE]: Incorrect key Permissions.op_level.url was corrected from null to its default, 2. 
[06Aug2026 13:12:40.943] [Test worker/WARN] [net.minecraftforge.common.ForgeConfigSpec/CORE]: Incorrect key Permissions.op_level.clear was corrected from null to its default, 0. 
[06Aug2026 13:12:40.943] [Test worker/WARN] [net.minecraftforge.common.ForgeConfigSpec/CORE]: Incorrect key Permissions.op_level.random was corrected from null to its default, 0. 
[06Aug2026 13:12:40.944] [Test worker/WARN] [net.minecraftforge.common.ForgeConfigSpec/CORE]: Incorrect key Permissions.op_level.other was corrected from null to its default, 2. 
[06Aug2026 13:12:40.944] [Test worker/WARN] [net.minecraftforge.common.ForgeConfigSpec/CORE]: Incorrect key Permissions.op_level.metrics was corrected from null to its default, 2. 
[06Aug2026 13:12:40.944] [Test worker/WARN] [net.minecraftforge.common.ForgeConfigSpec/CORE]: Incorrect key Permissions.op_level.metrics_reset was corrected from null to its default, 2. 
[06Aug2026 13:12:43.143] [Test worker/WARN] [net.minecraftforge.common.ForgeConfigSpec/CORE]: Configuration file SimpleCommentedConfig:{} is not correct. Correcting
[06Aug2026 13:12:43.144] [Test worker/WARN] [net.minecraftforge.common.ForgeConfigSpec/CORE]: Incorrect key Messages was corrected from null to its default, SimpleCommentedConfig:{}. 
[06Aug2026 13:12:43.144] [Test worker/WARN] [net.minecraftforge.common.ForgeConfigSpec/CORE]: Incorrect key Messages.localization was corrected from null to its default, en. 
[06Aug2026 13:12:43.145] [Test worker/WARN] [net.minecraftforge.common.ForgeConfigSpec/CORE]: Incorrect key Messages.display was corrected from null to its default, true. 
[06Aug2026 13:12:43.145] [Test worker/WARN] [net.minecraftforge.common.ForgeConfigSpec/CORE]: Incorrect key Messages.key was corrected from null to its default, . 
[06Aug2026 13:12:43.146] [Test worker/WARN] [net.minecraftforge.common.ForgeConfigSpec/CORE]: Incorrect key Messages.messages_change was corrected from null to its default, Skin change queued. 
[06Aug2026 13:12:43.146] [Test worker/WARN] [net.minecraftforge.common.ForgeConfigSpec/CORE]: Incorrect key Messages.messages_fulfilled was corrected from null to its default, Skin has been applied.. 
[06Aug2026 13:12:43.147] [Test worker/WARN] [net.minecraftforge.common.ForgeConfigSpec/CORE]: Incorrect key Messages.messages_timeout was corrected from null to its default, Skin fetch timed out.. 
[06Aug2026 13:12:43.148] [Test worker/WARN] [net.minecraftforge.common.ForgeConfigSpec/CORE]: Incorrect key Messages.messages_error was corrected from null to its default, Skin fetch failed.. 
[06Aug2026 13:12:43.148] [Test worker/WARN] [net.minecraftforge.common.ForgeConfigSpec/CORE]: Incorrect key Messages.messages_restored_from was corrected from null to its default, Skin restored from %s. 
[06Aug2026 13:12:43.148] [Test worker/WARN] [net.minecraftforge.common.ForgeConfigSpec/CORE]: Incorrect key Messages.messages_cleared_no_profile was corrected from null to its default, Skin cleared (no Mojang profile found). 
[06Aug2026 13:12:43.149] [Test worker/WARN] [net.minecraftforge.common.ForgeConfigSpec/CORE]: Incorrect key Messages.messages_no_source was corrected from null to its default, No source available. 
[06Aug2026 13:12:43.149] [Test worker/WARN] [net.minecraftforge.common.ForgeConfigSpec/CORE]: Incorrect key Messages.messages_player_only was corrected from null to its default, Player only command. 
[06Aug2026 13:12:43.150] [Test worker/WARN] [net.minecraftforge.common.ForgeConfigSpec/CORE]: Incorrect key Messages.messages_permission_denied was corrected from null to its default, Permission denied. 
[06Aug2026 13:12:43.150] [Test worker/WARN] [net.minecraftforge.common.ForgeConfigSpec/CORE]: Incorrect key Messages.messages_cooldown was corrected from null to its default, Please wait %ds before using /skin again. 
[06Aug2026 13:12:43.150] [Test worker/WARN] [net.minecraftforge.common.ForgeConfigSpec/CORE]: Incorrect key Messages.messages_rate_limited was corrected from null to its default, Too many /skin commands. Try again later.. 
[06Aug2026 13:12:43.150] [Test worker/WARN] [net.minecraftforge.common.ForgeConfigSpec/CORE]: Incorrect key Messages.messages_no_skin_found was corrected from null to its default, No skin found for "%s". 
[06Aug2026 13:12:43.151] [Test worker/WARN] [net.minecraftforge.common.ForgeConfigSpec/CORE]: Incorrect key Messages.messages_no_skin_found_plain was corrected from null to its default, No skin found. 
[06Aug2026 13:12:43.151] [Test worker/WARN] [net.minecraftforge.common.ForgeConfigSpec/CORE]: Incorrect key Messages.messages_mineskin_rejected was corrected from null to its default, MineSkin rejected the URL. 
[06Aug2026 13:12:43.151] [Test worker/WARN] [net.minecraftforge.common.ForgeConfigSpec/CORE]: Incorrect key Messages.messages_no_random_username was corrected from null to its default, No random username available. 
[06Aug2026 13:12:43.151] [Test worker/WARN] [net.minecraftforge.common.ForgeConfigSpec/CORE]: Incorrect key Messages.messages_provider_no_result was corrected from null to its default, Provider returned no result. 
[06Aug2026 13:12:43.152] [Test worker/WARN] [net.minecraftforge.common.ForgeConfigSpec/CORE]: Incorrect key Messages.messages_metrics_top_players was corrected from null to its default, Top players by refresh count:. 
[06Aug2026 13:12:43.152] [Test worker/WARN] [net.minecraftforge.common.ForgeConfigSpec/CORE]: Incorrect key Messages.messages_metrics_refreshes was corrected from null to its default,  refreshes. 
[06Aug2026 13:12:43.152] [Test worker/WARN] [net.minecraftforge.common.ForgeConfigSpec/CORE]: Incorrect key Messages.messages_metrics_no_refreshes was corrected from null to its default, (no refreshes recorded). 
[06Aug2026 13:12:43.153] [Test worker/WARN] [net.minecraftforge.common.ForgeConfigSpec/CORE]: Incorrect key Messages.messages_metrics_cleanup was corrected from null to its default, Metrics cleanup: pruned %d stale player entries. 
[06Aug2026 13:12:43.153] [Test worker/WARN] [net.minecraftforge.common.ForgeConfigSpec/CORE]: Incorrect key Messages.messages_metrics_reset was corrected from null to its default, Metrics reset. 
[06Aug2026 13:12:43.153] [Test worker/WARN] [net.minecraftforge.common.ForgeConfigSpec/CORE]: Incorrect key Messages.messages_discord_announce was corrected from null to its default, **%s** changed their skin to: `%s`. 
[06Aug2026 13:12:43.153] [Test worker/WARN] [net.minecraftforge.common.ForgeConfigSpec/CORE]: Incorrect key Integration was corrected from null to its default, SimpleCommentedConfig:{}. 
[06Aug2026 13:12:43.153] [Test worker/WARN] [net.minecraftforge.common.ForgeConfigSpec/CORE]: Incorrect key Integration.discordsrv_enabled was corrected from null to its default, false. 
[06Aug2026 13:12:43.153] [Test worker/WARN] [net.minecraftforge.common.ForgeConfigSpec/CORE]: Incorrect key Integration.discordsrv_channel_id was corrected from null to its default, . 
[06Aug2026 13:12:43.154] [Test worker/WARN] [net.minecraftforge.common.ForgeConfigSpec/CORE]: Incorrect key RateLimit was corrected from null to its default, SimpleCommentedConfig:{}. 
[06Aug2026 13:12:43.154] [Test worker/WARN] [net.minecraftforge.common.ForgeConfigSpec/CORE]: Incorrect key RateLimit.cooldown_seconds was corrected from null to its default, 3. 
[06Aug2026 13:12:43.154] [Test worker/WARN] [net.minecraftforge.common.ForgeConfigSpec/CORE]: Incorrect key RateLimit.rate_limit_enabled was corrected from null to its default, true. 
[06Aug2026 13:12:43.155] [Test worker/WARN] [net.minecraftforge.common.ForgeConfigSpec/CORE]: Incorrect key RateLimit.max_commands_per_minute was corrected from null to its default, 5. 
[06Aug2026 13:12:43.155] [Test worker/WARN] [net.minecraftforge.common.ForgeConfigSpec/CORE]: Incorrect key Broadcast was corrected from null to its default, SimpleCommentedConfig:{}. 
[06Aug2026 13:12:43.155] [Test worker/WARN] [net.minecraftforge.common.ForgeConfigSpec/CORE]: Incorrect key Broadcast.dimension_scoped_broadcast was corrected from null to its default, false. 
[06Aug2026 13:12:43.155] [Test worker/WARN] [net.minecraftforge.common.ForgeConfigSpec/CORE]: Incorrect key Broadcast.broadcast_use_bundle was corrected from null to its default, false. 
[06Aug2026 13:12:43.155] [Test worker/WARN] [net.minecraftforge.common.ForgeConfigSpec/CORE]: Incorrect key Broadcast.debounce_millis was corrected from null to its default, 100. 
[06Aug2026 13:12:43.156] [Test worker/WARN] [net.minecraftforge.common.ForgeConfigSpec/CORE]: Incorrect key Broadcast.refresh_via_entity_tracker was corrected from null to its default, true. 
[06Aug2026 13:12:43.156] [Test worker/WARN] [net.minecraftforge.common.ForgeConfigSpec/CORE]: Incorrect key Metrics was corrected from null to its default, SimpleCommentedConfig:{}. 
[06Aug2026 13:12:43.156] [Test worker/WARN] [net.minecraftforge.common.ForgeConfigSpec/CORE]: Incorrect key Metrics.metrics_enabled was corrected from null to its default, true. 
[06Aug2026 13:12:43.156] [Test worker/WARN] [net.minecraftforge.common.ForgeConfigSpec/CORE]: Incorrect key Metrics.metrics_dump_interval_seconds was corrected from null to its default, 60. 
[06Aug2026 13:12:43.157] [Test worker/WARN] [net.minecraftforge.common.ForgeConfigSpec/CORE]: Incorrect key Http was corrected from null to its default, SimpleCommentedConfig:{}. 
[06Aug2026 13:12:43.157] [Test worker/WARN] [net.minecraftforge.common.ForgeConfigSpec/CORE]: Incorrect key Http.http_client_version was corrected from null to its default, HTTP_2. 
[06Aug2026 13:12:43.157] [Test worker/WARN] [net.minecraftforge.common.ForgeConfigSpec/CORE]: Incorrect key Http.http_connect_timeout_seconds was corrected from null to its default, 5. 
[06Aug2026 13:12:43.157] [Test worker/WARN] [net.minecraftforge.common.ForgeConfigSpec/CORE]: Incorrect key MojangCache was corrected from null to its default, SimpleCommentedConfig:{}. 
[06Aug2026 13:12:43.157] [Test worker/WARN] [net.minecraftforge.common.ForgeConfigSpec/CORE]: Incorrect key MojangCache.mojang_profile_cache_enabled was corrected from null to its default, true. 
[06Aug2026 13:12:43.157] [Test worker/WARN] [net.minecraftforge.common.ForgeConfigSpec/CORE]: Incorrect key MojangCache.mojang_profile_cache_ttl_ms was corrected from null to its default, 3600000. 
[06Aug2026 13:12:43.158] [Test worker/WARN] [net.minecraftforge.common.ForgeConfigSpec/CORE]: Incorrect key MojangCache.mojang_profile_cache_max_size was corrected from null to its default, 1000. 
[06Aug2026 13:12:43.159] [Test worker/WARN] [net.minecraftforge.common.ForgeConfigSpec/CORE]: Incorrect key DefaultSkins was corrected from null to its default, SimpleCommentedConfig:{}. 
[06Aug2026 13:12:43.159] [Test worker/WARN] [net.minecraftforge.common.ForgeConfigSpec/CORE]: Incorrect key DefaultSkins.enabled was corrected from null to its default, false. 
[06Aug2026 13:12:43.159] [Test worker/WARN] [net.minecraftforge.common.ForgeConfigSpec/CORE]: Incorrect key DefaultSkins.applyForPremium was corrected from null to its default, false. 
[06Aug2026 13:12:43.161] [Test worker/WARN] [net.minecraftforge.common.ForgeConfigSpec/CORE]: Incorrect key DefaultSkins.list was corrected from null to its default, [Steve, <random>]. 
[06Aug2026 13:12:43.161] [Test worker/WARN] [net.minecraftforge.common.ForgeConfigSpec/CORE]: Incorrect key Security was corrected from null to its default, SimpleCommentedConfig:{}. 
[06Aug2026 13:12:43.162] [Test worker/WARN] [net.minecraftforge.common.ForgeConfigSpec/CORE]: Incorrect key Security.urlAllowlistEnabled was corrected from null to its default, false. 
[06Aug2026 13:12:43.162] [Test worker/WARN] [net.minecraftforge.common.ForgeConfigSpec/CORE]: Incorrect key Security.urlAllowlistDomains was corrected from null to its default, [imgur.com, storage.googleapis.com, cdn.discordapp.com, textures.minecraft.net, namemc.com, crafatar.com, mc-heads.net, githubusercontent.com, minecraftskins.com]. 
[06Aug2026 13:12:43.162] [Test worker/WARN] [net.minecraftforge.common.ForgeConfigSpec/CORE]: Incorrect key Permissions was corrected from null to its default, SimpleCommentedConfig:{}. 
[06Aug2026 13:12:43.162] [Test worker/WARN] [net.minecraftforge.common.ForgeConfigSpec/CORE]: Incorrect key Permissions.op_level was corrected from null to its default, SimpleCommentedConfig:{}. 
[06Aug2026 13:12:43.163] [Test worker/WARN] [net.minecraftforge.common.ForgeConfigSpec/CORE]: Incorrect key Permissions.op_level.mojang was corrected from null to its default, 0. 
[06Aug2026 13:12:43.163] [Test worker/WARN] [net.minecraftforge.common.ForgeConfigSpec/CORE]: Incorrect key Permissions.op_level.url was corrected from null to its default, 2. 
[06Aug2026 13:12:43.164] [Test worker/WARN] [net.minecraftforge.common.ForgeConfigSpec/CORE]: Incorrect key Permissions.op_level.clear was corrected from null to its default, 0. 
[06Aug2026 13:12:43.164] [Test worker/WARN] [net.minecraftforge.common.ForgeConfigSpec/CORE]: Incorrect key Permissions.op_level.random was corrected from null to its default, 0. 
[06Aug2026 13:12:43.164] [Test worker/WARN] [net.minecraftforge.common.ForgeConfigSpec/CORE]: Incorrect key Permissions.op_level.other was corrected from null to its default, 2. 
[06Aug2026 13:12:43.165] [Test worker/WARN] [net.minecraftforge.common.ForgeConfigSpec/CORE]: Incorrect key Permissions.op_level.metrics was corrected from null to its default, 2. 
[06Aug2026 13:12:43.165] [Test worker/WARN] [net.minecraftforge.common.ForgeConfigSpec/CORE]: Incorrect key Permissions.op_level.metrics_reset was corrected from null to its default, 2. 
[06Aug2026 13:12:43.184] [Test worker/WARN] [net.minecraftforge.common.ForgeConfigSpec/CORE]: Configuration file SimpleCommentedConfig:{} is not correct. Correcting
[06Aug2026 13:12:43.184] [Test worker/WARN] [net.minecraftforge.common.ForgeConfigSpec/CORE]: Incorrect key Messages was corrected from null to its default, SimpleCommentedConfig:{}. 
[06Aug2026 13:12:43.184] [Test worker/WARN] [net.minecraftforge.common.ForgeConfigSpec/CORE]: Incorrect key Messages.localization was corrected from null to its default, en. 
[06Aug2026 13:12:43.184] [Test worker/WARN] [net.minecraftforge.common.ForgeConfigSpec/CORE]: Incorrect key Messages.display was corrected from null to its default, true. 
[06Aug2026 13:12:43.184] [Test worker/WARN] [net.minecraftforge.common.ForgeConfigSpec/CORE]: Incorrect key Messages.key was corrected from null to its default, . 
[06Aug2026 13:12:43.185] [Test worker/WARN] [net.minecraftforge.common.ForgeConfigSpec/CORE]: Incorrect key Messages.messages_change was corrected from null to its default, Skin change queued. 
[06Aug2026 13:12:43.185] [Test worker/WARN] [net.minecraftforge.common.ForgeConfigSpec/CORE]: Incorrect key Messages.messages_fulfilled was corrected from null to its default, Skin has been applied.. 
[06Aug2026 13:12:43.185] [Test worker/WARN] [net.minecraftforge.common.ForgeConfigSpec/CORE]: Incorrect key Messages.messages_timeout was corrected from null to its default, Skin fetch timed out.. 
[06Aug2026 13:12:43.185] [Test worker/WARN] [net.minecraftforge.common.ForgeConfigSpec/CORE]: Incorrect key Messages.messages_error was corrected from null to its default, Skin fetch failed.. 
[06Aug2026 13:12:43.186] [Test worker/WARN] [net.minecraftforge.common.ForgeConfigSpec/CORE]: Incorrect key Messages.messages_restored_from was corrected from null to its default, Skin restored from %s. 
[06Aug2026 13:12:43.186] [Test worker/WARN] [net.minecraftforge.common.ForgeConfigSpec/CORE]: Incorrect key Messages.messages_cleared_no_profile was corrected from null to its default, Skin cleared (no Mojang profile found). 
[06Aug2026 13:12:43.186] [Test worker/WARN] [net.minecraftforge.common.ForgeConfigSpec/CORE]: Incorrect key Messages.messages_no_source was corrected from null to its default, No source available. 
[06Aug2026 13:12:43.186] [Test worker/WARN] [net.minecraftforge.common.ForgeConfigSpec/CORE]: Incorrect key Messages.messages_player_only was corrected from null to its default, Player only command. 
[06Aug2026 13:12:43.186] [Test worker/WARN] [net.minecraftforge.common.ForgeConfigSpec/CORE]: Incorrect key Messages.messages_permission_denied was corrected from null to its default, Permission denied. 
[06Aug2026 13:12:43.186] [Test worker/WARN] [net.minecraftforge.common.ForgeConfigSpec/CORE]: Incorrect key Messages.messages_cooldown was corrected from null to its default, Please wait %ds before using /skin again. 
[06Aug2026 13:12:43.186] [Test worker/WARN] [net.minecraftforge.common.ForgeConfigSpec/CORE]: Incorrect key Messages.messages_rate_limited was corrected from null to its default, Too many /skin commands. Try again later.. 
[06Aug2026 13:12:43.187] [Test worker/WARN] [net.minecraftforge.common.ForgeConfigSpec/CORE]: Incorrect key Messages.messages_no_skin_found was corrected from null to its default, No skin found for "%s". 
[06Aug2026 13:12:43.187] [Test worker/WARN] [net.minecraftforge.common.ForgeConfigSpec/CORE]: Incorrect key Messages.messages_no_skin_found_plain was corrected from null to its default, No skin found. 
[06Aug2026 13:12:43.187] [Test worker/WARN] [net.minecraftforge.common.ForgeConfigSpec/CORE]: Incorrect key Messages.messages_mineskin_rejected was corrected from null to its default, MineSkin rejected the URL. 
[06Aug2026 13:12:43.187] [Test worker/WARN] [net.minecraftforge.common.ForgeConfigSpec/CORE]: Incorrect key Messages.messages_no_random_username was corrected from null to its default, No random username available. 
[06Aug2026 13:12:43.187] [Test worker/WARN] [net.minecraftforge.common.ForgeConfigSpec/CORE]: Incorrect key Messages.messages_provider_no_result was corrected from null to its default, Provider returned no result. 
[06Aug2026 13:12:43.187] [Test worker/WARN] [net.minecraftforge.common.ForgeConfigSpec/CORE]: Incorrect key Messages.messages_metrics_top_players was corrected from null to its default, Top players by refresh count:. 
[06Aug2026 13:12:43.187] [Test worker/WARN] [net.minecraftforge.common.ForgeConfigSpec/CORE]: Incorrect key Messages.messages_metrics_refreshes was corrected from null to its default,  refreshes. 
[06Aug2026 13:12:43.188] [Test worker/WARN] [net.minecraftforge.common.ForgeConfigSpec/CORE]: Incorrect key Messages.messages_metrics_no_refreshes was corrected from null to its default, (no refreshes recorded). 
[06Aug2026 13:12:43.188] [Test worker/WARN] [net.minecraftforge.common.ForgeConfigSpec/CORE]: Incorrect key Messages.messages_metrics_cleanup was corrected from null to its default, Metrics cleanup: pruned %d stale player entries. 
[06Aug2026 13:12:43.188] [Test worker/WARN] [net.minecraftforge.common.ForgeConfigSpec/CORE]: Incorrect key Messages.messages_metrics_reset was corrected from null to its default, Metrics reset. 
[06Aug2026 13:12:43.188] [Test worker/WARN] [net.minecraftforge.common.ForgeConfigSpec/CORE]: Incorrect key Messages.messages_discord_announce was corrected from null to its default, **%s** changed their skin to: `%s`. 
[06Aug2026 13:12:43.189] [Test worker/WARN] [net.minecraftforge.common.ForgeConfigSpec/CORE]: Incorrect key Integration was corrected from null to its default, SimpleCommentedConfig:{}. 
[06Aug2026 13:12:43.189] [Test worker/WARN] [net.minecraftforge.common.ForgeConfigSpec/CORE]: Incorrect key Integration.discordsrv_enabled was corrected from null to its default, false. 
[06Aug2026 13:12:43.189] [Test worker/WARN] [net.minecraftforge.common.ForgeConfigSpec/CORE]: Incorrect key Integration.discordsrv_channel_id was corrected from null to its default, . 
[06Aug2026 13:12:43.189] [Test worker/WARN] [net.minecraftforge.common.ForgeConfigSpec/CORE]: Incorrect key RateLimit was corrected from null to its default, SimpleCommentedConfig:{}. 
[06Aug2026 13:12:43.189] [Test worker/WARN] [net.minecraftforge.common.ForgeConfigSpec/CORE]: Incorrect key RateLimit.cooldown_seconds was corrected from null to its default, 3. 
[06Aug2026 13:12:43.189] [Test worker/WARN] [net.minecraftforge.common.ForgeConfigSpec/CORE]: Incorrect key RateLimit.rate_limit_enabled was corrected from null to its default, true. 
[06Aug2026 13:12:43.189] [Test worker/WARN] [net.minecraftforge.common.ForgeConfigSpec/CORE]: Incorrect key RateLimit.max_commands_per_minute was corrected from null to its default, 5. 
[06Aug2026 13:12:43.190] [Test worker/WARN] [net.minecraftforge.common.ForgeConfigSpec/CORE]: Incorrect key Broadcast was corrected from null to its default, SimpleCommentedConfig:{}. 
[06Aug2026 13:12:43.190] [Test worker/WARN] [net.minecraftforge.common.ForgeConfigSpec/CORE]: Incorrect key Broadcast.dimension_scoped_broadcast was corrected from null to its default, false. 
[06Aug2026 13:12:43.190] [Test worker/WARN] [net.minecraftforge.common.ForgeConfigSpec/CORE]: Incorrect key Broadcast.broadcast_use_bundle was corrected from null to its default, false. 
[06Aug2026 13:12:43.190] [Test worker/WARN] [net.minecraftforge.common.ForgeConfigSpec/CORE]: Incorrect key Broadcast.debounce_millis was corrected from null to its default, 100. 
[06Aug2026 13:12:43.191] [Test worker/WARN] [net.minecraftforge.common.ForgeConfigSpec/CORE]: Incorrect key Broadcast.refresh_via_entity_tracker was corrected from null to its default, true. 
[06Aug2026 13:12:43.191] [Test worker/WARN] [net.minecraftforge.common.ForgeConfigSpec/CORE]: Incorrect key Metrics was corrected from null to its default, SimpleCommentedConfig:{}. 
[06Aug2026 13:12:43.191] [Test worker/WARN] [net.minecraftforge.common.ForgeConfigSpec/CORE]: Incorrect key Metrics.metrics_enabled was corrected from null to its default, true. 
[06Aug2026 13:12:43.191] [Test worker/WARN] [net.minecraftforge.common.ForgeConfigSpec/CORE]: Incorrect key Metrics.metrics_dump_interval_seconds was corrected from null to its default, 60. 
[06Aug2026 13:12:43.192] [Test worker/WARN] [net.minecraftforge.common.ForgeConfigSpec/CORE]: Incorrect key Http was corrected from null to its default, SimpleCommentedConfig:{}. 
[06Aug2026 13:12:43.192] [Test worker/WARN] [net.minecraftforge.common.ForgeConfigSpec/CORE]: Incorrect key Http.http_client_version was corrected from null to its default, HTTP_2. 
[06Aug2026 13:12:43.192] [Test worker/WARN] [net.minecraftforge.common.ForgeConfigSpec/CORE]: Incorrect key Http.http_connect_timeout_seconds was corrected from null to its default, 5. 
[06Aug2026 13:12:43.192] [Test worker/WARN] [net.minecraftforge.common.ForgeConfigSpec/CORE]: Incorrect key MojangCache was corrected from null to its default, SimpleCommentedConfig:{}. 
[06Aug2026 13:12:43.192] [Test worker/WARN] [net.minecraftforge.common.ForgeConfigSpec/CORE]: Incorrect key MojangCache.mojang_profile_cache_enabled was corrected from null to its default, true. 
[06Aug2026 13:12:43.192] [Test worker/WARN] [net.minecraftforge.common.ForgeConfigSpec/CORE]: Incorrect key MojangCache.mojang_profile_cache_ttl_ms was corrected from null to its default, 3600000. 
[06Aug2026 13:12:43.193] [Test worker/WARN] [net.minecraftforge.common.ForgeConfigSpec/CORE]: Incorrect key MojangCache.mojang_profile_cache_max_size was corrected from null to its default, 1000. 
[06Aug2026 13:12:43.193] [Test worker/WARN] [net.minecraftforge.common.ForgeConfigSpec/CORE]: Incorrect key DefaultSkins was corrected from null to its default, SimpleCommentedConfig:{}. 
[06Aug2026 13:12:43.193] [Test worker/WARN] [net.minecraftforge.common.ForgeConfigSpec/CORE]: Incorrect key DefaultSkins.enabled was corrected from null to its default, false. 
[06Aug2026 13:12:43.193] [Test worker/WARN] [net.minecraftforge.common.ForgeConfigSpec/CORE]: Incorrect key DefaultSkins.applyForPremium was corrected from null to its default, false. 
[06Aug2026 13:12:43.193] [Test worker/WARN] [net.minecraftforge.common.ForgeConfigSpec/CORE]: Incorrect key DefaultSkins.list was corrected from null to its default, [Steve, <random>]. 
[06Aug2026 13:12:43.194] [Test worker/WARN] [net.minecraftforge.common.ForgeConfigSpec/CORE]: Incorrect key Security was corrected from null to its default, SimpleCommentedConfig:{}. 
[06Aug2026 13:12:43.194] [Test worker/WARN] [net.minecraftforge.common.ForgeConfigSpec/CORE]: Incorrect key Security.urlAllowlistEnabled was corrected from null to its default, false. 
[06Aug2026 13:12:43.194] [Test worker/WARN] [net.minecraftforge.common.ForgeConfigSpec/CORE]: Incorrect key Security.urlAllowlistDomains was corrected from null to its default, [imgur.com, storage.googleapis.com, cdn.discordapp.com, textures.minecraft.net, namemc.com, crafatar.com, mc-heads.net, githubusercontent.com, minecraftskins.com]. 
[06Aug2026 13:12:43.194] [Test worker/WARN] [net.minecraftforge.common.ForgeConfigSpec/CORE]: Incorrect key Permissions was corrected from null to its default, SimpleCommentedConfig:{}. 
[06Aug2026 13:12:43.195] [Test worker/WARN] [net.minecraftforge.common.ForgeConfigSpec/CORE]: Incorrect key Permissions.op_level was corrected from null to its default, SimpleCommentedConfig:{}. 
[06Aug2026 13:12:43.195] [Test worker/WARN] [net.minecraftforge.common.ForgeConfigSpec/CORE]: Incorrect key Permissions.op_level.mojang was corrected from null to its default, 0. 
[06Aug2026 13:12:43.195] [Test worker/WARN] [net.minecraftforge.common.ForgeConfigSpec/CORE]: Incorrect key Permissions.op_level.url was corrected from null to its default, 2. 
[06Aug2026 13:12:43.195] [Test worker/WARN] [net.minecraftforge.common.ForgeConfigSpec/CORE]: Incorrect key Permissions.op_level.clear was corrected from null to its default, 0. 
[06Aug2026 13:12:43.195] [Test worker/WARN] [net.minecraftforge.common.ForgeConfigSpec/CORE]: Incorrect key Permissions.op_level.random was corrected from null to its default, 0. 
[06Aug2026 13:12:43.195] [Test worker/WARN] [net.minecraftforge.common.ForgeConfigSpec/CORE]: Incorrect key Permissions.op_level.other was corrected from null to its default, 2. 
[06Aug2026 13:12:43.195] [Test worker/WARN] [net.minecraftforge.common.ForgeConfigSpec/CORE]: Incorrect key Permissions.op_level.metrics was corrected from null to its default, 2. 
[06Aug2026 13:12:43.195] [Test worker/WARN] [net.minecraftforge.common.ForgeConfigSpec/CORE]: Incorrect key Permissions.op_level.metrics_reset was corrected from null to its default, 2. 
[06Aug2026 13:12:43.209] [Test worker/WARN] [net.minecraftforge.common.ForgeConfigSpec/CORE]: Configuration file SimpleCommentedConfig:{} is not correct. Correcting
[06Aug2026 13:12:43.210] [Test worker/WARN] [net.minecraftforge.common.ForgeConfigSpec/CORE]: Incorrect key Messages was corrected from null to its default, SimpleCommentedConfig:{}. 
[06Aug2026 13:12:43.210] [Test worker/WARN] [net.minecraftforge.common.ForgeConfigSpec/CORE]: Incorrect key Messages.localization was corrected from null to its default, en. 
[06Aug2026 13:12:43.210] [Test worker/WARN] [net.minecraftforge.common.ForgeConfigSpec/CORE]: Incorrect key Messages.display was corrected from null to its default, true. 
[06Aug2026 13:12:43.210] [Test worker/WARN] [net.minecraftforge.common.ForgeConfigSpec/CORE]: Incorrect key Messages.key was corrected from null to its default, . 
[06Aug2026 13:12:43.211] [Test worker/WARN] [net.minecraftforge.common.ForgeConfigSpec/CORE]: Incorrect key Messages.messages_change was corrected from null to its default, Skin change queued. 
[06Aug2026 13:12:43.211] [Test worker/WARN] [net.minecraftforge.common.ForgeConfigSpec/CORE]: Incorrect key Messages.messages_fulfilled was corrected from null to its default, Skin has been applied.. 
[06Aug2026 13:12:43.211] [Test worker/WARN] [net.minecraftforge.common.ForgeConfigSpec/CORE]: Incorrect key Messages.messages_timeout was corrected from null to its default, Skin fetch timed out.. 
[06Aug2026 13:12:43.211] [Test worker/WARN] [net.minecraftforge.common.ForgeConfigSpec/CORE]: Incorrect key Messages.messages_error was corrected from null to its default, Skin fetch failed.. 
[06Aug2026 13:12:43.211] [Test worker/WARN] [net.minecraftforge.common.ForgeConfigSpec/CORE]: Incorrect key Messages.messages_restored_from was corrected from null to its default, Skin restored from %s. 
[06Aug2026 13:12:43.211] [Test worker/WARN] [net.minecraftforge.common.ForgeConfigSpec/CORE]: Incorrect key Messages.messages_cleared_no_profile was corrected from null to its default, Skin cleared (no Mojang profile found). 
[06Aug2026 13:12:43.211] [Test worker/WARN] [net.minecraftforge.common.ForgeConfigSpec/CORE]: Incorrect key Messages.messages_no_source was corrected from null to its default, No source available. 
[06Aug2026 13:12:43.212] [Test worker/WARN] [net.minecraftforge.common.ForgeConfigSpec/CORE]: Incorrect key Messages.messages_player_only was corrected from null to its default, Player only command. 
[06Aug2026 13:12:43.212] [Test worker/WARN] [net.minecraftforge.common.ForgeConfigSpec/CORE]: Incorrect key Messages.messages_permission_denied was corrected from null to its default, Permission denied. 
[06Aug2026 13:12:43.212] [Test worker/WARN] [net.minecraftforge.common.ForgeConfigSpec/CORE]: Incorrect key Messages.messages_cooldown was corrected from null to its default, Please wait %ds before using /skin again. 
[06Aug2026 13:12:43.212] [Test worker/WARN] [net.minecraftforge.common.ForgeConfigSpec/CORE]: Incorrect key Messages.messages_rate_limited was corrected from null to its default, Too many /skin commands. Try again later.. 
[06Aug2026 13:12:43.212] [Test worker/WARN] [net.minecraftforge.common.ForgeConfigSpec/CORE]: Incorrect key Messages.messages_no_skin_found was corrected from null to its default, No skin found for "%s". 
[06Aug2026 13:12:43.212] [Test worker/WARN] [net.minecraftforge.common.ForgeConfigSpec/CORE]: Incorrect key Messages.messages_no_skin_found_plain was corrected from null to its default, No skin found. 
[06Aug2026 13:12:43.212] [Test worker/WARN] [net.minecraftforge.common.ForgeConfigSpec/CORE]: Incorrect key Messages.messages_mineskin_rejected was corrected from null to its default, MineSkin rejected the URL. 
[06Aug2026 13:12:43.213] [Test worker/WARN] [net.minecraftforge.common.ForgeConfigSpec/CORE]: Incorrect key Messages.messages_no_random_username was corrected from null to its default, No random username available. 
[06Aug2026 13:12:43.213] [Test worker/WARN] [net.minecraftforge.common.ForgeConfigSpec/CORE]: Incorrect key Messages.messages_provider_no_result was corrected from null to its default, Provider returned no result. 
[06Aug2026 13:12:43.213] [Test worker/WARN] [net.minecraftforge.common.ForgeConfigSpec/CORE]: Incorrect key Messages.messages_metrics_top_players was corrected from null to its default, Top players by refresh count:. 
[06Aug2026 13:12:43.213] [Test worker/WARN] [net.minecraftforge.common.ForgeConfigSpec/CORE]: Incorrect key Messages.messages_metrics_refreshes was corrected from null to its default,  refreshes. 
[06Aug2026 13:12:43.213] [Test worker/WARN] [net.minecraftforge.common.ForgeConfigSpec/CORE]: Incorrect key Messages.messages_metrics_no_refreshes was corrected from null to its default, (no refreshes recorded). 
[06Aug2026 13:12:43.213] [Test worker/WARN] [net.minecraftforge.common.ForgeConfigSpec/CORE]: Incorrect key Messages.messages_metrics_cleanup was corrected from null to its default, Metrics cleanup: pruned %d stale player entries. 
[06Aug2026 13:12:43.213] [Test worker/WARN] [net.minecraftforge.common.ForgeConfigSpec/CORE]: Incorrect key Messages.messages_metrics_reset was corrected from null to its default, Metrics reset. 
[06Aug2026 13:12:43.213] [Test worker/WARN] [net.minecraftforge.common.ForgeConfigSpec/CORE]: Incorrect key Messages.messages_discord_announce was corrected from null to its default, **%s** changed their skin to: `%s`. 
[06Aug2026 13:12:43.213] [Test worker/WARN] [net.minecraftforge.common.ForgeConfigSpec/CORE]: Incorrect key Integration was corrected from null to its default, SimpleCommentedConfig:{}. 
[06Aug2026 13:12:43.213] [Test worker/WARN] [net.minecraftforge.common.ForgeConfigSpec/CORE]: Incorrect key Integration.discordsrv_enabled was corrected from null to its default, false. 
[06Aug2026 13:12:43.214] [Test worker/WARN] [net.minecraftforge.common.ForgeConfigSpec/CORE]: Incorrect key Integration.discordsrv_channel_id was corrected from null to its default, . 
[06Aug2026 13:12:43.214] [Test worker/WARN] [net.minecraftforge.common.ForgeConfigSpec/CORE]: Incorrect key RateLimit was corrected from null to its default, SimpleCommentedConfig:{}. 
[06Aug2026 13:12:43.214] [Test worker/WARN] [net.minecraftforge.common.ForgeConfigSpec/CORE]: Incorrect key RateLimit.cooldown_seconds was corrected from null to its default, 3. 
[06Aug2026 13:12:43.214] [Test worker/WARN] [net.minecraftforge.common.ForgeConfigSpec/CORE]: Incorrect key RateLimit.rate_limit_enabled was corrected from null to its default, true. 
[06Aug2026 13:12:43.215] [Test worker/WARN] [net.minecraftforge.common.ForgeConfigSpec/CORE]: Incorrect key RateLimit.max_commands_per_minute was corrected from null to its default, 5. 
[06Aug2026 13:12:43.215] [Test worker/WARN] [net.minecraftforge.common.ForgeConfigSpec/CORE]: Incorrect key Broadcast was corrected from null to its default, SimpleCommentedConfig:{}. 
[06Aug2026 13:12:43.215] [Test worker/WARN] [net.minecraftforge.common.ForgeConfigSpec/CORE]: Incorrect key Broadcast.dimension_scoped_broadcast was corrected from null to its default, false. 
[06Aug2026 13:12:43.215] [Test worker/WARN] [net.minecraftforge.common.ForgeConfigSpec/CORE]: Incorrect key Broadcast.broadcast_use_bundle was corrected from null to its default, false. 
[06Aug2026 13:12:43.216] [Test worker/WARN] [net.minecraftforge.common.ForgeConfigSpec/CORE]: Incorrect key Broadcast.debounce_millis was corrected from null to its default, 100. 
[06Aug2026 13:12:43.216] [Test worker/WARN] [net.minecraftforge.common.ForgeConfigSpec/CORE]: Incorrect key Broadcast.refresh_via_entity_tracker was corrected from null to its default, true. 
[06Aug2026 13:12:43.216] [Test worker/WARN] [net.minecraftforge.common.ForgeConfigSpec/CORE]: Incorrect key Metrics was corrected from null to its default, SimpleCommentedConfig:{}. 
[06Aug2026 13:12:43.216] [Test worker/WARN] [net.minecraftforge.common.ForgeConfigSpec/CORE]: Incorrect key Metrics.metrics_enabled was corrected from null to its default, true. 
[06Aug2026 13:12:43.216] [Test worker/WARN] [net.minecraftforge.common.ForgeConfigSpec/CORE]: Incorrect key Metrics.metrics_dump_interval_seconds was corrected from null to its default, 60. 
[06Aug2026 13:12:43.217] [Test worker/WARN] [net.minecraftforge.common.ForgeConfigSpec/CORE]: Incorrect key Http was corrected from null to its default, SimpleCommentedConfig:{}. 
[06Aug2026 13:12:43.217] [Test worker/WARN] [net.minecraftforge.common.ForgeConfigSpec/CORE]: Incorrect key Http.http_client_version was corrected from null to its default, HTTP_2. 
[06Aug2026 13:12:43.217] [Test worker/WARN] [net.minecraftforge.common.ForgeConfigSpec/CORE]: Incorrect key Http.http_connect_timeout_seconds was corrected from null to its default, 5. 
[06Aug2026 13:12:43.217] [Test worker/WARN] [net.minecraftforge.common.ForgeConfigSpec/CORE]: Incorrect key MojangCache was corrected from null to its default, SimpleCommentedConfig:{}. 
[06Aug2026 13:12:43.217] [Test worker/WARN] [net.minecraftforge.common.ForgeConfigSpec/CORE]: Incorrect key MojangCache.mojang_profile_cache_enabled was corrected from null to its default, true. 
[06Aug2026 13:12:43.218] [Test worker/WARN] [net.minecraftforge.common.ForgeConfigSpec/CORE]: Incorrect key MojangCache.mojang_profile_cache_ttl_ms was corrected from null to its default, 3600000. 
[06Aug2026 13:12:43.218] [Test worker/WARN] [net.minecraftforge.common.ForgeConfigSpec/CORE]: Incorrect key MojangCache.mojang_profile_cache_max_size was corrected from null to its default, 1000. 
[06Aug2026 13:12:43.218] [Test worker/WARN] [net.minecraftforge.common.ForgeConfigSpec/CORE]: Incorrect key DefaultSkins was corrected from null to its default, SimpleCommentedConfig:{}. 
[06Aug2026 13:12:43.219] [Test worker/WARN] [net.minecraftforge.common.ForgeConfigSpec/CORE]: Incorrect key DefaultSkins.enabled was corrected from null to its default, false. 
[06Aug2026 13:12:43.219] [Test worker/WARN] [net.minecraftforge.common.ForgeConfigSpec/CORE]: Incorrect key DefaultSkins.applyForPremium was corrected from null to its default, false. 
[06Aug2026 13:12:43.219] [Test worker/WARN] [net.minecraftforge.common.ForgeConfigSpec/CORE]: Incorrect key DefaultSkins.list was corrected from null to its default, [Steve, <random>]. 
[06Aug2026 13:12:43.219] [Test worker/WARN] [net.minecraftforge.common.ForgeConfigSpec/CORE]: Incorrect key Security was corrected from null to its default, SimpleCommentedConfig:{}. 
[06Aug2026 13:12:43.219] [Test worker/WARN] [net.minecraftforge.common.ForgeConfigSpec/CORE]: Incorrect key Security.urlAllowlistEnabled was corrected from null to its default, false. 
[06Aug2026 13:12:43.220] [Test worker/WARN] [net.minecraftforge.common.ForgeConfigSpec/CORE]: Incorrect key Security.urlAllowlistDomains was corrected from null to its default, [imgur.com, storage.googleapis.com, cdn.discordapp.com, textures.minecraft.net, namemc.com, crafatar.com, mc-heads.net, githubusercontent.com, minecraftskins.com]. 
[06Aug2026 13:12:43.220] [Test worker/WARN] [net.minecraftforge.common.ForgeConfigSpec/CORE]: Incorrect key Permissions was corrected from null to its default, SimpleCommentedConfig:{}. 
[06Aug2026 13:12:43.220] [Test worker/WARN] [net.minecraftforge.common.ForgeConfigSpec/CORE]: Incorrect key Permissions.op_level was corrected from null to its default, SimpleCommentedConfig:{}. 
[06Aug2026 13:12:43.220] [Test worker/WARN] [net.minecraftforge.common.ForgeConfigSpec/CORE]: Incorrect key Permissions.op_level.mojang was corrected from null to its default, 0. 
[06Aug2026 13:12:43.222] [Test worker/WARN] [net.minecraftforge.common.ForgeConfigSpec/CORE]: Incorrect key Permissions.op_level.url was corrected from null to its default, 2. 
[06Aug2026 13:12:43.222] [Test worker/WARN] [net.minecraftforge.common.ForgeConfigSpec/CORE]: Incorrect key Permissions.op_level.clear was corrected from null to its default, 0. 
[06Aug2026 13:12:43.223] [Test worker/WARN] [net.minecraftforge.common.ForgeConfigSpec/CORE]: Incorrect key Permissions.op_level.random was corrected from null to its default, 0. 
[06Aug2026 13:12:43.223] [Test worker/WARN] [net.minecraftforge.common.ForgeConfigSpec/CORE]: Incorrect key Permissions.op_level.other was corrected from null to its default, 2. 
[06Aug2026 13:12:43.223] [Test worker/WARN] [net.minecraftforge.common.ForgeConfigSpec/CORE]: Incorrect key Permissions.op_level.metrics was corrected from null to its default, 2. 
[06Aug2026 13:12:43.223] [Test worker/WARN] [net.minecraftforge.common.ForgeConfigSpec/CORE]: Incorrect key Permissions.op_level.metrics_reset was corrected from null to its default, 2. 
[06Aug2026 13:12:43.253] [Test worker/WARN] [net.minecraftforge.common.ForgeConfigSpec/CORE]: Configuration file SimpleCommentedConfig:{} is not correct. Correcting
[06Aug2026 13:12:43.253] [Test worker/WARN] [net.minecraftforge.common.ForgeConfigSpec/CORE]: Incorrect key Messages was corrected from null to its default, SimpleCommentedConfig:{}. 
[06Aug2026 13:12:43.254] [Test worker/WARN] [net.minecraftforge.common.ForgeConfigSpec/CORE]: Incorrect key Messages.localization was corrected from null to its default, en. 
[06Aug2026 13:12:43.254] [Test worker/WARN] [net.minecraftforge.common.ForgeConfigSpec/CORE]: Incorrect key Messages.display was corrected from null to its default, true. 
[06Aug2026 13:12:43.254] [Test worker/WARN] [net.minecraftforge.common.ForgeConfigSpec/CORE]: Incorrect key Messages.key was corrected from null to its default, . 
[06Aug2026 13:12:43.254] [Test worker/WARN] [net.minecraftforge.common.ForgeConfigSpec/CORE]: Incorrect key Messages.messages_change was corrected from null to its default, Skin change queued. 
[06Aug2026 13:12:43.254] [Test worker/WARN] [net.minecraftforge.common.ForgeConfigSpec/CORE]: Incorrect key Messages.messages_fulfilled was corrected from null to its default, Skin has been applied.. 
[06Aug2026 13:12:43.254] [Test worker/WARN] [net.minecraftforge.common.ForgeConfigSpec/CORE]: Incorrect key Messages.messages_timeout was corrected from null to its default, Skin fetch timed out.. 
[06Aug2026 13:12:43.255] [Test worker/WARN] [net.minecraftforge.common.ForgeConfigSpec/CORE]: Incorrect key Messages.messages_error was corrected from null to its default, Skin fetch failed.. 
[06Aug2026 13:12:43.255] [Test worker/WARN] [net.minecraftforge.common.ForgeConfigSpec/CORE]: Incorrect key Messages.messages_restored_from was corrected from null to its default, Skin restored from %s. 
[06Aug2026 13:12:43.255] [Test worker/WARN] [net.minecraftforge.common.ForgeConfigSpec/CORE]: Incorrect key Messages.messages_cleared_no_profile was corrected from null to its default, Skin cleared (no Mojang profile found). 
[06Aug2026 13:12:43.255] [Test worker/WARN] [net.minecraftforge.common.ForgeConfigSpec/CORE]: Incorrect key Messages.messages_no_source was corrected from null to its default, No source available. 
[06Aug2026 13:12:43.255] [Test worker/WARN] [net.minecraftforge.common.ForgeConfigSpec/CORE]: Incorrect key Messages.messages_player_only was corrected from null to its default, Player only command. 
[06Aug2026 13:12:43.255] [Test worker/WARN] [net.minecraftforge.common.ForgeConfigSpec/CORE]: Incorrect key Messages.messages_permission_denied was corrected from null to its default, Permission denied. 
[06Aug2026 13:12:43.255] [Test worker/WARN] [net.minecraftforge.common.ForgeConfigSpec/CORE]: Incorrect key Messages.messages_cooldown was corrected from null to its default, Please wait %ds before using /skin again. 
[06Aug2026 13:12:43.255] [Test worker/WARN] [net.minecraftforge.common.ForgeConfigSpec/CORE]: Incorrect key Messages.messages_rate_limited was corrected from null to its default, Too many /skin commands. Try again later.. 
[06Aug2026 13:12:43.255] [Test worker/WARN] [net.minecraftforge.common.ForgeConfigSpec/CORE]: Incorrect key Messages.messages_no_skin_found was corrected from null to its default, No skin found for "%s". 
[06Aug2026 13:12:43.255] [Test worker/WARN] [net.minecraftforge.common.ForgeConfigSpec/CORE]: Incorrect key Messages.messages_no_skin_found_plain was corrected from null to its default, No skin found. 
[06Aug2026 13:12:43.255] [Test worker/WARN] [net.minecraftforge.common.ForgeConfigSpec/CORE]: Incorrect key Messages.messages_mineskin_rejected was corrected from null to its default, MineSkin rejected the URL. 
[06Aug2026 13:12:43.255] [Test worker/WARN] [net.minecraftforge.common.ForgeConfigSpec/CORE]: Incorrect key Messages.messages_no_random_username was corrected from null to its default, No random username available. 
[06Aug2026 13:12:43.256] [Test worker/WARN] [net.minecraftforge.common.ForgeConfigSpec/CORE]: Incorrect key Messages.messages_provider_no_result was corrected from null to its default, Provider returned no result. 
[06Aug2026 13:12:43.256] [Test worker/WARN] [net.minecraftforge.common.ForgeConfigSpec/CORE]: Incorrect key Messages.messages_metrics_top_players was corrected from null to its default, Top players by refresh count:. 
[06Aug2026 13:12:43.256] [Test worker/WARN] [net.minecraftforge.common.ForgeConfigSpec/CORE]: Incorrect key Messages.messages_metrics_refreshes was corrected from null to its default,  refreshes. 
[06Aug2026 13:12:43.256] [Test worker/WARN] [net.minecraftforge.common.ForgeConfigSpec/CORE]: Incorrect key Messages.messages_metrics_no_refreshes was corrected from null to its default, (no refreshes recorded). 
[06Aug2026 13:12:43.256] [Test worker/WARN] [net.minecraftforge.common.ForgeConfigSpec/CORE]: Incorrect key Messages.messages_metrics_cleanup was corrected from null to its default, Metrics cleanup: pruned %d stale player entries. 
[06Aug2026 13:12:43.256] [Test worker/WARN] [net.minecraftforge.common.ForgeConfigSpec/CORE]: Incorrect key Messages.messages_metrics_reset was corrected from null to its default, Metrics reset. 
[06Aug2026 13:12:43.256] [Test worker/WARN] [net.minecraftforge.common.ForgeConfigSpec/CORE]: Incorrect key Messages.messages_discord_announce was corrected from null to its default, **%s** changed their skin to: `%s`. 
[06Aug2026 13:12:43.256] [Test worker/WARN] [net.minecraftforge.common.ForgeConfigSpec/CORE]: Incorrect key Integration was corrected from null to its default, SimpleCommentedConfig:{}. 
[06Aug2026 13:12:43.256] [Test worker/WARN] [net.minecraftforge.common.ForgeConfigSpec/CORE]: Incorrect key Integration.discordsrv_enabled was corrected from null to its default, false. 
[06Aug2026 13:12:43.256] [Test worker/WARN] [net.minecraftforge.common.ForgeConfigSpec/CORE]: Incorrect key Integration.discordsrv_channel_id was corrected from null to its default, . 
[06Aug2026 13:12:43.257] [Test worker/WARN] [net.minecraftforge.common.ForgeConfigSpec/CORE]: Incorrect key RateLimit was corrected from null to its default, SimpleCommentedConfig:{}. 
[06Aug2026 13:12:43.257] [Test worker/WARN] [net.minecraftforge.common.ForgeConfigSpec/CORE]: Incorrect key RateLimit.cooldown_seconds was corrected from null to its default, 3. 
[06Aug2026 13:12:43.257] [Test worker/WARN] [net.minecraftforge.common.ForgeConfigSpec/CORE]: Incorrect key RateLimit.rate_limit_enabled was corrected from null to its default, true. 
[06Aug2026 13:12:43.257] [Test worker/WARN] [net.minecraftforge.common.ForgeConfigSpec/CORE]: Incorrect key RateLimit.max_commands_per_minute was corrected from null to its default, 5. 
[06Aug2026 13:12:43.257] [Test worker/WARN] [net.minecraftforge.common.ForgeConfigSpec/CORE]: Incorrect key Broadcast was corrected from null to its default, SimpleCommentedConfig:{}. 
[06Aug2026 13:12:43.257] [Test worker/WARN] [net.minecraftforge.common.ForgeConfigSpec/CORE]: Incorrect key Broadcast.dimension_scoped_broadcast was corrected from null to its default, false. 
[06Aug2026 13:12:43.257] [Test worker/WARN] [net.minecraftforge.common.ForgeConfigSpec/CORE]: Incorrect key Broadcast.broadcast_use_bundle was corrected from null to its default, false. 
[06Aug2026 13:12:43.257] [Test worker/WARN] [net.minecraftforge.common.ForgeConfigSpec/CORE]: Incorrect key Broadcast.debounce_millis was corrected from null to its default, 100. 
[06Aug2026 13:12:43.257] [Test worker/WARN] [net.minecraftforge.common.ForgeConfigSpec/CORE]: Incorrect key Broadcast.refresh_via_entity_tracker was corrected from null to its default, true. 
[06Aug2026 13:12:43.258] [Test worker/WARN] [net.minecraftforge.common.ForgeConfigSpec/CORE]: Incorrect key Metrics was corrected from null to its default, SimpleCommentedConfig:{}. 
[06Aug2026 13:12:43.258] [Test worker/WARN] [net.minecraftforge.common.ForgeConfigSpec/CORE]: Incorrect key Metrics.metrics_enabled was corrected from null to its default, true. 
[06Aug2026 13:12:43.258] [Test worker/WARN] [net.minecraftforge.common.ForgeConfigSpec/CORE]: Incorrect key Metrics.metrics_dump_interval_seconds was corrected from null to its default, 60. 
[06Aug2026 13:12:43.258] [Test worker/WARN] [net.minecraftforge.common.ForgeConfigSpec/CORE]: Incorrect key Http was corrected from null to its default, SimpleCommentedConfig:{}. 
[06Aug2026 13:12:43.258] [Test worker/WARN] [net.minecraftforge.common.ForgeConfigSpec/CORE]: Incorrect key Http.http_client_version was corrected from null to its default, HTTP_2. 
[06Aug2026 13:12:43.258] [Test worker/WARN] [net.minecraftforge.common.ForgeConfigSpec/CORE]: Incorrect key Http.http_connect_timeout_seconds was corrected from null to its default, 5. 
[06Aug2026 13:12:43.258] [Test worker/WARN] [net.minecraftforge.common.ForgeConfigSpec/CORE]: Incorrect key MojangCache was corrected from null to its default, SimpleCommentedConfig:{}. 
[06Aug2026 13:12:43.258] [Test worker/WARN] [net.minecraftforge.common.ForgeConfigSpec/CORE]: Incorrect key MojangCache.mojang_profile_cache_enabled was corrected from null to its default, true. 
[06Aug2026 13:12:43.258] [Test worker/WARN] [net.minecraftforge.common.ForgeConfigSpec/CORE]: Incorrect key MojangCache.mojang_profile_cache_ttl_ms was corrected from null to its default, 3600000. 
[06Aug2026 13:12:43.258] [Test worker/WARN] [net.minecraftforge.common.ForgeConfigSpec/CORE]: Incorrect key MojangCache.mojang_profile_cache_max_size was corrected from null to its default, 1000. 
[06Aug2026 13:12:43.259] [Test worker/WARN] [net.minecraftforge.common.ForgeConfigSpec/CORE]: Incorrect key DefaultSkins was corrected from null to its default, SimpleCommentedConfig:{}. 
[06Aug2026 13:12:43.259] [Test worker/WARN] [net.minecraftforge.common.ForgeConfigSpec/CORE]: Incorrect key DefaultSkins.enabled was corrected from null to its default, false. 
[06Aug2026 13:12:43.259] [Test worker/WARN] [net.minecraftforge.common.ForgeConfigSpec/CORE]: Incorrect key DefaultSkins.applyForPremium was corrected from null to its default, false. 
[06Aug2026 13:12:43.259] [Test worker/WARN] [net.minecraftforge.common.ForgeConfigSpec/CORE]: Incorrect key DefaultSkins.list was corrected from null to its default, [Steve, <random>]. 
[06Aug2026 13:12:43.259] [Test worker/WARN] [net.minecraftforge.common.ForgeConfigSpec/CORE]: Incorrect key Security was corrected from null to its default, SimpleCommentedConfig:{}. 
[06Aug2026 13:12:43.259] [Test worker/WARN] [net.minecraftforge.common.ForgeConfigSpec/CORE]: Incorrect key Security.urlAllowlistEnabled was corrected from null to its default, false. 
[06Aug2026 13:12:43.259] [Test worker/WARN] [net.minecraftforge.common.ForgeConfigSpec/CORE]: Incorrect key Security.urlAllowlistDomains was corrected from null to its default, [imgur.com, storage.googleapis.com, cdn.discordapp.com, textures.minecraft.net, namemc.com, crafatar.com, mc-heads.net, githubusercontent.com, minecraftskins.com]. 
[06Aug2026 13:12:43.259] [Test worker/WARN] [net.minecraftforge.common.ForgeConfigSpec/CORE]: Incorrect key Permissions was corrected from null to its default, SimpleCommentedConfig:{}. 
[06Aug2026 13:12:43.259] [Test worker/WARN] [net.minecraftforge.common.ForgeConfigSpec/CORE]: Incorrect key Permissions.op_level was corrected from null to its default, SimpleCommentedConfig:{}. 
[06Aug2026 13:12:43.259] [Test worker/WARN] [net.minecraftforge.common.ForgeConfigSpec/CORE]: Incorrect key Permissions.op_level.mojang was corrected from null to its default, 0. 
[06Aug2026 13:12:43.260] [Test worker/WARN] [net.minecraftforge.common.ForgeConfigSpec/CORE]: Incorrect key Permissions.op_level.url was corrected from null to its default, 2. 
[06Aug2026 13:12:43.260] [Test worker/WARN] [net.minecraftforge.common.ForgeConfigSpec/CORE]: Incorrect key Permissions.op_level.clear was corrected from null to its default, 0. 
[06Aug2026 13:12:43.260] [Test worker/WARN] [net.minecraftforge.common.ForgeConfigSpec/CORE]: Incorrect key Permissions.op_level.random was corrected from null to its default, 0. 
[06Aug2026 13:12:43.260] [Test worker/WARN] [net.minecraftforge.common.ForgeConfigSpec/CORE]: Incorrect key Permissions.op_level.other was corrected from null to its default, 2. 
[06Aug2026 13:12:43.260] [Test worker/WARN] [net.minecraftforge.common.ForgeConfigSpec/CORE]: Incorrect key Permissions.op_level.metrics was corrected from null to its default, 2. 
[06Aug2026 13:12:43.260] [Test worker/WARN] [net.minecraftforge.common.ForgeConfigSpec/CORE]: Incorrect key Permissions.op_level.metrics_reset was corrected from null to its default, 2. 
[06Aug2026 13:12:43.279] [Test worker/WARN] [net.minecraftforge.common.ForgeConfigSpec/CORE]: Configuration file SimpleCommentedConfig:{} is not correct. Correcting
[06Aug2026 13:12:43.280] [Test worker/WARN] [net.minecraftforge.common.ForgeConfigSpec/CORE]: Incorrect key Messages was corrected from null to its default, SimpleCommentedConfig:{}. 
[06Aug2026 13:12:43.280] [Test worker/WARN] [net.minecraftforge.common.ForgeConfigSpec/CORE]: Incorrect key Messages.localization was corrected from null to its default, en. 
[06Aug2026 13:12:43.280] [Test worker/WARN] [net.minecraftforge.common.ForgeConfigSpec/CORE]: Incorrect key Messages.display was corrected from null to its default, true. 
[06Aug2026 13:12:43.280] [Test worker/WARN] [net.minecraftforge.common.ForgeConfigSpec/CORE]: Incorrect key Messages.key was corrected from null to its default, . 
[06Aug2026 13:12:43.280] [Test worker/WARN] [net.minecraftforge.common.ForgeConfigSpec/CORE]: Incorrect key Messages.messages_change was corrected from null to its default, Skin change queued. 
[06Aug2026 13:12:43.281] [Test worker/WARN] [net.minecraftforge.common.ForgeConfigSpec/CORE]: Incorrect key Messages.messages_fulfilled was corrected from null to its default, Skin has been applied.. 
[06Aug2026 13:12:43.281] [Test worker/WARN] [net.minecraftforge.common.ForgeConfigSpec/CORE]: Incorrect key Messages.messages_timeout was corrected from null to its default, Skin fetch timed out.. 
[06Aug2026 13:12:43.281] [Test worker/WARN] [net.minecraftforge.common.ForgeConfigSpec/CORE]: Incorrect key Messages.messages_error was corrected from null to its default, Skin fetch failed.. 
[06Aug2026 13:12:43.281] [Test worker/WARN] [net.minecraftforge.common.ForgeConfigSpec/CORE]: Incorrect key Messages.messages_restored_from was corrected from null to its default, Skin restored from %s. 
[06Aug2026 13:12:43.281] [Test worker/WARN] [net.minecraftforge.common.ForgeConfigSpec/CORE]: Incorrect key Messages.messages_cleared_no_profile was corrected from null to its default, Skin cleared (no Mojang profile found). 
[06Aug2026 13:12:43.281] [Test worker/WARN] [net.minecraftforge.common.ForgeConfigSpec/CORE]: Incorrect key Messages.messages_no_source was corrected from null to its default, No source available. 
[06Aug2026 13:12:43.281] [Test worker/WARN] [net.minecraftforge.common.ForgeConfigSpec/CORE]: Incorrect key Messages.messages_player_only was corrected from null to its default, Player only command. 
[06Aug2026 13:12:43.281] [Test worker/WARN] [net.minecraftforge.common.ForgeConfigSpec/CORE]: Incorrect key Messages.messages_permission_denied was corrected from null to its default, Permission denied. 
[06Aug2026 13:12:43.282] [Test worker/WARN] [net.minecraftforge.common.ForgeConfigSpec/CORE]: Incorrect key Messages.messages_cooldown was corrected from null to its default, Please wait %ds before using /skin again. 
[06Aug2026 13:12:43.282] [Test worker/WARN] [net.minecraftforge.common.ForgeConfigSpec/CORE]: Incorrect key Messages.messages_rate_limited was corrected from null to its default, Too many /skin commands. Try again later.. 
[06Aug2026 13:12:43.282] [Test worker/WARN] [net.minecraftforge.common.ForgeConfigSpec/CORE]: Incorrect key Messages.messages_no_skin_found was corrected from null to its default, No skin found for "%s". 
[06Aug2026 13:12:43.282] [Test worker/WARN] [net.minecraftforge.common.ForgeConfigSpec/CORE]: Incorrect key Messages.messages_no_skin_found_plain was corrected from null to its default, No skin found. 
[06Aug2026 13:12:43.282] [Test worker/WARN] [net.minecraftforge.common.ForgeConfigSpec/CORE]: Incorrect key Messages.messages_mineskin_rejected was corrected from null to its default, MineSkin rejected the URL. 
[06Aug2026 13:12:43.282] [Test worker/WARN] [net.minecraftforge.common.ForgeConfigSpec/CORE]: Incorrect key Messages.messages_no_random_username was corrected from null to its default, No random username available. 
[06Aug2026 13:12:43.282] [Test worker/WARN] [net.minecraftforge.common.ForgeConfigSpec/CORE]: Incorrect key Messages.messages_provider_no_result was corrected from null to its default, Provider returned no result. 
[06Aug2026 13:12:43.282] [Test worker/WARN] [net.minecraftforge.common.ForgeConfigSpec/CORE]: Incorrect key Messages.messages_metrics_top_players was corrected from null to its default, Top players by refresh count:. 
[06Aug2026 13:12:43.282] [Test worker/WARN] [net.minecraftforge.common.ForgeConfigSpec/CORE]: Incorrect key Messages.messages_metrics_refreshes was corrected from null to its default,  refreshes. 
[06Aug2026 13:12:43.282] [Test worker/WARN] [net.minecraftforge.common.ForgeConfigSpec/CORE]: Incorrect key Messages.messages_metrics_no_refreshes was corrected from null to its default, (no refreshes recorded). 
[06Aug2026 13:12:43.282] [Test worker/WARN] [net.minecraftforge.common.ForgeConfigSpec/CORE]: Incorrect key Messages.messages_metrics_cleanup was corrected from null to its default, Metrics cleanup: pruned %d stale player entries. 
[06Aug2026 13:12:43.283] [Test worker/WARN] [net.minecraftforge.common.ForgeConfigSpec/CORE]: Incorrect key Messages.messages_metrics_reset was corrected from null to its default, Metrics reset. 
[06Aug2026 13:12:43.283] [Test worker/WARN] [net.minecraftforge.common.ForgeConfigSpec/CORE]: Incorrect key Messages.messages_discord_announce was corrected from null to its default, **%s** changed their skin to: `%s`. 
[06Aug2026 13:12:43.283] [Test worker/WARN] [net.minecraftforge.common.ForgeConfigSpec/CORE]: Incorrect key Integration was corrected from null to its default, SimpleCommentedConfig:{}. 
[06Aug2026 13:12:43.283] [Test worker/WARN] [net.minecraftforge.common.ForgeConfigSpec/CORE]: Incorrect key Integration.discordsrv_enabled was corrected from null to its default, false. 
[06Aug2026 13:12:43.283] [Test worker/WARN] [net.minecraftforge.common.ForgeConfigSpec/CORE]: Incorrect key Integration.discordsrv_channel_id was corrected from null to its default, . 
[06Aug2026 13:12:43.283] [Test worker/WARN] [net.minecraftforge.common.ForgeConfigSpec/CORE]: Incorrect key RateLimit was corrected from null to its default, SimpleCommentedConfig:{}. 
[06Aug2026 13:12:43.283] [Test worker/WARN] [net.minecraftforge.common.ForgeConfigSpec/CORE]: Incorrect key RateLimit.cooldown_seconds was corrected from null to its default, 3. 
[06Aug2026 13:12:43.283] [Test worker/WARN] [net.minecraftforge.common.ForgeConfigSpec/CORE]: Incorrect key RateLimit.rate_limit_enabled was corrected from null to its default, true. 
[06Aug2026 13:12:43.283] [Test worker/WARN] [net.minecraftforge.common.ForgeConfigSpec/CORE]: Incorrect key RateLimit.max_commands_per_minute was corrected from null to its default, 5. 
[06Aug2026 13:12:43.284] [Test worker/WARN] [net.minecraftforge.common.ForgeConfigSpec/CORE]: Incorrect key Broadcast was corrected from null to its default, SimpleCommentedConfig:{}. 
[06Aug2026 13:12:43.284] [Test worker/WARN] [net.minecraftforge.common.ForgeConfigSpec/CORE]: Incorrect key Broadcast.dimension_scoped_broadcast was corrected from null to its default, false. 
[06Aug2026 13:12:43.284] [Test worker/WARN] [net.minecraftforge.common.ForgeConfigSpec/CORE]: Incorrect key Broadcast.broadcast_use_bundle was corrected from null to its default, false. 
[06Aug2026 13:12:43.284] [Test worker/WARN] [net.minecraftforge.common.ForgeConfigSpec/CORE]: Incorrect key Broadcast.debounce_millis was corrected from null to its default, 100. 
[06Aug2026 13:12:43.284] [Test worker/WARN] [net.minecraftforge.common.ForgeConfigSpec/CORE]: Incorrect key Broadcast.refresh_via_entity_tracker was corrected from null to its default, true. 
[06Aug2026 13:12:43.284] [Test worker/WARN] [net.minecraftforge.common.ForgeConfigSpec/CORE]: Incorrect key Metrics was corrected from null to its default, SimpleCommentedConfig:{}. 
[06Aug2026 13:12:43.284] [Test worker/WARN] [net.minecraftforge.common.ForgeConfigSpec/CORE]: Incorrect key Metrics.metrics_enabled was corrected from null to its default, true. 
[06Aug2026 13:12:43.284] [Test worker/WARN] [net.minecraftforge.common.ForgeConfigSpec/CORE]: Incorrect key Metrics.metrics_dump_interval_seconds was corrected from null to its default, 60. 
[06Aug2026 13:12:43.284] [Test worker/WARN] [net.minecraftforge.common.ForgeConfigSpec/CORE]: Incorrect key Http was corrected from null to its default, SimpleCommentedConfig:{}. 
[06Aug2026 13:12:43.284] [Test worker/WARN] [net.minecraftforge.common.ForgeConfigSpec/CORE]: Incorrect key Http.http_client_version was corrected from null to its default, HTTP_2. 
[06Aug2026 13:12:43.285] [Test worker/WARN] [net.minecraftforge.common.ForgeConfigSpec/CORE]: Incorrect key Http.http_connect_timeout_seconds was corrected from null to its default, 5. 
[06Aug2026 13:12:43.285] [Test worker/WARN] [net.minecraftforge.common.ForgeConfigSpec/CORE]: Incorrect key MojangCache was corrected from null to its default, SimpleCommentedConfig:{}. 
[06Aug2026 13:12:43.285] [Test worker/WARN] [net.minecraftforge.common.ForgeConfigSpec/CORE]: Incorrect key MojangCache.mojang_profile_cache_enabled was corrected from null to its default, true. 
[06Aug2026 13:12:43.285] [Test worker/WARN] [net.minecraftforge.common.ForgeConfigSpec/CORE]: Incorrect key MojangCache.mojang_profile_cache_ttl_ms was corrected from null to its default, 3600000. 
[06Aug2026 13:12:43.285] [Test worker/WARN] [net.minecraftforge.common.ForgeConfigSpec/CORE]: Incorrect key MojangCache.mojang_profile_cache_max_size was corrected from null to its default, 1000. 
[06Aug2026 13:12:43.285] [Test worker/WARN] [net.minecraftforge.common.ForgeConfigSpec/CORE]: Incorrect key DefaultSkins was corrected from null to its default, SimpleCommentedConfig:{}. 
[06Aug2026 13:12:43.285] [Test worker/WARN] [net.minecraftforge.common.ForgeConfigSpec/CORE]: Incorrect key DefaultSkins.enabled was corrected from null to its default, false. 
[06Aug2026 13:12:43.285] [Test worker/WARN] [net.minecraftforge.common.ForgeConfigSpec/CORE]: Incorrect key DefaultSkins.applyForPremium was corrected from null to its default, false. 
[06Aug2026 13:12:43.286] [Test worker/WARN] [net.minecraftforge.common.ForgeConfigSpec/CORE]: Incorrect key DefaultSkins.list was corrected from null to its default, [Steve, <random>]. 
[06Aug2026 13:12:43.286] [Test worker/WARN] [net.minecraftforge.common.ForgeConfigSpec/CORE]: Incorrect key Security was corrected from null to its default, SimpleCommentedConfig:{}. 
[06Aug2026 13:12:43.286] [Test worker/WARN] [net.minecraftforge.common.ForgeConfigSpec/CORE]: Incorrect key Security.urlAllowlistEnabled was corrected from null to its default, false. 
[06Aug2026 13:12:43.286] [Test worker/WARN] [net.minecraftforge.common.ForgeConfigSpec/CORE]: Incorrect key Security.urlAllowlistDomains was corrected from null to its default, [imgur.com, storage.googleapis.com, cdn.discordapp.com, textures.minecraft.net, namemc.com, crafatar.com, mc-heads.net, githubusercontent.com, minecraftskins.com]. 
[06Aug2026 13:12:43.286] [Test worker/WARN] [net.minecraftforge.common.ForgeConfigSpec/CORE]: Incorrect key Permissions was corrected from null to its default, SimpleCommentedConfig:{}. 
[06Aug2026 13:12:43.287] [Test worker/WARN] [net.minecraftforge.common.ForgeConfigSpec/CORE]: Incorrect key Permissions.op_level was corrected from null to its default, SimpleCommentedConfig:{}. 
[06Aug2026 13:12:43.287] [Test worker/WARN] [net.minecraftforge.common.ForgeConfigSpec/CORE]: Incorrect key Permissions.op_level.mojang was corrected from null to its default, 0. 
[06Aug2026 13:12:43.287] [Test worker/WARN] [net.minecraftforge.common.ForgeConfigSpec/CORE]: Incorrect key Permissions.op_level.url was corrected from null to its default, 2. 
[06Aug2026 13:12:43.287] [Test worker/WARN] [net.minecraftforge.common.ForgeConfigSpec/CORE]: Incorrect key Permissions.op_level.clear was corrected from null to its default, 0. 
[06Aug2026 13:12:43.287] [Test worker/WARN] [net.minecraftforge.common.ForgeConfigSpec/CORE]: Incorrect key Permissions.op_level.random was corrected from null to its default, 0. 
[06Aug2026 13:12:43.287] [Test worker/WARN] [net.minecraftforge.common.ForgeConfigSpec/CORE]: Incorrect key Permissions.op_level.other was corrected from null to its default, 2. 
[06Aug2026 13:12:43.287] [Test worker/WARN] [net.minecraftforge.common.ForgeConfigSpec/CORE]: Incorrect key Permissions.op_level.metrics was corrected from null to its default, 2. 
[06Aug2026 13:12:43.287] [Test worker/WARN] [net.minecraftforge.common.ForgeConfigSpec/CORE]: Incorrect key Permissions.op_level.metrics_reset was corrected from null to its default, 2. 
[06Aug2026 13:12:43.296] [Test worker/WARN] [net.minecraftforge.common.ForgeConfigSpec/CORE]: Configuration file SimpleCommentedConfig:{} is not correct. Correcting
[06Aug2026 13:12:43.296] [Test worker/WARN] [net.minecraftforge.common.ForgeConfigSpec/CORE]: Incorrect key Messages was corrected from null to its default, SimpleCommentedConfig:{}. 
[06Aug2026 13:12:43.296] [Test worker/WARN] [net.minecraftforge.common.ForgeConfigSpec/CORE]: Incorrect key Messages.localization was corrected from null to its default, en. 
[06Aug2026 13:12:43.296] [Test worker/WARN] [net.minecraftforge.common.ForgeConfigSpec/CORE]: Incorrect key Messages.display was corrected from null to its default, true. 
[06Aug2026 13:12:43.296] [Test worker/WARN] [net.minecraftforge.common.ForgeConfigSpec/CORE]: Incorrect key Messages.key was corrected from null to its default, . 
[06Aug2026 13:12:43.296] [Test worker/WARN] [net.minecraftforge.common.ForgeConfigSpec/CORE]: Incorrect key Messages.messages_change was corrected from null to its default, Skin change queued. 
[06Aug2026 13:12:43.296] [Test worker/WARN] [net.minecraftforge.common.ForgeConfigSpec/CORE]: Incorrect key Messages.messages_fulfilled was corrected from null to its default, Skin has been applied.. 
[06Aug2026 13:12:43.296] [Test worker/WARN] [net.minecraftforge.common.ForgeConfigSpec/CORE]: Incorrect key Messages.messages_timeout was corrected from null to its default, Skin fetch timed out.. 
[06Aug2026 13:12:43.297] [Test worker/WARN] [net.minecraftforge.common.ForgeConfigSpec/CORE]: Incorrect key Messages.messages_error was corrected from null to its default, Skin fetch failed.. 
[06Aug2026 13:12:43.297] [Test worker/WARN] [net.minecraftforge.common.ForgeConfigSpec/CORE]: Incorrect key Messages.messages_restored_from was corrected from null to its default, Skin restored from %s. 
[06Aug2026 13:12:43.297] [Test worker/WARN] [net.minecraftforge.common.ForgeConfigSpec/CORE]: Incorrect key Messages.messages_cleared_no_profile was corrected from null to its default, Skin cleared (no Mojang profile found). 
[06Aug2026 13:12:43.297] [Test worker/WARN] [net.minecraftforge.common.ForgeConfigSpec/CORE]: Incorrect key Messages.messages_no_source was corrected from null to its default, No source available. 
[06Aug2026 13:12:43.297] [Test worker/WARN] [net.minecraftforge.common.ForgeConfigSpec/CORE]: Incorrect key Messages.messages_player_only was corrected from null to its default, Player only command. 
[06Aug2026 13:12:43.297] [Test worker/WARN] [net.minecraftforge.common.ForgeConfigSpec/CORE]: Incorrect key Messages.messages_permission_denied was corrected from null to its default, Permission denied. 
[06Aug2026 13:12:43.297] [Test worker/WARN] [net.minecraftforge.common.ForgeConfigSpec/CORE]: Incorrect key Messages.messages_cooldown was corrected from null to its default, Please wait %ds before using /skin again. 
[06Aug2026 13:12:43.297] [Test worker/WARN] [net.minecraftforge.common.ForgeConfigSpec/CORE]: Incorrect key Messages.messages_rate_limited was corrected from null to its default, Too many /skin commands. Try again later.. 
[06Aug2026 13:12:43.297] [Test worker/WARN] [net.minecraftforge.common.ForgeConfigSpec/CORE]: Incorrect key Messages.messages_no_skin_found was corrected from null to its default, No skin found for "%s". 
[06Aug2026 13:12:43.297] [Test worker/WARN] [net.minecraftforge.common.ForgeConfigSpec/CORE]: Incorrect key Messages.messages_no_skin_found_plain was corrected from null to its default, No skin found. 
[06Aug2026 13:12:43.298] [Test worker/WARN] [net.minecraftforge.common.ForgeConfigSpec/CORE]: Incorrect key Messages.messages_mineskin_rejected was corrected from null to its default, MineSkin rejected the URL. 
[06Aug2026 13:12:43.298] [Test worker/WARN] [net.minecraftforge.common.ForgeConfigSpec/CORE]: Incorrect key Messages.messages_no_random_username was corrected from null to its default, No random username available. 
[06Aug2026 13:12:43.298] [Test worker/WARN] [net.minecraftforge.common.ForgeConfigSpec/CORE]: Incorrect key Messages.messages_provider_no_result was corrected from null to its default, Provider returned no result. 
[06Aug2026 13:12:43.298] [Test worker/WARN] [net.minecraftforge.common.ForgeConfigSpec/CORE]: Incorrect key Messages.messages_metrics_top_players was corrected from null to its default, Top players by refresh count:. 
[06Aug2026 13:12:43.298] [Test worker/WARN] [net.minecraftforge.common.ForgeConfigSpec/CORE]: Incorrect key Messages.messages_metrics_refreshes was corrected from null to its default,  refreshes. 
[06Aug2026 13:12:43.298] [Test worker/WARN] [net.minecraftforge.common.ForgeConfigSpec/CORE]: Incorrect key Messages.messages_metrics_no_refreshes was corrected from null to its default, (no refreshes recorded). 
[06Aug2026 13:12:43.298] [Test worker/WARN] [net.minecraftforge.common.ForgeConfigSpec/CORE]: Incorrect key Messages.messages_metrics_cleanup was corrected from null to its default, Metrics cleanup: pruned %d stale player entries. 
[06Aug2026 13:12:43.299] [Test worker/WARN] [net.minecraftforge.common.ForgeConfigSpec/CORE]: Incorrect key Messages.messages_metrics_reset was corrected from null to its default, Metrics reset. 
[06Aug2026 13:12:43.299] [Test worker/WARN] [net.minecraftforge.common.ForgeConfigSpec/CORE]: Incorrect key Messages.messages_discord_announce was corrected from null to its default, **%s** changed their skin to: `%s`. 
[06Aug2026 13:12:43.299] [Test worker/WARN] [net.minecraftforge.common.ForgeConfigSpec/CORE]: Incorrect key Integration was corrected from null to its default, SimpleCommentedConfig:{}. 
[06Aug2026 13:12:43.299] [Test worker/WARN] [net.minecraftforge.common.ForgeConfigSpec/CORE]: Incorrect key Integration.discordsrv_enabled was corrected from null to its default, false. 
[06Aug2026 13:12:43.299] [Test worker/WARN] [net.minecraftforge.common.ForgeConfigSpec/CORE]: Incorrect key Integration.discordsrv_channel_id was corrected from null to its default, . 
[06Aug2026 13:12:43.299] [Test worker/WARN] [net.minecraftforge.common.ForgeConfigSpec/CORE]: Incorrect key RateLimit was corrected from null to its default, SimpleCommentedConfig:{}. 
[06Aug2026 13:12:43.299] [Test worker/WARN] [net.minecraftforge.common.ForgeConfigSpec/CORE]: Incorrect key RateLimit.cooldown_seconds was corrected from null to its default, 3. 
[06Aug2026 13:12:43.300] [Test worker/WARN] [net.minecraftforge.common.ForgeConfigSpec/CORE]: Incorrect key RateLimit.rate_limit_enabled was corrected from null to its default, true. 
[06Aug2026 13:12:43.300] [Test worker/WARN] [net.minecraftforge.common.ForgeConfigSpec/CORE]: Incorrect key RateLimit.max_commands_per_minute was corrected from null to its default, 5. 
[06Aug2026 13:12:43.300] [Test worker/WARN] [net.minecraftforge.common.ForgeConfigSpec/CORE]: Incorrect key Broadcast was corrected from null to its default, SimpleCommentedConfig:{}. 
[06Aug2026 13:12:43.300] [Test worker/WARN] [net.minecraftforge.common.ForgeConfigSpec/CORE]: Incorrect key Broadcast.dimension_scoped_broadcast was corrected from null to its default, false. 
[06Aug2026 13:12:43.300] [Test worker/WARN] [net.minecraftforge.common.ForgeConfigSpec/CORE]: Incorrect key Broadcast.broadcast_use_bundle was corrected from null to its default, false. 
[06Aug2026 13:12:43.300] [Test worker/WARN] [net.minecraftforge.common.ForgeConfigSpec/CORE]: Incorrect key Broadcast.debounce_millis was corrected from null to its default, 100. 
[06Aug2026 13:12:43.300] [Test worker/WARN] [net.minecraftforge.common.ForgeConfigSpec/CORE]: Incorrect key Broadcast.refresh_via_entity_tracker was corrected from null to its default, true. 
[06Aug2026 13:12:43.300] [Test worker/WARN] [net.minecraftforge.common.ForgeConfigSpec/CORE]: Incorrect key Metrics was corrected from null to its default, SimpleCommentedConfig:{}. 
[06Aug2026 13:12:43.300] [Test worker/WARN] [net.minecraftforge.common.ForgeConfigSpec/CORE]: Incorrect key Metrics.metrics_enabled was corrected from null to its default, true. 
[06Aug2026 13:12:43.300] [Test worker/WARN] [net.minecraftforge.common.ForgeConfigSpec/CORE]: Incorrect key Metrics.metrics_dump_interval_seconds was corrected from null to its default, 60. 
[06Aug2026 13:12:43.300] [Test worker/WARN] [net.minecraftforge.common.ForgeConfigSpec/CORE]: Incorrect key Http was corrected from null to its default, SimpleCommentedConfig:{}. 
[06Aug2026 13:12:43.300] [Test worker/WARN] [net.minecraftforge.common.ForgeConfigSpec/CORE]: Incorrect key Http.http_client_version was corrected from null to its default, HTTP_2. 
[06Aug2026 13:12:43.301] [Test worker/WARN] [net.minecraftforge.common.ForgeConfigSpec/CORE]: Incorrect key Http.http_connect_timeout_seconds was corrected from null to its default, 5. 
[06Aug2026 13:12:43.301] [Test worker/WARN] [net.minecraftforge.common.ForgeConfigSpec/CORE]: Incorrect key MojangCache was corrected from null to its default, SimpleCommentedConfig:{}. 
[06Aug2026 13:12:43.301] [Test worker/WARN] [net.minecraftforge.common.ForgeConfigSpec/CORE]: Incorrect key MojangCache.mojang_profile_cache_enabled was corrected from null to its default, true. 
[06Aug2026 13:12:43.301] [Test worker/WARN] [net.minecraftforge.common.ForgeConfigSpec/CORE]: Incorrect key MojangCache.mojang_profile_cache_ttl_ms was corrected from null to its default, 3600000. 
[06Aug2026 13:12:43.301] [Test worker/WARN] [net.minecraftforge.common.ForgeConfigSpec/CORE]: Incorrect key MojangCache.mojang_profile_cache_max_size was corrected from null to its default, 1000. 
[06Aug2026 13:12:43.301] [Test worker/WARN] [net.minecraftforge.common.ForgeConfigSpec/CORE]: Incorrect key DefaultSkins was corrected from null to its default, SimpleCommentedConfig:{}. 
[06Aug2026 13:12:43.301] [Test worker/WARN] [net.minecraftforge.common.ForgeConfigSpec/CORE]: Incorrect key DefaultSkins.enabled was corrected from null to its default, false. 
[06Aug2026 13:12:43.301] [Test worker/WARN] [net.minecraftforge.common.ForgeConfigSpec/CORE]: Incorrect key DefaultSkins.applyForPremium was corrected from null to its default, false. 
[06Aug2026 13:12:43.301] [Test worker/WARN] [net.minecraftforge.common.ForgeConfigSpec/CORE]: Incorrect key DefaultSkins.list was corrected from null to its default, [Steve, <random>]. 
[06Aug2026 13:12:43.301] [Test worker/WARN] [net.minecraftforge.common.ForgeConfigSpec/CORE]: Incorrect key Security was corrected from null to its default, SimpleCommentedConfig:{}. 
[06Aug2026 13:12:43.301] [Test worker/WARN] [net.minecraftforge.common.ForgeConfigSpec/CORE]: Incorrect key Security.urlAllowlistEnabled was corrected from null to its default, false. 
[06Aug2026 13:12:43.302] [Test worker/WARN] [net.minecraftforge.common.ForgeConfigSpec/CORE]: Incorrect key Security.urlAllowlistDomains was corrected from null to its default, [imgur.com, storage.googleapis.com, cdn.discordapp.com, textures.minecraft.net, namemc.com, crafatar.com, mc-heads.net, githubusercontent.com, minecraftskins.com]. 
[06Aug2026 13:12:43.302] [Test worker/WARN] [net.minecraftforge.common.ForgeConfigSpec/CORE]: Incorrect key Permissions was corrected from null to its default, SimpleCommentedConfig:{}. 
[06Aug2026 13:12:43.302] [Test worker/WARN] [net.minecraftforge.common.ForgeConfigSpec/CORE]: Incorrect key Permissions.op_level was corrected from null to its default, SimpleCommentedConfig:{}. 
[06Aug2026 13:12:43.302] [Test worker/WARN] [net.minecraftforge.common.ForgeConfigSpec/CORE]: Incorrect key Permissions.op_level.mojang was corrected from null to its default, 0. 
[06Aug2026 13:12:43.302] [Test worker/WARN] [net.minecraftforge.common.ForgeConfigSpec/CORE]: Incorrect key Permissions.op_level.url was corrected from null to its default, 2. 
[06Aug2026 13:12:43.302] [Test worker/WARN] [net.minecraftforge.common.ForgeConfigSpec/CORE]: Incorrect key Permissions.op_level.clear was corrected from null to its default, 0. 
[06Aug2026 13:12:43.302] [Test worker/WARN] [net.minecraftforge.common.ForgeConfigSpec/CORE]: Incorrect key Permissions.op_level.random was corrected from null to its default, 0. 
[06Aug2026 13:12:43.302] [Test worker/WARN] [net.minecraftforge.common.ForgeConfigSpec/CORE]: Incorrect key Permissions.op_level.other was corrected from null to its default, 2. 
[06Aug2026 13:12:43.302] [Test worker/WARN] [net.minecraftforge.common.ForgeConfigSpec/CORE]: Incorrect key Permissions.op_level.metrics was corrected from null to its default, 2. 
[06Aug2026 13:12:43.303] [Test worker/WARN] [net.minecraftforge.common.ForgeConfigSpec/CORE]: Incorrect key Permissions.op_level.metrics_reset was corrected from null to its default, 2. 
[06Aug2026 13:12:43.312] [Test worker/WARN] [net.minecraftforge.common.ForgeConfigSpec/CORE]: Configuration file SimpleCommentedConfig:{} is not correct. Correcting
[06Aug2026 13:12:43.313] [Test worker/WARN] [net.minecraftforge.common.ForgeConfigSpec/CORE]: Incorrect key Messages was corrected from null to its default, SimpleCommentedConfig:{}. 
[06Aug2026 13:12:43.313] [Test worker/WARN] [net.minecraftforge.common.ForgeConfigSpec/CORE]: Incorrect key Messages.localization was corrected from null to its default, en. 
[06Aug2026 13:12:43.313] [Test worker/WARN] [net.minecraftforge.common.ForgeConfigSpec/CORE]: Incorrect key Messages.display was corrected from null to its default, true. 
[06Aug2026 13:12:43.313] [Test worker/WARN] [net.minecraftforge.common.ForgeConfigSpec/CORE]: Incorrect key Messages.key was corrected from null to its default, . 
[06Aug2026 13:12:43.313] [Test worker/WARN] [net.minecraftforge.common.ForgeConfigSpec/CORE]: Incorrect key Messages.messages_change was corrected from null to its default, Skin change queued. 
[06Aug2026 13:12:43.313] [Test worker/WARN] [net.minecraftforge.common.ForgeConfigSpec/CORE]: Incorrect key Messages.messages_fulfilled was corrected from null to its default, Skin has been applied.. 
[06Aug2026 13:12:43.313] [Test worker/WARN] [net.minecraftforge.common.ForgeConfigSpec/CORE]: Incorrect key Messages.messages_timeout was corrected from null to its default, Skin fetch timed out.. 
[06Aug2026 13:12:43.313] [Test worker/WARN] [net.minecraftforge.common.ForgeConfigSpec/CORE]: Incorrect key Messages.messages_error was corrected from null to its default, Skin fetch failed.. 
[06Aug2026 13:12:43.313] [Test worker/WARN] [net.minecraftforge.common.ForgeConfigSpec/CORE]: Incorrect key Messages.messages_restored_from was corrected from null to its default, Skin restored from %s. 
[06Aug2026 13:12:43.313] [Test worker/WARN] [net.minecraftforge.common.ForgeConfigSpec/CORE]: Incorrect key Messages.messages_cleared_no_profile was corrected from null to its default, Skin cleared (no Mojang profile found). 
[06Aug2026 13:12:43.313] [Test worker/WARN] [net.minecraftforge.common.ForgeConfigSpec/CORE]: Incorrect key Messages.messages_no_source was corrected from null to its default, No source available. 
[06Aug2026 13:12:43.314] [Test worker/WARN] [net.minecraftforge.common.ForgeConfigSpec/CORE]: Incorrect key Messages.messages_player_only was corrected from null to its default, Player only command. 
[06Aug2026 13:12:43.314] [Test worker/WARN] [net.minecraftforge.common.ForgeConfigSpec/CORE]: Incorrect key Messages.messages_permission_denied was corrected from null to its default, Permission denied. 
[06Aug2026 13:12:43.314] [Test worker/WARN] [net.minecraftforge.common.ForgeConfigSpec/CORE]: Incorrect key Messages.messages_cooldown was corrected from null to its default, Please wait %ds before using /skin again. 
[06Aug2026 13:12:43.314] [Test worker/WARN] [net.minecraftforge.common.ForgeConfigSpec/CORE]: Incorrect key Messages.messages_rate_limited was corrected from null to its default, Too many /skin commands. Try again later.. 
[06Aug2026 13:12:43.314] [Test worker/WARN] [net.minecraftforge.common.ForgeConfigSpec/CORE]: Incorrect key Messages.messages_no_skin_found was corrected from null to its default, No skin found for "%s". 
[06Aug2026 13:12:43.314] [Test worker/WARN] [net.minecraftforge.common.ForgeConfigSpec/CORE]: Incorrect key Messages.messages_no_skin_found_plain was corrected from null to its default, No skin found. 
[06Aug2026 13:12:43.314] [Test worker/WARN] [net.minecraftforge.common.ForgeConfigSpec/CORE]: Incorrect key Messages.messages_mineskin_rejected was corrected from null to its default, MineSkin rejected the URL. 
[06Aug2026 13:12:43.314] [Test worker/WARN] [net.minecraftforge.common.ForgeConfigSpec/CORE]: Incorrect key Messages.messages_no_random_username was corrected from null to its default, No random username available. 
[06Aug2026 13:12:43.314] [Test worker/WARN] [net.minecraftforge.common.ForgeConfigSpec/CORE]: Incorrect key Messages.messages_provider_no_result was corrected from null to its default, Provider returned no result. 
[06Aug2026 13:12:43.314] [Test worker/WARN] [net.minecraftforge.common.ForgeConfigSpec/CORE]: Incorrect key Messages.messages_metrics_top_players was corrected from null to its default, Top players by refresh count:. 
[06Aug2026 13:12:43.314] [Test worker/WARN] [net.minecraftforge.common.ForgeConfigSpec/CORE]: Incorrect key Messages.messages_metrics_refreshes was corrected from null to its default,  refreshes. 
[06Aug2026 13:12:43.314] [Test worker/WARN] [net.minecraftforge.common.ForgeConfigSpec/CORE]: Incorrect key Messages.messages_metrics_no_refreshes was corrected from null to its default, (no refreshes recorded). 
[06Aug2026 13:12:43.314] [Test worker/WARN] [net.minecraftforge.common.ForgeConfigSpec/CORE]: Incorrect key Messages.messages_metrics_cleanup was corrected from null to its default, Metrics cleanup: pruned %d stale player entries. 
[06Aug2026 13:12:43.315] [Test worker/WARN] [net.minecraftforge.common.ForgeConfigSpec/CORE]: Incorrect key Messages.messages_metrics_reset was corrected from null to its default, Metrics reset. 
[06Aug2026 13:12:43.315] [Test worker/WARN] [net.minecraftforge.common.ForgeConfigSpec/CORE]: Incorrect key Messages.messages_discord_announce was corrected from null to its default, **%s** changed their skin to: `%s`. 
[06Aug2026 13:12:43.315] [Test worker/WARN] [net.minecraftforge.common.ForgeConfigSpec/CORE]: Incorrect key Integration was corrected from null to its default, SimpleCommentedConfig:{}. 
[06Aug2026 13:12:43.315] [Test worker/WARN] [net.minecraftforge.common.ForgeConfigSpec/CORE]: Incorrect key Integration.discordsrv_enabled was corrected from null to its default, false. 
[06Aug2026 13:12:43.315] [Test worker/WARN] [net.minecraftforge.common.ForgeConfigSpec/CORE]: Incorrect key Integration.discordsrv_channel_id was corrected from null to its default, . 
[06Aug2026 13:12:43.315] [Test worker/WARN] [net.minecraftforge.common.ForgeConfigSpec/CORE]: Incorrect key RateLimit was corrected from null to its default, SimpleCommentedConfig:{}. 
[06Aug2026 13:12:43.315] [Test worker/WARN] [net.minecraftforge.common.ForgeConfigSpec/CORE]: Incorrect key RateLimit.cooldown_seconds was corrected from null to its default, 3. 
[06Aug2026 13:12:43.315] [Test worker/WARN] [net.minecraftforge.common.ForgeConfigSpec/CORE]: Incorrect key RateLimit.rate_limit_enabled was corrected from null to its default, true. 
[06Aug2026 13:12:43.316] [Test worker/WARN] [net.minecraftforge.common.ForgeConfigSpec/CORE]: Incorrect key RateLimit.max_commands_per_minute was corrected from null to its default, 5. 
[06Aug2026 13:12:43.316] [Test worker/WARN] [net.minecraftforge.common.ForgeConfigSpec/CORE]: Incorrect key Broadcast was corrected from null to its default, SimpleCommentedConfig:{}. 
[06Aug2026 13:12:43.316] [Test worker/WARN] [net.minecraftforge.common.ForgeConfigSpec/CORE]: Incorrect key Broadcast.dimension_scoped_broadcast was corrected from null to its default, false. 
[06Aug2026 13:12:43.316] [Test worker/WARN] [net.minecraftforge.common.ForgeConfigSpec/CORE]: Incorrect key Broadcast.broadcast_use_bundle was corrected from null to its default, false. 
[06Aug2026 13:12:43.316] [Test worker/WARN] [net.minecraftforge.common.ForgeConfigSpec/CORE]: Incorrect key Broadcast.debounce_millis was corrected from null to its default, 100. 
[06Aug2026 13:12:43.316] [Test worker/WARN] [net.minecraftforge.common.ForgeConfigSpec/CORE]: Incorrect key Broadcast.refresh_via_entity_tracker was corrected from null to its default, true. 
[06Aug2026 13:12:43.316] [Test worker/WARN] [net.minecraftforge.common.ForgeConfigSpec/CORE]: Incorrect key Metrics was corrected from null to its default, SimpleCommentedConfig:{}. 
[06Aug2026 13:12:43.316] [Test worker/WARN] [net.minecraftforge.common.ForgeConfigSpec/CORE]: Incorrect key Metrics.metrics_enabled was corrected from null to its default, true. 
[06Aug2026 13:12:43.316] [Test worker/WARN] [net.minecraftforge.common.ForgeConfigSpec/CORE]: Incorrect key Metrics.metrics_dump_interval_seconds was corrected from null to its default, 60. 
[06Aug2026 13:12:43.316] [Test worker/WARN] [net.minecraftforge.common.ForgeConfigSpec/CORE]: Incorrect key Http was corrected from null to its default, SimpleCommentedConfig:{}. 
[06Aug2026 13:12:43.317] [Test worker/WARN] [net.minecraftforge.common.ForgeConfigSpec/CORE]: Incorrect key Http.http_client_version was corrected from null to its default, HTTP_2. 
[06Aug2026 13:12:43.317] [Test worker/WARN] [net.minecraftforge.common.ForgeConfigSpec/CORE]: Incorrect key Http.http_connect_timeout_seconds was corrected from null to its default, 5. 
[06Aug2026 13:12:43.317] [Test worker/WARN] [net.minecraftforge.common.ForgeConfigSpec/CORE]: Incorrect key MojangCache was corrected from null to its default, SimpleCommentedConfig:{}. 
[06Aug2026 13:12:43.317] [Test worker/WARN] [net.minecraftforge.common.ForgeConfigSpec/CORE]: Incorrect key MojangCache.mojang_profile_cache_enabled was corrected from null to its default, true. 
[06Aug2026 13:12:43.317] [Test worker/WARN] [net.minecraftforge.common.ForgeConfigSpec/CORE]: Incorrect key MojangCache.mojang_profile_cache_ttl_ms was corrected from null to its default, 3600000. 
[06Aug2026 13:12:43.317] [Test worker/WARN] [net.minecraftforge.common.ForgeConfigSpec/CORE]: Incorrect key MojangCache.mojang_profile_cache_max_size was corrected from null to its default, 1000. 
[06Aug2026 13:12:43.317] [Test worker/WARN] [net.minecraftforge.common.ForgeConfigSpec/CORE]: Incorrect key DefaultSkins was corrected from null to its default, SimpleCommentedConfig:{}. 
[06Aug2026 13:12:43.317] [Test worker/WARN] [net.minecraftforge.common.ForgeConfigSpec/CORE]: Incorrect key DefaultSkins.enabled was corrected from null to its default, false. 
[06Aug2026 13:12:43.317] [Test worker/WARN] [net.minecraftforge.common.ForgeConfigSpec/CORE]: Incorrect key DefaultSkins.applyForPremium was corrected from null to its default, false. 
[06Aug2026 13:12:43.317] [Test worker/WARN] [net.minecraftforge.common.ForgeConfigSpec/CORE]: Incorrect key DefaultSkins.list was corrected from null to its default, [Steve, <random>]. 
[06Aug2026 13:12:43.317] [Test worker/WARN] [net.minecraftforge.common.ForgeConfigSpec/CORE]: Incorrect key Security was corrected from null to its default, SimpleCommentedConfig:{}. 
[06Aug2026 13:12:43.317] [Test worker/WARN] [net.minecraftforge.common.ForgeConfigSpec/CORE]: Incorrect key Security.urlAllowlistEnabled was corrected from null to its default, false. 
[06Aug2026 13:12:43.317] [Test worker/WARN] [net.minecraftforge.common.ForgeConfigSpec/CORE]: Incorrect key Security.urlAllowlistDomains was corrected from null to its default, [imgur.com, storage.googleapis.com, cdn.discordapp.com, textures.minecraft.net, namemc.com, crafatar.com, mc-heads.net, githubusercontent.com, minecraftskins.com]. 
[06Aug2026 13:12:43.318] [Test worker/WARN] [net.minecraftforge.common.ForgeConfigSpec/CORE]: Incorrect key Permissions was corrected from null to its default, SimpleCommentedConfig:{}. 
[06Aug2026 13:12:43.318] [Test worker/WARN] [net.minecraftforge.common.ForgeConfigSpec/CORE]: Incorrect key Permissions.op_level was corrected from null to its default, SimpleCommentedConfig:{}. 
[06Aug2026 13:12:43.318] [Test worker/WARN] [net.minecraftforge.common.ForgeConfigSpec/CORE]: Incorrect key Permissions.op_level.mojang was corrected from null to its default, 0. 
[06Aug2026 13:12:43.318] [Test worker/WARN] [net.minecraftforge.common.ForgeConfigSpec/CORE]: Incorrect key Permissions.op_level.url was corrected from null to its default, 2. 
[06Aug2026 13:12:43.318] [Test worker/WARN] [net.minecraftforge.common.ForgeConfigSpec/CORE]: Incorrect key Permissions.op_level.clear was corrected from null to its default, 0. 
[06Aug2026 13:12:43.318] [Test worker/WARN] [net.minecraftforge.common.ForgeConfigSpec/CORE]: Incorrect key Permissions.op_level.random was corrected from null to its default, 0. 
[06Aug2026 13:12:43.318] [Test worker/WARN] [net.minecraftforge.common.ForgeConfigSpec/CORE]: Incorrect key Permissions.op_level.other was corrected from null to its default, 2. 
[06Aug2026 13:12:43.318] [Test worker/WARN] [net.minecraftforge.common.ForgeConfigSpec/CORE]: Incorrect key Permissions.op_level.metrics was corrected from null to its default, 2. 
[06Aug2026 13:12:43.318] [Test worker/WARN] [net.minecraftforge.common.ForgeConfigSpec/CORE]: Incorrect key Permissions.op_level.metrics_reset was corrected from null to its default, 2. 
[06Aug2026 13:12:43.328] [Test worker/WARN] [net.minecraftforge.common.ForgeConfigSpec/CORE]: Configuration file SimpleCommentedConfig:{} is not correct. Correcting
[06Aug2026 13:12:43.329] [Test worker/WARN] [net.minecraftforge.common.ForgeConfigSpec/CORE]: Incorrect key Messages was corrected from null to its default, SimpleCommentedConfig:{}. 
[06Aug2026 13:12:43.329] [Test worker/WARN] [net.minecraftforge.common.ForgeConfigSpec/CORE]: Incorrect key Messages.localization was corrected from null to its default, en. 
[06Aug2026 13:12:43.329] [Test worker/WARN] [net.minecraftforge.common.ForgeConfigSpec/CORE]: Incorrect key Messages.display was corrected from null to its default, true. 
[06Aug2026 13:12:43.329] [Test worker/WARN] [net.minecraftforge.common.ForgeConfigSpec/CORE]: Incorrect key Messages.key was corrected from null to its default, . 
[06Aug2026 13:12:43.329] [Test worker/WARN] [net.minecraftforge.common.ForgeConfigSpec/CORE]: Incorrect key Messages.messages_change was corrected from null to its default, Skin change queued. 
[06Aug2026 13:12:43.329] [Test worker/WARN] [net.minecraftforge.common.ForgeConfigSpec/CORE]: Incorrect key Messages.messages_fulfilled was corrected from null to its default, Skin has been applied.. 
[06Aug2026 13:12:43.329] [Test worker/WARN] [net.minecraftforge.common.ForgeConfigSpec/CORE]: Incorrect key Messages.messages_timeout was corrected from null to its default, Skin fetch timed out.. 
[06Aug2026 13:12:43.329] [Test worker/WARN] [net.minecraftforge.common.ForgeConfigSpec/CORE]: Incorrect key Messages.messages_error was corrected from null to its default, Skin fetch failed.. 
[06Aug2026 13:12:43.329] [Test worker/WARN] [net.minecraftforge.common.ForgeConfigSpec/CORE]: Incorrect key Messages.messages_restored_from was corrected from null to its default, Skin restored from %s. 
[06Aug2026 13:12:43.329] [Test worker/WARN] [net.minecraftforge.common.ForgeConfigSpec/CORE]: Incorrect key Messages.messages_cleared_no_profile was corrected from null to its default, Skin cleared (no Mojang profile found). 
[06Aug2026 13:12:43.329] [Test worker/WARN] [net.minecraftforge.common.ForgeConfigSpec/CORE]: Incorrect key Messages.messages_no_source was corrected from null to its default, No source available. 
[06Aug2026 13:12:43.329] [Test worker/WARN] [net.minecraftforge.common.ForgeConfigSpec/CORE]: Incorrect key Messages.messages_player_only was corrected from null to its default, Player only command. 
[06Aug2026 13:12:43.329] [Test worker/WARN] [net.minecraftforge.common.ForgeConfigSpec/CORE]: Incorrect key Messages.messages_permission_denied was corrected from null to its default, Permission denied. 
[06Aug2026 13:12:43.329] [Test worker/WARN] [net.minecraftforge.common.ForgeConfigSpec/CORE]: Incorrect key Messages.messages_cooldown was corrected from null to its default, Please wait %ds before using /skin again. 
[06Aug2026 13:12:43.329] [Test worker/WARN] [net.minecraftforge.common.ForgeConfigSpec/CORE]: Incorrect key Messages.messages_rate_limited was corrected from null to its default, Too many /skin commands. Try again later.. 
[06Aug2026 13:12:43.330] [Test worker/WARN] [net.minecraftforge.common.ForgeConfigSpec/CORE]: Incorrect key Messages.messages_no_skin_found was corrected from null to its default, No skin found for "%s". 
[06Aug2026 13:12:43.330] [Test worker/WARN] [net.minecraftforge.common.ForgeConfigSpec/CORE]: Incorrect key Messages.messages_no_skin_found_plain was corrected from null to its default, No skin found. 
[06Aug2026 13:12:43.330] [Test worker/WARN] [net.minecraftforge.common.ForgeConfigSpec/CORE]: Incorrect key Messages.messages_mineskin_rejected was corrected from null to its default, MineSkin rejected the URL. 
[06Aug2026 13:12:43.330] [Test worker/WARN] [net.minecraftforge.common.ForgeConfigSpec/CORE]: Incorrect key Messages.messages_no_random_username was corrected from null to its default, No random username available. 
[06Aug2026 13:12:43.330] [Test worker/WARN] [net.minecraftforge.common.ForgeConfigSpec/CORE]: Incorrect key Messages.messages_provider_no_result was corrected from null to its default, Provider returned no result. 
[06Aug2026 13:12:43.330] [Test worker/WARN] [net.minecraftforge.common.ForgeConfigSpec/CORE]: Incorrect key Messages.messages_metrics_top_players was corrected from null to its default, Top players by refresh count:. 
[06Aug2026 13:12:43.330] [Test worker/WARN] [net.minecraftforge.common.ForgeConfigSpec/CORE]: Incorrect key Messages.messages_metrics_refreshes was corrected from null to its default,  refreshes. 
[06Aug2026 13:12:43.330] [Test worker/WARN] [net.minecraftforge.common.ForgeConfigSpec/CORE]: Incorrect key Messages.messages_metrics_no_refreshes was corrected from null to its default, (no refreshes recorded). 
[06Aug2026 13:12:43.330] [Test worker/WARN] [net.minecraftforge.common.ForgeConfigSpec/CORE]: Incorrect key Messages.messages_metrics_cleanup was corrected from null to its default, Metrics cleanup: pruned %d stale player entries. 
[06Aug2026 13:12:43.330] [Test worker/WARN] [net.minecraftforge.common.ForgeConfigSpec/CORE]: Incorrect key Messages.messages_metrics_reset was corrected from null to its default, Metrics reset. 
[06Aug2026 13:12:43.331] [Test worker/WARN] [net.minecraftforge.common.ForgeConfigSpec/CORE]: Incorrect key Messages.messages_discord_announce was corrected from null to its default, **%s** changed their skin to: `%s`. 
[06Aug2026 13:12:43.331] [Test worker/WARN] [net.minecraftforge.common.ForgeConfigSpec/CORE]: Incorrect key Integration was corrected from null to its default, SimpleCommentedConfig:{}. 
[06Aug2026 13:12:43.331] [Test worker/WARN] [net.minecraftforge.common.ForgeConfigSpec/CORE]: Incorrect key Integration.discordsrv_enabled was corrected from null to its default, false. 
[06Aug2026 13:12:43.331] [Test worker/WARN] [net.minecraftforge.common.ForgeConfigSpec/CORE]: Incorrect key Integration.discordsrv_channel_id was corrected from null to its default, . 
[06Aug2026 13:12:43.331] [Test worker/WARN] [net.minecraftforge.common.ForgeConfigSpec/CORE]: Incorrect key RateLimit was corrected from null to its default, SimpleCommentedConfig:{}. 
[06Aug2026 13:12:43.331] [Test worker/WARN] [net.minecraftforge.common.ForgeConfigSpec/CORE]: Incorrect key RateLimit.cooldown_seconds was corrected from null to its default, 3. 
[06Aug2026 13:12:43.331] [Test worker/WARN] [net.minecraftforge.common.ForgeConfigSpec/CORE]: Incorrect key RateLimit.rate_limit_enabled was corrected from null to its default, true. 
[06Aug2026 13:12:43.331] [Test worker/WARN] [net.minecraftforge.common.ForgeConfigSpec/CORE]: Incorrect key RateLimit.max_commands_per_minute was corrected from null to its default, 5. 
[06Aug2026 13:12:43.331] [Test worker/WARN] [net.minecraftforge.common.ForgeConfigSpec/CORE]: Incorrect key Broadcast was corrected from null to its default, SimpleCommentedConfig:{}. 
[06Aug2026 13:12:43.331] [Test worker/WARN] [net.minecraftforge.common.ForgeConfigSpec/CORE]: Incorrect key Broadcast.dimension_scoped_broadcast was corrected from null to its default, false. 
[06Aug2026 13:12:43.331] [Test worker/WARN] [net.minecraftforge.common.ForgeConfigSpec/CORE]: Incorrect key Broadcast.broadcast_use_bundle was corrected from null to its default, false. 
[06Aug2026 13:12:43.331] [Test worker/WARN] [net.minecraftforge.common.ForgeConfigSpec/CORE]: Incorrect key Broadcast.debounce_millis was corrected from null to its default, 100. 
[06Aug2026 13:12:43.331] [Test worker/WARN] [net.minecraftforge.common.ForgeConfigSpec/CORE]: Incorrect key Broadcast.refresh_via_entity_tracker was corrected from null to its default, true. 
[06Aug2026 13:12:43.331] [Test worker/WARN] [net.minecraftforge.common.ForgeConfigSpec/CORE]: Incorrect key Metrics was corrected from null to its default, SimpleCommentedConfig:{}. 
[06Aug2026 13:12:43.332] [Test worker/WARN] [net.minecraftforge.common.ForgeConfigSpec/CORE]: Incorrect key Metrics.metrics_enabled was corrected from null to its default, true. 
[06Aug2026 13:12:43.332] [Test worker/WARN] [net.minecraftforge.common.ForgeConfigSpec/CORE]: Incorrect key Metrics.metrics_dump_interval_seconds was corrected from null to its default, 60. 
[06Aug2026 13:12:43.332] [Test worker/WARN] [net.minecraftforge.common.ForgeConfigSpec/CORE]: Incorrect key Http was corrected from null to its default, SimpleCommentedConfig:{}. 
[06Aug2026 13:12:43.332] [Test worker/WARN] [net.minecraftforge.common.ForgeConfigSpec/CORE]: Incorrect key Http.http_client_version was corrected from null to its default, HTTP_2. 
[06Aug2026 13:12:43.332] [Test worker/WARN] [net.minecraftforge.common.ForgeConfigSpec/CORE]: Incorrect key Http.http_connect_timeout_seconds was corrected from null to its default, 5. 
[06Aug2026 13:12:43.332] [Test worker/WARN] [net.minecraftforge.common.ForgeConfigSpec/CORE]: Incorrect key MojangCache was corrected from null to its default, SimpleCommentedConfig:{}. 
[06Aug2026 13:12:43.332] [Test worker/WARN] [net.minecraftforge.common.ForgeConfigSpec/CORE]: Incorrect key MojangCache.mojang_profile_cache_enabled was corrected from null to its default, true. 
[06Aug2026 13:12:43.332] [Test worker/WARN] [net.minecraftforge.common.ForgeConfigSpec/CORE]: Incorrect key MojangCache.mojang_profile_cache_ttl_ms was corrected from null to its default, 3600000. 
[06Aug2026 13:12:43.332] [Test worker/WARN] [net.minecraftforge.common.ForgeConfigSpec/CORE]: Incorrect key MojangCache.mojang_profile_cache_max_size was corrected from null to its default, 1000. 
[06Aug2026 13:12:43.332] [Test worker/WARN] [net.minecraftforge.common.ForgeConfigSpec/CORE]: Incorrect key DefaultSkins was corrected from null to its default, SimpleCommentedConfig:{}. 
[06Aug2026 13:12:43.332] [Test worker/WARN] [net.minecraftforge.common.ForgeConfigSpec/CORE]: Incorrect key DefaultSkins.enabled was corrected from null to its default, false. 
[06Aug2026 13:12:43.332] [Test worker/WARN] [net.minecraftforge.common.ForgeConfigSpec/CORE]: Incorrect key DefaultSkins.applyForPremium was corrected from null to its default, false. 
[06Aug2026 13:12:43.332] [Test worker/WARN] [net.minecraftforge.common.ForgeConfigSpec/CORE]: Incorrect key DefaultSkins.list was corrected from null to its default, [Steve, <random>]. 
[06Aug2026 13:12:43.333] [Test worker/WARN] [net.minecraftforge.common.ForgeConfigSpec/CORE]: Incorrect key Security was corrected from null to its default, SimpleCommentedConfig:{}. 
[06Aug2026 13:12:43.333] [Test worker/WARN] [net.minecraftforge.common.ForgeConfigSpec/CORE]: Incorrect key Security.urlAllowlistEnabled was corrected from null to its default, false. 
[06Aug2026 13:12:43.333] [Test worker/WARN] [net.minecraftforge.common.ForgeConfigSpec/CORE]: Incorrect key Security.urlAllowlistDomains was corrected from null to its default, [imgur.com, storage.googleapis.com, cdn.discordapp.com, textures.minecraft.net, namemc.com, crafatar.com, mc-heads.net, githubusercontent.com, minecraftskins.com]. 
[06Aug2026 13:12:43.333] [Test worker/WARN] [net.minecraftforge.common.ForgeConfigSpec/CORE]: Incorrect key Permissions was corrected from null to its default, SimpleCommentedConfig:{}. 
[06Aug2026 13:12:43.333] [Test worker/WARN] [net.minecraftforge.common.ForgeConfigSpec/CORE]: Incorrect key Permissions.op_level was corrected from null to its default, SimpleCommentedConfig:{}. 
[06Aug2026 13:12:43.333] [Test worker/WARN] [net.minecraftforge.common.ForgeConfigSpec/CORE]: Incorrect key Permissions.op_level.mojang was corrected from null to its default, 0. 
[06Aug2026 13:12:43.333] [Test worker/WARN] [net.minecraftforge.common.ForgeConfigSpec/CORE]: Incorrect key Permissions.op_level.url was corrected from null to its default, 2. 
[06Aug2026 13:12:43.333] [Test worker/WARN] [net.minecraftforge.common.ForgeConfigSpec/CORE]: Incorrect key Permissions.op_level.clear was corrected from null to its default, 0. 
[06Aug2026 13:12:43.333] [Test worker/WARN] [net.minecraftforge.common.ForgeConfigSpec/CORE]: Incorrect key Permissions.op_level.random was corrected from null to its default, 0. 
[06Aug2026 13:12:43.333] [Test worker/WARN] [net.minecraftforge.common.ForgeConfigSpec/CORE]: Incorrect key Permissions.op_level.other was corrected from null to its default, 2. 
[06Aug2026 13:12:43.334] [Test worker/WARN] [net.minecraftforge.common.ForgeConfigSpec/CORE]: Incorrect key Permissions.op_level.metrics was corrected from null to its default, 2. 
[06Aug2026 13:12:43.334] [Test worker/WARN] [net.minecraftforge.common.ForgeConfigSpec/CORE]: Incorrect key Permissions.op_level.metrics_reset was corrected from null to its default, 2. 
[06Aug2026 13:12:43.342] [Test worker/WARN] [net.minecraftforge.common.ForgeConfigSpec/CORE]: Configuration file SimpleCommentedConfig:{} is not correct. Correcting
[06Aug2026 13:12:43.343] [Test worker/WARN] [net.minecraftforge.common.ForgeConfigSpec/CORE]: Incorrect key Messages was corrected from null to its default, SimpleCommentedConfig:{}. 
[06Aug2026 13:12:43.343] [Test worker/WARN] [net.minecraftforge.common.ForgeConfigSpec/CORE]: Incorrect key Messages.localization was corrected from null to its default, en. 
[06Aug2026 13:12:43.343] [Test worker/WARN] [net.minecraftforge.common.ForgeConfigSpec/CORE]: Incorrect key Messages.display was corrected from null to its default, true. 
[06Aug2026 13:12:43.343] [Test worker/WARN] [net.minecraftforge.common.ForgeConfigSpec/CORE]: Incorrect key Messages.key was corrected from null to its default, . 
[06Aug2026 13:12:43.343] [Test worker/WARN] [net.minecraftforge.common.ForgeConfigSpec/CORE]: Incorrect key Messages.messages_change was corrected from null to its default, Skin change queued. 
[06Aug2026 13:12:43.343] [Test worker/WARN] [net.minecraftforge.common.ForgeConfigSpec/CORE]: Incorrect key Messages.messages_fulfilled was corrected from null to its default, Skin has been applied.. 
[06Aug2026 13:12:43.343] [Test worker/WARN] [net.minecraftforge.common.ForgeConfigSpec/CORE]: Incorrect key Messages.messages_timeout was corrected from null to its default, Skin fetch timed out.. 
[06Aug2026 13:12:43.343] [Test worker/WARN] [net.minecraftforge.common.ForgeConfigSpec/CORE]: Incorrect key Messages.messages_error was corrected from null to its default, Skin fetch failed.. 
[06Aug2026 13:12:43.343] [Test worker/WARN] [net.minecraftforge.common.ForgeConfigSpec/CORE]: Incorrect key Messages.messages_restored_from was corrected from null to its default, Skin restored from %s. 
[06Aug2026 13:12:43.343] [Test worker/WARN] [net.minecraftforge.common.ForgeConfigSpec/CORE]: Incorrect key Messages.messages_cleared_no_profile was corrected from null to its default, Skin cleared (no Mojang profile found). 
[06Aug2026 13:12:43.343] [Test worker/WARN] [net.minecraftforge.common.ForgeConfigSpec/CORE]: Incorrect key Messages.messages_no_source was corrected from null to its default, No source available. 
[06Aug2026 13:12:43.344] [Test worker/WARN] [net.minecraftforge.common.ForgeConfigSpec/CORE]: Incorrect key Messages.messages_player_only was corrected from null to its default, Player only command. 
[06Aug2026 13:12:43.344] [Test worker/WARN] [net.minecraftforge.common.ForgeConfigSpec/CORE]: Incorrect key Messages.messages_permission_denied was corrected from null to its default, Permission denied. 
[06Aug2026 13:12:43.344] [Test worker/WARN] [net.minecraftforge.common.ForgeConfigSpec/CORE]: Incorrect key Messages.messages_cooldown was corrected from null to its default, Please wait %ds before using /skin again. 
[06Aug2026 13:12:43.344] [Test worker/WARN] [net.minecraftforge.common.ForgeConfigSpec/CORE]: Incorrect key Messages.messages_rate_limited was corrected from null to its default, Too many /skin commands. Try again later.. 
[06Aug2026 13:12:43.344] [Test worker/WARN] [net.minecraftforge.common.ForgeConfigSpec/CORE]: Incorrect key Messages.messages_no_skin_found was corrected from null to its default, No skin found for "%s". 
[06Aug2026 13:12:43.344] [Test worker/WARN] [net.minecraftforge.common.ForgeConfigSpec/CORE]: Incorrect key Messages.messages_no_skin_found_plain was corrected from null to its default, No skin found. 
[06Aug2026 13:12:43.344] [Test worker/WARN] [net.minecraftforge.common.ForgeConfigSpec/CORE]: Incorrect key Messages.messages_mineskin_rejected was corrected from null to its default, MineSkin rejected the URL. 
[06Aug2026 13:12:43.344] [Test worker/WARN] [net.minecraftforge.common.ForgeConfigSpec/CORE]: Incorrect key Messages.messages_no_random_username was corrected from null to its default, No random username available. 
[06Aug2026 13:12:43.344] [Test worker/WARN] [net.minecraftforge.common.ForgeConfigSpec/CORE]: Incorrect key Messages.messages_provider_no_result was corrected from null to its default, Provider returned no result. 
[06Aug2026 13:12:43.344] [Test worker/WARN] [net.minecraftforge.common.ForgeConfigSpec/CORE]: Incorrect key Messages.messages_metrics_top_players was corrected from null to its default, Top players by refresh count:. 
[06Aug2026 13:12:43.344] [Test worker/WARN] [net.minecraftforge.common.ForgeConfigSpec/CORE]: Incorrect key Messages.messages_metrics_refreshes was corrected from null to its default,  refreshes. 
[06Aug2026 13:12:43.345] [Test worker/WARN] [net.minecraftforge.common.ForgeConfigSpec/CORE]: Incorrect key Messages.messages_metrics_no_refreshes was corrected from null to its default, (no refreshes recorded). 
[06Aug2026 13:12:43.345] [Test worker/WARN] [net.minecraftforge.common.ForgeConfigSpec/CORE]: Incorrect key Messages.messages_metrics_cleanup was corrected from null to its default, Metrics cleanup: pruned %d stale player entries. 
[06Aug2026 13:12:43.345] [Test worker/WARN] [net.minecraftforge.common.ForgeConfigSpec/CORE]: Incorrect key Messages.messages_metrics_reset was corrected from null to its default, Metrics reset. 
[06Aug2026 13:12:43.345] [Test worker/WARN] [net.minecraftforge.common.ForgeConfigSpec/CORE]: Incorrect key Messages.messages_discord_announce was corrected from null to its default, **%s** changed their skin to: `%s`. 
[06Aug2026 13:12:43.345] [Test worker/WARN] [net.minecraftforge.common.ForgeConfigSpec/CORE]: Incorrect key Integration was corrected from null to its default, SimpleCommentedConfig:{}. 
[06Aug2026 13:12:43.345] [Test worker/WARN] [net.minecraftforge.common.ForgeConfigSpec/CORE]: Incorrect key Integration.discordsrv_enabled was corrected from null to its default, false. 
[06Aug2026 13:12:43.345] [Test worker/WARN] [net.minecraftforge.common.ForgeConfigSpec/CORE]: Incorrect key Integration.discordsrv_channel_id was corrected from null to its default, . 
[06Aug2026 13:12:43.345] [Test worker/WARN] [net.minecraftforge.common.ForgeConfigSpec/CORE]: Incorrect key RateLimit was corrected from null to its default, SimpleCommentedConfig:{}. 
[06Aug2026 13:12:43.345] [Test worker/WARN] [net.minecraftforge.common.ForgeConfigSpec/CORE]: Incorrect key RateLimit.cooldown_seconds was corrected from null to its default, 3. 
[06Aug2026 13:12:43.345] [Test worker/WARN] [net.minecraftforge.common.ForgeConfigSpec/CORE]: Incorrect key RateLimit.rate_limit_enabled was corrected from null to its default, true. 
[06Aug2026 13:12:43.346] [Test worker/WARN] [net.minecraftforge.common.ForgeConfigSpec/CORE]: Incorrect key RateLimit.max_commands_per_minute was corrected from null to its default, 5. 
[06Aug2026 13:12:43.346] [Test worker/WARN] [net.minecraftforge.common.ForgeConfigSpec/CORE]: Incorrect key Broadcast was corrected from null to its default, SimpleCommentedConfig:{}. 
[06Aug2026 13:12:43.346] [Test worker/WARN] [net.minecraftforge.common.ForgeConfigSpec/CORE]: Incorrect key Broadcast.dimension_scoped_broadcast was corrected from null to its default, false. 
[06Aug2026 13:12:43.346] [Test worker/WARN] [net.minecraftforge.common.ForgeConfigSpec/CORE]: Incorrect key Broadcast.broadcast_use_bundle was corrected from null to its default, false. 
[06Aug2026 13:12:43.346] [Test worker/WARN] [net.minecraftforge.common.ForgeConfigSpec/CORE]: Incorrect key Broadcast.debounce_millis was corrected from null to its default, 100. 
[06Aug2026 13:12:43.346] [Test worker/WARN] [net.minecraftforge.common.ForgeConfigSpec/CORE]: Incorrect key Broadcast.refresh_via_entity_tracker was corrected from null to its default, true. 
[06Aug2026 13:12:43.346] [Test worker/WARN] [net.minecraftforge.common.ForgeConfigSpec/CORE]: Incorrect key Metrics was corrected from null to its default, SimpleCommentedConfig:{}. 
[06Aug2026 13:12:43.346] [Test worker/WARN] [net.minecraftforge.common.ForgeConfigSpec/CORE]: Incorrect key Metrics.metrics_enabled was corrected from null to its default, true. 
[06Aug2026 13:12:43.347] [Test worker/WARN] [net.minecraftforge.common.ForgeConfigSpec/CORE]: Incorrect key Metrics.metrics_dump_interval_seconds was corrected from null to its default, 60. 
[06Aug2026 13:12:43.347] [Test worker/WARN] [net.minecraftforge.common.ForgeConfigSpec/CORE]: Incorrect key Http was corrected from null to its default, SimpleCommentedConfig:{}. 
[06Aug2026 13:12:43.347] [Test worker/WARN] [net.minecraftforge.common.ForgeConfigSpec/CORE]: Incorrect key Http.http_client_version was corrected from null to its default, HTTP_2. 
[06Aug2026 13:12:43.347] [Test worker/WARN] [net.minecraftforge.common.ForgeConfigSpec/CORE]: Incorrect key Http.http_connect_timeout_seconds was corrected from null to its default, 5. 
[06Aug2026 13:12:43.347] [Test worker/WARN] [net.minecraftforge.common.ForgeConfigSpec/CORE]: Incorrect key MojangCache was corrected from null to its default, SimpleCommentedConfig:{}. 
[06Aug2026 13:12:43.347] [Test worker/WARN] [net.minecraftforge.common.ForgeConfigSpec/CORE]: Incorrect key MojangCache.mojang_profile_cache_enabled was corrected from null to its default, true. 
[06Aug2026 13:12:43.347] [Test worker/WARN] [net.minecraftforge.common.ForgeConfigSpec/CORE]: Incorrect key MojangCache.mojang_profile_cache_ttl_ms was corrected from null to its default, 3600000. 
[06Aug2026 13:12:43.347] [Test worker/WARN] [net.minecraftforge.common.ForgeConfigSpec/CORE]: Incorrect key MojangCache.mojang_profile_cache_max_size was corrected from null to its default, 1000. 
[06Aug2026 13:12:43.347] [Test worker/WARN] [net.minecraftforge.common.ForgeConfigSpec/CORE]: Incorrect key DefaultSkins was corrected from null to its default, SimpleCommentedConfig:{}. 
[06Aug2026 13:12:43.347] [Test worker/WARN] [net.minecraftforge.common.ForgeConfigSpec/CORE]: Incorrect key DefaultSkins.enabled was corrected from null to its default, false. 
[06Aug2026 13:12:43.347] [Test worker/WARN] [net.minecraftforge.common.ForgeConfigSpec/CORE]: Incorrect key DefaultSkins.applyForPremium was corrected from null to its default, false. 
[06Aug2026 13:12:43.348] [Test worker/WARN] [net.minecraftforge.common.ForgeConfigSpec/CORE]: Incorrect key DefaultSkins.list was corrected from null to its default, [Steve, <random>]. 
[06Aug2026 13:12:43.348] [Test worker/WARN] [net.minecraftforge.common.ForgeConfigSpec/CORE]: Incorrect key Security was corrected from null to its default, SimpleCommentedConfig:{}. 
[06Aug2026 13:12:43.348] [Test worker/WARN] [net.minecraftforge.common.ForgeConfigSpec/CORE]: Incorrect key Security.urlAllowlistEnabled was corrected from null to its default, false. 
[06Aug2026 13:12:43.348] [Test worker/WARN] [net.minecraftforge.common.ForgeConfigSpec/CORE]: Incorrect key Security.urlAllowlistDomains was corrected from null to its default, [imgur.com, storage.googleapis.com, cdn.discordapp.com, textures.minecraft.net, namemc.com, crafatar.com, mc-heads.net, githubusercontent.com, minecraftskins.com]. 
[06Aug2026 13:12:43.348] [Test worker/WARN] [net.minecraftforge.common.ForgeConfigSpec/CORE]: Incorrect key Permissions was corrected from null to its default, SimpleCommentedConfig:{}. 
[06Aug2026 13:12:43.348] [Test worker/WARN] [net.minecraftforge.common.ForgeConfigSpec/CORE]: Incorrect key Permissions.op_level was corrected from null to its default, SimpleCommentedConfig:{}. 
[06Aug2026 13:12:43.348] [Test worker/WARN] [net.minecraftforge.common.ForgeConfigSpec/CORE]: Incorrect key Permissions.op_level.mojang was corrected from null to its default, 0. 
[06Aug2026 13:12:43.348] [Test worker/WARN] [net.minecraftforge.common.ForgeConfigSpec/CORE]: Incorrect key Permissions.op_level.url was corrected from null to its default, 2. 
[06Aug2026 13:12:43.348] [Test worker/WARN] [net.minecraftforge.common.ForgeConfigSpec/CORE]: Incorrect key Permissions.op_level.clear was corrected from null to its default, 0. 
[06Aug2026 13:12:43.349] [Test worker/WARN] [net.minecraftforge.common.ForgeConfigSpec/CORE]: Incorrect key Permissions.op_level.random was corrected from null to its default, 0. 
[06Aug2026 13:12:43.349] [Test worker/WARN] [net.minecraftforge.common.ForgeConfigSpec/CORE]: Incorrect key Permissions.op_level.other was corrected from null to its default, 2. 
[06Aug2026 13:12:43.349] [Test worker/WARN] [net.minecraftforge.common.ForgeConfigSpec/CORE]: Incorrect key Permissions.op_level.metrics was corrected from null to its default, 2. 
[06Aug2026 13:12:43.349] [Test worker/WARN] [net.minecraftforge.common.ForgeConfigSpec/CORE]: Incorrect key Permissions.op_level.metrics_reset was corrected from null to its default, 2. 
[06Aug2026 13:12:43.355] [Test worker/WARN] [net.minecraftforge.common.ForgeConfigSpec/CORE]: Configuration file SimpleCommentedConfig:{} is not correct. Correcting
[06Aug2026 13:12:43.356] [Test worker/WARN] [net.minecraftforge.common.ForgeConfigSpec/CORE]: Incorrect key Messages was corrected from null to its default, SimpleCommentedConfig:{}. 
[06Aug2026 13:12:43.356] [Test worker/WARN] [net.minecraftforge.common.ForgeConfigSpec/CORE]: Incorrect key Messages.localization was corrected from null to its default, en. 
[06Aug2026 13:12:43.356] [Test worker/WARN] [net.minecraftforge.common.ForgeConfigSpec/CORE]: Incorrect key Messages.display was corrected from null to its default, true. 
[06Aug2026 13:12:43.356] [Test worker/WARN] [net.minecraftforge.common.ForgeConfigSpec/CORE]: Incorrect key Messages.key was corrected from null to its default, . 
[06Aug2026 13:12:43.356] [Test worker/WARN] [net.minecraftforge.common.ForgeConfigSpec/CORE]: Incorrect key Messages.messages_change was corrected from null to its default, Skin change queued. 
[06Aug2026 13:12:43.356] [Test worker/WARN] [net.minecraftforge.common.ForgeConfigSpec/CORE]: Incorrect key Messages.messages_fulfilled was corrected from null to its default, Skin has been applied.. 
[06Aug2026 13:12:43.356] [Test worker/WARN] [net.minecraftforge.common.ForgeConfigSpec/CORE]: Incorrect key Messages.messages_timeout was corrected from null to its default, Skin fetch timed out.. 
[06Aug2026 13:12:43.356] [Test worker/WARN] [net.minecraftforge.common.ForgeConfigSpec/CORE]: Incorrect key Messages.messages_error was corrected from null to its default, Skin fetch failed.. 
[06Aug2026 13:12:43.356] [Test worker/WARN] [net.minecraftforge.common.ForgeConfigSpec/CORE]: Incorrect key Messages.messages_restored_from was corrected from null to its default, Skin restored from %s. 
[06Aug2026 13:12:43.356] [Test worker/WARN] [net.minecraftforge.common.ForgeConfigSpec/CORE]: Incorrect key Messages.messages_cleared_no_profile was corrected from null to its default, Skin cleared (no Mojang profile found). 
[06Aug2026 13:12:43.356] [Test worker/WARN] [net.minecraftforge.common.ForgeConfigSpec/CORE]: Incorrect key Messages.messages_no_source was corrected from null to its default, No source available. 
[06Aug2026 13:12:43.357] [Test worker/WARN] [net.minecraftforge.common.ForgeConfigSpec/CORE]: Incorrect key Messages.messages_player_only was corrected from null to its default, Player only command. 
[06Aug2026 13:12:43.357] [Test worker/WARN] [net.minecraftforge.common.ForgeConfigSpec/CORE]: Incorrect key Messages.messages_permission_denied was corrected from null to its default, Permission denied. 
[06Aug2026 13:12:43.357] [Test worker/WARN] [net.minecraftforge.common.ForgeConfigSpec/CORE]: Incorrect key Messages.messages_cooldown was corrected from null to its default, Please wait %ds before using /skin again. 
[06Aug2026 13:12:43.357] [Test worker/WARN] [net.minecraftforge.common.ForgeConfigSpec/CORE]: Incorrect key Messages.messages_rate_limited was corrected from null to its default, Too many /skin commands. Try again later.. 
[06Aug2026 13:12:43.357] [Test worker/WARN] [net.minecraftforge.common.ForgeConfigSpec/CORE]: Incorrect key Messages.messages_no_skin_found was corrected from null to its default, No skin found for "%s". 
[06Aug2026 13:12:43.357] [Test worker/WARN] [net.minecraftforge.common.ForgeConfigSpec/CORE]: Incorrect key Messages.messages_no_skin_found_plain was corrected from null to its default, No skin found. 
[06Aug2026 13:12:43.357] [Test worker/WARN] [net.minecraftforge.common.ForgeConfigSpec/CORE]: Incorrect key Messages.messages_mineskin_rejected was corrected from null to its default, MineSkin rejected the URL. 
[06Aug2026 13:12:43.357] [Test worker/WARN] [net.minecraftforge.common.ForgeConfigSpec/CORE]: Incorrect key Messages.messages_no_random_username was corrected from null to its default, No random username available. 
[06Aug2026 13:12:43.357] [Test worker/WARN] [net.minecraftforge.common.ForgeConfigSpec/CORE]: Incorrect key Messages.messages_provider_no_result was corrected from null to its default, Provider returned no result. 
[06Aug2026 13:12:43.357] [Test worker/WARN] [net.minecraftforge.common.ForgeConfigSpec/CORE]: Incorrect key Messages.messages_metrics_top_players was corrected from null to its default, Top players by refresh count:. 
[06Aug2026 13:12:43.357] [Test worker/WARN] [net.minecraftforge.common.ForgeConfigSpec/CORE]: Incorrect key Messages.messages_metrics_refreshes was corrected from null to its default,  refreshes. 
[06Aug2026 13:12:43.358] [Test worker/WARN] [net.minecraftforge.common.ForgeConfigSpec/CORE]: Incorrect key Messages.messages_metrics_no_refreshes was corrected from null to its default, (no refreshes recorded). 
[06Aug2026 13:12:43.358] [Test worker/WARN] [net.minecraftforge.common.ForgeConfigSpec/CORE]: Incorrect key Messages.messages_metrics_cleanup was corrected from null to its default, Metrics cleanup: pruned %d stale player entries. 
[06Aug2026 13:12:43.358] [Test worker/WARN] [net.minecraftforge.common.ForgeConfigSpec/CORE]: Incorrect key Messages.messages_metrics_reset was corrected from null to its default, Metrics reset. 
[06Aug2026 13:12:43.358] [Test worker/WARN] [net.minecraftforge.common.ForgeConfigSpec/CORE]: Incorrect key Messages.messages_discord_announce was corrected from null to its default, **%s** changed their skin to: `%s`. 
[06Aug2026 13:12:43.358] [Test worker/WARN] [net.minecraftforge.common.ForgeConfigSpec/CORE]: Incorrect key Integration was corrected from null to its default, SimpleCommentedConfig:{}. 
[06Aug2026 13:12:43.358] [Test worker/WARN] [net.minecraftforge.common.ForgeConfigSpec/CORE]: Incorrect key Integration.discordsrv_enabled was corrected from null to its default, false. 
[06Aug2026 13:12:43.358] [Test worker/WARN] [net.minecraftforge.common.ForgeConfigSpec/CORE]: Incorrect key Integration.discordsrv_channel_id was corrected from null to its default, . 
[06Aug2026 13:12:43.358] [Test worker/WARN] [net.minecraftforge.common.ForgeConfigSpec/CORE]: Incorrect key RateLimit was corrected from null to its default, SimpleCommentedConfig:{}. 
[06Aug2026 13:12:43.358] [Test worker/WARN] [net.minecraftforge.common.ForgeConfigSpec/CORE]: Incorrect key RateLimit.cooldown_seconds was corrected from null to its default, 3. 
[06Aug2026 13:12:43.358] [Test worker/WARN] [net.minecraftforge.common.ForgeConfigSpec/CORE]: Incorrect key RateLimit.rate_limit_enabled was corrected from null to its default, true. 
[06Aug2026 13:12:43.358] [Test worker/WARN] [net.minecraftforge.common.ForgeConfigSpec/CORE]: Incorrect key RateLimit.max_commands_per_minute was corrected from null to its default, 5. 
[06Aug2026 13:12:43.358] [Test worker/WARN] [net.minecraftforge.common.ForgeConfigSpec/CORE]: Incorrect key Broadcast was corrected from null to its default, SimpleCommentedConfig:{}. 
[06Aug2026 13:12:43.359] [Test worker/WARN] [net.minecraftforge.common.ForgeConfigSpec/CORE]: Incorrect key Broadcast.dimension_scoped_broadcast was corrected from null to its default, false. 
[06Aug2026 13:12:43.359] [Test worker/WARN] [net.minecraftforge.common.ForgeConfigSpec/CORE]: Incorrect key Broadcast.broadcast_use_bundle was corrected from null to its default, false. 
[06Aug2026 13:12:43.359] [Test worker/WARN] [net.minecraftforge.common.ForgeConfigSpec/CORE]: Incorrect key Broadcast.debounce_millis was corrected from null to its default, 100. 
[06Aug2026 13:12:43.359] [Test worker/WARN] [net.minecraftforge.common.ForgeConfigSpec/CORE]: Incorrect key Broadcast.refresh_via_entity_tracker was corrected from null to its default, true. 
[06Aug2026 13:12:43.359] [Test worker/WARN] [net.minecraftforge.common.ForgeConfigSpec/CORE]: Incorrect key Metrics was corrected from null to its default, SimpleCommentedConfig:{}. 
[06Aug2026 13:12:43.359] [Test worker/WARN] [net.minecraftforge.common.ForgeConfigSpec/CORE]: Incorrect key Metrics.metrics_enabled was corrected from null to its default, true. 
[06Aug2026 13:12:43.359] [Test worker/WARN] [net.minecraftforge.common.ForgeConfigSpec/CORE]: Incorrect key Metrics.metrics_dump_interval_seconds was corrected from null to its default, 60. 
[06Aug2026 13:12:43.359] [Test worker/WARN] [net.minecraftforge.common.ForgeConfigSpec/CORE]: Incorrect key Http was corrected from null to its default, SimpleCommentedConfig:{}. 
[06Aug2026 13:12:43.359] [Test worker/WARN] [net.minecraftforge.common.ForgeConfigSpec/CORE]: Incorrect key Http.http_client_version was corrected from null to its default, HTTP_2. 
[06Aug2026 13:12:43.359] [Test worker/WARN] [net.minecraftforge.common.ForgeConfigSpec/CORE]: Incorrect key Http.http_connect_timeout_seconds was corrected from null to its default, 5. 
[06Aug2026 13:12:43.360] [Test worker/WARN] [net.minecraftforge.common.ForgeConfigSpec/CORE]: Incorrect key MojangCache was corrected from null to its default, SimpleCommentedConfig:{}. 
[06Aug2026 13:12:43.360] [Test worker/WARN] [net.minecraftforge.common.ForgeConfigSpec/CORE]: Incorrect key MojangCache.mojang_profile_cache_enabled was corrected from null to its default, true. 
[06Aug2026 13:12:43.360] [Test worker/WARN] [net.minecraftforge.common.ForgeConfigSpec/CORE]: Incorrect key MojangCache.mojang_profile_cache_ttl_ms was corrected from null to its default, 3600000. 
[06Aug2026 13:12:43.360] [Test worker/WARN] [net.minecraftforge.common.ForgeConfigSpec/CORE]: Incorrect key MojangCache.mojang_profile_cache_max_size was corrected from null to its default, 1000. 
[06Aug2026 13:12:43.360] [Test worker/WARN] [net.minecraftforge.common.ForgeConfigSpec/CORE]: Incorrect key DefaultSkins was corrected from null to its default, SimpleCommentedConfig:{}. 
[06Aug2026 13:12:43.360] [Test worker/WARN] [net.minecraftforge.common.ForgeConfigSpec/CORE]: Incorrect key DefaultSkins.enabled was corrected from null to its default, false. 
[06Aug2026 13:12:43.360] [Test worker/WARN] [net.minecraftforge.common.ForgeConfigSpec/CORE]: Incorrect key DefaultSkins.applyForPremium was corrected from null to its default, false. 
[06Aug2026 13:12:43.360] [Test worker/WARN] [net.minecraftforge.common.ForgeConfigSpec/CORE]: Incorrect key DefaultSkins.list was corrected from null to its default, [Steve, <random>]. 
[06Aug2026 13:12:43.360] [Test worker/WARN] [net.minecraftforge.common.ForgeConfigSpec/CORE]: Incorrect key Security was corrected from null to its default, SimpleCommentedConfig:{}. 
[06Aug2026 13:12:43.361] [Test worker/WARN] [net.minecraftforge.common.ForgeConfigSpec/CORE]: Incorrect key Security.urlAllowlistEnabled was corrected from null to its default, false. 
[06Aug2026 13:12:43.361] [Test worker/WARN] [net.minecraftforge.common.ForgeConfigSpec/CORE]: Incorrect key Security.urlAllowlistDomains was corrected from null to its default, [imgur.com, storage.googleapis.com, cdn.discordapp.com, textures.minecraft.net, namemc.com, crafatar.com, mc-heads.net, githubusercontent.com, minecraftskins.com]. 
[06Aug2026 13:12:43.361] [Test worker/WARN] [net.minecraftforge.common.ForgeConfigSpec/CORE]: Incorrect key Permissions was corrected from null to its default, SimpleCommentedConfig:{}. 
[06Aug2026 13:12:43.361] [Test worker/WARN] [net.minecraftforge.common.ForgeConfigSpec/CORE]: Incorrect key Permissions.op_level was corrected from null to its default, SimpleCommentedConfig:{}. 
[06Aug2026 13:12:43.361] [Test worker/WARN] [net.minecraftforge.common.ForgeConfigSpec/CORE]: Incorrect key Permissions.op_level.mojang was corrected from null to its default, 0. 
[06Aug2026 13:12:43.361] [Test worker/WARN] [net.minecraftforge.common.ForgeConfigSpec/CORE]: Incorrect key Permissions.op_level.url was corrected from null to its default, 2. 
[06Aug2026 13:12:43.361] [Test worker/WARN] [net.minecraftforge.common.ForgeConfigSpec/CORE]: Incorrect key Permissions.op_level.clear was corrected from null to its default, 0. 
[06Aug2026 13:12:43.361] [Test worker/WARN] [net.minecraftforge.common.ForgeConfigSpec/CORE]: Incorrect key Permissions.op_level.random was corrected from null to its default, 0. 
[06Aug2026 13:12:43.361] [Test worker/WARN] [net.minecraftforge.common.ForgeConfigSpec/CORE]: Incorrect key Permissions.op_level.other was corrected from null to its default, 2. 
[06Aug2026 13:12:43.361] [Test worker/WARN] [net.minecraftforge.common.ForgeConfigSpec/CORE]: Incorrect key Permissions.op_level.metrics was corrected from null to its default, 2. 
[06Aug2026 13:12:43.361] [Test worker/WARN] [net.minecraftforge.common.ForgeConfigSpec/CORE]: Incorrect key Permissions.op_level.metrics_reset was corrected from null to its default, 2. 
[06Aug2026 13:12:43.376] [Test worker/WARN] [net.minecraftforge.common.ForgeConfigSpec/CORE]: Configuration file SimpleCommentedConfig:{} is not correct. Correcting
[06Aug2026 13:12:43.376] [Test worker/WARN] [net.minecraftforge.common.ForgeConfigSpec/CORE]: Incorrect key Messages was corrected from null to its default, SimpleCommentedConfig:{}. 
[06Aug2026 13:12:43.376] [Test worker/WARN] [net.minecraftforge.common.ForgeConfigSpec/CORE]: Incorrect key Messages.localization was corrected from null to its default, en. 
[06Aug2026 13:12:43.376] [Test worker/WARN] [net.minecraftforge.common.ForgeConfigSpec/CORE]: Incorrect key Messages.display was corrected from null to its default, true. 
[06Aug2026 13:12:43.376] [Test worker/WARN] [net.minecraftforge.common.ForgeConfigSpec/CORE]: Incorrect key Messages.key was corrected from null to its default, . 
[06Aug2026 13:12:43.376] [Test worker/WARN] [net.minecraftforge.common.ForgeConfigSpec/CORE]: Incorrect key Messages.messages_change was corrected from null to its default, Skin change queued. 
[06Aug2026 13:12:43.376] [Test worker/WARN] [net.minecraftforge.common.ForgeConfigSpec/CORE]: Incorrect key Messages.messages_fulfilled was corrected from null to its default, Skin has been applied.. 
[06Aug2026 13:12:43.376] [Test worker/WARN] [net.minecraftforge.common.ForgeConfigSpec/CORE]: Incorrect key Messages.messages_timeout was corrected from null to its default, Skin fetch timed out.. 
[06Aug2026 13:12:43.376] [Test worker/WARN] [net.minecraftforge.common.ForgeConfigSpec/CORE]: Incorrect key Messages.messages_error was corrected from null to its default, Skin fetch failed.. 
[06Aug2026 13:12:43.376] [Test worker/WARN] [net.minecraftforge.common.ForgeConfigSpec/CORE]: Incorrect key Messages.messages_restored_from was corrected from null to its default, Skin restored from %s. 
[06Aug2026 13:12:43.377] [Test worker/WARN] [net.minecraftforge.common.ForgeConfigSpec/CORE]: Incorrect key Messages.messages_cleared_no_profile was corrected from null to its default, Skin cleared (no Mojang profile found). 
[06Aug2026 13:12:43.377] [Test worker/WARN] [net.minecraftforge.common.ForgeConfigSpec/CORE]: Incorrect key Messages.messages_no_source was corrected from null to its default, No source available. 
[06Aug2026 13:12:43.377] [Test worker/WARN] [net.minecraftforge.common.ForgeConfigSpec/CORE]: Incorrect key Messages.messages_player_only was corrected from null to its default, Player only command. 
[06Aug2026 13:12:43.377] [Test worker/WARN] [net.minecraftforge.common.ForgeConfigSpec/CORE]: Incorrect key Messages.messages_permission_denied was corrected from null to its default, Permission denied. 
[06Aug2026 13:12:43.377] [Test worker/WARN] [net.minecraftforge.common.ForgeConfigSpec/CORE]: Incorrect key Messages.messages_cooldown was corrected from null to its default, Please wait %ds before using /skin again. 
[06Aug2026 13:12:43.377] [Test worker/WARN] [net.minecraftforge.common.ForgeConfigSpec/CORE]: Incorrect key Messages.messages_rate_limited was corrected from null to its default, Too many /skin commands. Try again later.. 
[06Aug2026 13:12:43.377] [Test worker/WARN] [net.minecraftforge.common.ForgeConfigSpec/CORE]: Incorrect key Messages.messages_no_skin_found was corrected from null to its default, No skin found for "%s". 
[06Aug2026 13:12:43.377] [Test worker/WARN] [net.minecraftforge.common.ForgeConfigSpec/CORE]: Incorrect key Messages.messages_no_skin_found_plain was corrected from null to its default, No skin found. 
[06Aug2026 13:12:43.377] [Test worker/WARN] [net.minecraftforge.common.ForgeConfigSpec/CORE]: Incorrect key Messages.messages_mineskin_rejected was corrected from null to its default, MineSkin rejected the URL. 
[06Aug2026 13:12:43.377] [Test worker/WARN] [net.minecraftforge.common.ForgeConfigSpec/CORE]: Incorrect key Messages.messages_no_random_username was corrected from null to its default, No random username available. 
[06Aug2026 13:12:43.377] [Test worker/WARN] [net.minecraftforge.common.ForgeConfigSpec/CORE]: Incorrect key Messages.messages_provider_no_result was corrected from null to its default, Provider returned no result. 
[06Aug2026 13:12:43.377] [Test worker/WARN] [net.minecraftforge.common.ForgeConfigSpec/CORE]: Incorrect key Messages.messages_metrics_top_players was corrected from null to its default, Top players by refresh count:. 
[06Aug2026 13:12:43.377] [Test worker/WARN] [net.minecraftforge.common.ForgeConfigSpec/CORE]: Incorrect key Messages.messages_metrics_refreshes was corrected from null to its default,  refreshes. 
[06Aug2026 13:12:43.377] [Test worker/WARN] [net.minecraftforge.common.ForgeConfigSpec/CORE]: Incorrect key Messages.messages_metrics_no_refreshes was corrected from null to its default, (no refreshes recorded). 
[06Aug2026 13:12:43.377] [Test worker/WARN] [net.minecraftforge.common.ForgeConfigSpec/CORE]: Incorrect key Messages.messages_metrics_cleanup was corrected from null to its default, Metrics cleanup: pruned %d stale player entries. 
[06Aug2026 13:12:43.377] [Test worker/WARN] [net.minecraftforge.common.ForgeConfigSpec/CORE]: Incorrect key Messages.messages_metrics_reset was corrected from null to its default, Metrics reset. 
[06Aug2026 13:12:43.378] [Test worker/WARN] [net.minecraftforge.common.ForgeConfigSpec/CORE]: Incorrect key Messages.messages_discord_announce was corrected from null to its default, **%s** changed their skin to: `%s`. 
[06Aug2026 13:12:43.378] [Test worker/WARN] [net.minecraftforge.common.ForgeConfigSpec/CORE]: Incorrect key Integration was corrected from null to its default, SimpleCommentedConfig:{}. 
[06Aug2026 13:12:43.378] [Test worker/WARN] [net.minecraftforge.common.ForgeConfigSpec/CORE]: Incorrect key Integration.discordsrv_enabled was corrected from null to its default, false. 
[06Aug2026 13:12:43.378] [Test worker/WARN] [net.minecraftforge.common.ForgeConfigSpec/CORE]: Incorrect key Integration.discordsrv_channel_id was corrected from null to its default, . 
[06Aug2026 13:12:43.378] [Test worker/WARN] [net.minecraftforge.common.ForgeConfigSpec/CORE]: Incorrect key RateLimit was corrected from null to its default, SimpleCommentedConfig:{}. 
[06Aug2026 13:12:43.378] [Test worker/WARN] [net.minecraftforge.common.ForgeConfigSpec/CORE]: Incorrect key RateLimit.cooldown_seconds was corrected from null to its default, 3. 
[06Aug2026 13:12:43.378] [Test worker/WARN] [net.minecraftforge.common.ForgeConfigSpec/CORE]: Incorrect key RateLimit.rate_limit_enabled was corrected from null to its default, true. 
[06Aug2026 13:12:43.378] [Test worker/WARN] [net.minecraftforge.common.ForgeConfigSpec/CORE]: Incorrect key RateLimit.max_commands_per_minute was corrected from null to its default, 5. 
[06Aug2026 13:12:43.378] [Test worker/WARN] [net.minecraftforge.common.ForgeConfigSpec/CORE]: Incorrect key Broadcast was corrected from null to its default, SimpleCommentedConfig:{}. 
[06Aug2026 13:12:43.378] [Test worker/WARN] [net.minecraftforge.common.ForgeConfigSpec/CORE]: Incorrect key Broadcast.dimension_scoped_broadcast was corrected from null to its default, false. 
[06Aug2026 13:12:43.378] [Test worker/WARN] [net.minecraftforge.common.ForgeConfigSpec/CORE]: Incorrect key Broadcast.broadcast_use_bundle was corrected from null to its default, false. 
[06Aug2026 13:12:43.378] [Test worker/WARN] [net.minecraftforge.common.ForgeConfigSpec/CORE]: Incorrect key Broadcast.debounce_millis was corrected from null to its default, 100. 
[06Aug2026 13:12:43.378] [Test worker/WARN] [net.minecraftforge.common.ForgeConfigSpec/CORE]: Incorrect key Broadcast.refresh_via_entity_tracker was corrected from null to its default, true. 
[06Aug2026 13:12:43.378] [Test worker/WARN] [net.minecraftforge.common.ForgeConfigSpec/CORE]: Incorrect key Metrics was corrected from null to its default, SimpleCommentedConfig:{}. 
[06Aug2026 13:12:43.379] [Test worker/WARN] [net.minecraftforge.common.ForgeConfigSpec/CORE]: Incorrect key Metrics.metrics_enabled was corrected from null to its default, true. 
[06Aug2026 13:12:43.379] [Test worker/WARN] [net.minecraftforge.common.ForgeConfigSpec/CORE]: Incorrect key Metrics.metrics_dump_interval_seconds was corrected from null to its default, 60. 
[06Aug2026 13:12:43.379] [Test worker/WARN] [net.minecraftforge.common.ForgeConfigSpec/CORE]: Incorrect key Http was corrected from null to its default, SimpleCommentedConfig:{}. 
[06Aug2026 13:12:43.379] [Test worker/WARN] [net.minecraftforge.common.ForgeConfigSpec/CORE]: Incorrect key Http.http_client_version was corrected from null to its default, HTTP_2. 
[06Aug2026 13:12:43.379] [Test worker/WARN] [net.minecraftforge.common.ForgeConfigSpec/CORE]: Incorrect key Http.http_connect_timeout_seconds was corrected from null to its default, 5. 
[06Aug2026 13:12:43.379] [Test worker/WARN] [net.minecraftforge.common.ForgeConfigSpec/CORE]: Incorrect key MojangCache was corrected from null to its default, SimpleCommentedConfig:{}. 
[06Aug2026 13:12:43.379] [Test worker/WARN] [net.minecraftforge.common.ForgeConfigSpec/CORE]: Incorrect key MojangCache.mojang_profile_cache_enabled was corrected from null to its default, true. 
[06Aug2026 13:12:43.379] [Test worker/WARN] [net.minecraftforge.common.ForgeConfigSpec/CORE]: Incorrect key MojangCache.mojang_profile_cache_ttl_ms was corrected from null to its default, 3600000. 
[06Aug2026 13:12:43.379] [Test worker/WARN] [net.minecraftforge.common.ForgeConfigSpec/CORE]: Incorrect key MojangCache.mojang_profile_cache_max_size was corrected from null to its default, 1000. 
[06Aug2026 13:12:43.379] [Test worker/WARN] [net.minecraftforge.common.ForgeConfigSpec/CORE]: Incorrect key DefaultSkins was corrected from null to its default, SimpleCommentedConfig:{}. 
[06Aug2026 13:12:43.379] [Test worker/WARN] [net.minecraftforge.common.ForgeConfigSpec/CORE]: Incorrect key DefaultSkins.enabled was corrected from null to its default, false. 
[06Aug2026 13:12:43.379] [Test worker/WARN] [net.minecraftforge.common.ForgeConfigSpec/CORE]: Incorrect key DefaultSkins.applyForPremium was corrected from null to its default, false. 
[06Aug2026 13:12:43.379] [Test worker/WARN] [net.minecraftforge.common.ForgeConfigSpec/CORE]: Incorrect key DefaultSkins.list was corrected from null to its default, [Steve, <random>]. 
[06Aug2026 13:12:43.380] [Test worker/WARN] [net.minecraftforge.common.ForgeConfigSpec/CORE]: Incorrect key Security was corrected from null to its default, SimpleCommentedConfig:{}. 
[06Aug2026 13:12:43.380] [Test worker/WARN] [net.minecraftforge.common.ForgeConfigSpec/CORE]: Incorrect key Security.urlAllowlistEnabled was corrected from null to its default, false. 
[06Aug2026 13:12:43.380] [Test worker/WARN] [net.minecraftforge.common.ForgeConfigSpec/CORE]: Incorrect key Security.urlAllowlistDomains was corrected from null to its default, [imgur.com, storage.googleapis.com, cdn.discordapp.com, textures.minecraft.net, namemc.com, crafatar.com, mc-heads.net, githubusercontent.com, minecraftskins.com]. 
[06Aug2026 13:12:43.380] [Test worker/WARN] [net.minecraftforge.common.ForgeConfigSpec/CORE]: Incorrect key Permissions was corrected from null to its default, SimpleCommentedConfig:{}. 
[06Aug2026 13:12:43.380] [Test worker/WARN] [net.minecraftforge.common.ForgeConfigSpec/CORE]: Incorrect key Permissions.op_level was corrected from null to its default, SimpleCommentedConfig:{}. 
[06Aug2026 13:12:43.380] [Test worker/WARN] [net.minecraftforge.common.ForgeConfigSpec/CORE]: Incorrect key Permissions.op_level.mojang was corrected from null to its default, 0. 
[06Aug2026 13:12:43.380] [Test worker/WARN] [net.minecraftforge.common.ForgeConfigSpec/CORE]: Incorrect key Permissions.op_level.url was corrected from null to its default, 2. 
[06Aug2026 13:12:43.380] [Test worker/WARN] [net.minecraftforge.common.ForgeConfigSpec/CORE]: Incorrect key Permissions.op_level.clear was corrected from null to its default, 0. 
[06Aug2026 13:12:43.380] [Test worker/WARN] [net.minecraftforge.common.ForgeConfigSpec/CORE]: Incorrect key Permissions.op_level.random was corrected from null to its default, 0. 
[06Aug2026 13:12:43.380] [Test worker/WARN] [net.minecraftforge.common.ForgeConfigSpec/CORE]: Incorrect key Permissions.op_level.other was corrected from null to its default, 2. 
[06Aug2026 13:12:43.380] [Test worker/WARN] [net.minecraftforge.common.ForgeConfigSpec/CORE]: Incorrect key Permissions.op_level.metrics was corrected from null to its default, 2. 
[06Aug2026 13:12:43.380] [Test worker/WARN] [net.minecraftforge.common.ForgeConfigSpec/CORE]: Incorrect key Permissions.op_level.metrics_reset was corrected from null to its default, 2. 
[06Aug2026 13:12:43.721] [Test worker/WARN] [net.minecraftforge.common.ForgeConfigSpec/CORE]: Configuration file SimpleCommentedConfig:{} is not correct. Correcting
[06Aug2026 13:12:43.721] [Test worker/WARN] [net.minecraftforge.common.ForgeConfigSpec/CORE]: Incorrect key Messages was corrected from null to its default, SimpleCommentedConfig:{}. 
[06Aug2026 13:12:43.721] [Test worker/WARN] [net.minecraftforge.common.ForgeConfigSpec/CORE]: Incorrect key Messages.localization was corrected from null to its default, en. 
[06Aug2026 13:12:43.721] [Test worker/WARN] [net.minecraftforge.common.ForgeConfigSpec/CORE]: Incorrect key Messages.display was corrected from null to its default, true. 
[06Aug2026 13:12:43.721] [Test worker/WARN] [net.minecraftforge.common.ForgeConfigSpec/CORE]: Incorrect key Messages.key was corrected from null to its default, . 
[06Aug2026 13:12:43.721] [Test worker/WARN] [net.minecraftforge.common.ForgeConfigSpec/CORE]: Incorrect key Messages.messages_change was corrected from null to its default, Skin change queued. 
[06Aug2026 13:12:43.721] [Test worker/WARN] [net.minecraftforge.common.ForgeConfigSpec/CORE]: Incorrect key Messages.messages_fulfilled was corrected from null to its default, Skin has been applied.. 
[06Aug2026 13:12:43.721] [Test worker/WARN] [net.minecraftforge.common.ForgeConfigSpec/CORE]: Incorrect key Messages.messages_timeout was corrected from null to its default, Skin fetch timed out.. 
[06Aug2026 13:12:43.721] [Test worker/WARN] [net.minecraftforge.common.ForgeConfigSpec/CORE]: Incorrect key Messages.messages_error was corrected from null to its default, Skin fetch failed.. 
[06Aug2026 13:12:43.721] [Test worker/WARN] [net.minecraftforge.common.ForgeConfigSpec/CORE]: Incorrect key Messages.messages_restored_from was corrected from null to its default, Skin restored from %s. 
[06Aug2026 13:12:43.722] [Test worker/WARN] [net.minecraftforge.common.ForgeConfigSpec/CORE]: Incorrect key Messages.messages_cleared_no_profile was corrected from null to its default, Skin cleared (no Mojang profile found). 
[06Aug2026 13:12:43.722] [Test worker/WARN] [net.minecraftforge.common.ForgeConfigSpec/CORE]: Incorrect key Messages.messages_no_source was corrected from null to its default, No source available. 
[06Aug2026 13:12:43.722] [Test worker/WARN] [net.minecraftforge.common.ForgeConfigSpec/CORE]: Incorrect key Messages.messages_player_only was corrected from null to its default, Player only command. 
[06Aug2026 13:12:43.722] [Test worker/WARN] [net.minecraftforge.common.ForgeConfigSpec/CORE]: Incorrect key Messages.messages_permission_denied was corrected from null to its default, Permission denied. 
[06Aug2026 13:12:43.722] [Test worker/WARN] [net.minecraftforge.common.ForgeConfigSpec/CORE]: Incorrect key Messages.messages_cooldown was corrected from null to its default, Please wait %ds before using /skin again. 
[06Aug2026 13:12:43.722] [Test worker/WARN] [net.minecraftforge.common.ForgeConfigSpec/CORE]: Incorrect key Messages.messages_rate_limited was corrected from null to its default, Too many /skin commands. Try again later.. 
[06Aug2026 13:12:43.722] [Test worker/WARN] [net.minecraftforge.common.ForgeConfigSpec/CORE]: Incorrect key Messages.messages_no_skin_found was corrected from null to its default, No skin found for "%s". 
[06Aug2026 13:12:43.722] [Test worker/WARN] [net.minecraftforge.common.ForgeConfigSpec/CORE]: Incorrect key Messages.messages_no_skin_found_plain was corrected from null to its default, No skin found. 
[06Aug2026 13:12:43.723] [Test worker/WARN] [net.minecraftforge.common.ForgeConfigSpec/CORE]: Incorrect key Messages.messages_mineskin_rejected was corrected from null to its default, MineSkin rejected the URL. 
[06Aug2026 13:12:43.723] [Test worker/WARN] [net.minecraftforge.common.ForgeConfigSpec/CORE]: Incorrect key Messages.messages_no_random_username was corrected from null to its default, No random username available. 
[06Aug2026 13:12:43.723] [Test worker/WARN] [net.minecraftforge.common.ForgeConfigSpec/CORE]: Incorrect key Messages.messages_provider_no_result was corrected from null to its default, Provider returned no result. 
[06Aug2026 13:12:43.723] [Test worker/WARN] [net.minecraftforge.common.ForgeConfigSpec/CORE]: Incorrect key Messages.messages_metrics_top_players was corrected from null to its default, Top players by refresh count:. 
[06Aug2026 13:12:43.723] [Test worker/WARN] [net.minecraftforge.common.ForgeConfigSpec/CORE]: Incorrect key Messages.messages_metrics_refreshes was corrected from null to its default,  refreshes. 
[06Aug2026 13:12:43.723] [Test worker/WARN] [net.minecraftforge.common.ForgeConfigSpec/CORE]: Incorrect key Messages.messages_metrics_no_refreshes was corrected from null to its default, (no refreshes recorded). 
[06Aug2026 13:12:43.723] [Test worker/WARN] [net.minecraftforge.common.ForgeConfigSpec/CORE]: Incorrect key Messages.messages_metrics_cleanup was corrected from null to its default, Metrics cleanup: pruned %d stale player entries. 
[06Aug2026 13:12:43.723] [Test worker/WARN] [net.minecraftforge.common.ForgeConfigSpec/CORE]: Incorrect key Messages.messages_metrics_reset was corrected from null to its default, Metrics reset. 
[06Aug2026 13:12:43.723] [Test worker/WARN] [net.minecraftforge.common.ForgeConfigSpec/CORE]: Incorrect key Messages.messages_discord_announce was corrected from null to its default, **%s** changed their skin to: `%s`. 
[06Aug2026 13:12:43.723] [Test worker/WARN] [net.minecraftforge.common.ForgeConfigSpec/CORE]: Incorrect key Integration was corrected from null to its default, SimpleCommentedConfig:{}. 
[06Aug2026 13:12:43.723] [Test worker/WARN] [net.minecraftforge.common.ForgeConfigSpec/CORE]: Incorrect key Integration.discordsrv_enabled was corrected from null to its default, false. 
[06Aug2026 13:12:43.724] [Test worker/WARN] [net.minecraftforge.common.ForgeConfigSpec/CORE]: Incorrect key Integration.discordsrv_channel_id was corrected from null to its default, . 
[06Aug2026 13:12:43.724] [Test worker/WARN] [net.minecraftforge.common.ForgeConfigSpec/CORE]: Incorrect key RateLimit was corrected from null to its default, SimpleCommentedConfig:{}. 
[06Aug2026 13:12:43.724] [Test worker/WARN] [net.minecraftforge.common.ForgeConfigSpec/CORE]: Incorrect key RateLimit.cooldown_seconds was corrected from null to its default, 3. 
[06Aug2026 13:12:43.724] [Test worker/WARN] [net.minecraftforge.common.ForgeConfigSpec/CORE]: Incorrect key RateLimit.rate_limit_enabled was corrected from null to its default, true. 
[06Aug2026 13:12:43.724] [Test worker/WARN] [net.minecraftforge.common.ForgeConfigSpec/CORE]: Incorrect key RateLimit.max_commands_per_minute was corrected from null to its default, 5. 
[06Aug2026 13:12:43.724] [Test worker/WARN] [net.minecraftforge.common.ForgeConfigSpec/CORE]: Incorrect key Broadcast was corrected from null to its default, SimpleCommentedConfig:{}. 
[06Aug2026 13:12:43.724] [Test worker/WARN] [net.minecraftforge.common.ForgeConfigSpec/CORE]: Incorrect key Broadcast.dimension_scoped_broadcast was corrected from null to its default, false. 
[06Aug2026 13:12:43.724] [Test worker/WARN] [net.minecraftforge.common.ForgeConfigSpec/CORE]: Incorrect key Broadcast.broadcast_use_bundle was corrected from null to its default, false. 
[06Aug2026 13:12:43.724] [Test worker/WARN] [net.minecraftforge.common.ForgeConfigSpec/CORE]: Incorrect key Broadcast.debounce_millis was corrected from null to its default, 100. 
[06Aug2026 13:12:43.724] [Test worker/WARN] [net.minecraftforge.common.ForgeConfigSpec/CORE]: Incorrect key Broadcast.refresh_via_entity_tracker was corrected from null to its default, true. 
[06Aug2026 13:12:43.725] [Test worker/WARN] [net.minecraftforge.common.ForgeConfigSpec/CORE]: Incorrect key Metrics was corrected from null to its default, SimpleCommentedConfig:{}. 
[06Aug2026 13:12:43.725] [Test worker/WARN] [net.minecraftforge.common.ForgeConfigSpec/CORE]: Incorrect key Metrics.metrics_enabled was corrected from null to its default, true. 
[06Aug2026 13:12:43.725] [Test worker/WARN] [net.minecraftforge.common.ForgeConfigSpec/CORE]: Incorrect key Metrics.metrics_dump_interval_seconds was corrected from null to its default, 60. 
[06Aug2026 13:12:43.725] [Test worker/WARN] [net.minecraftforge.common.ForgeConfigSpec/CORE]: Incorrect key Http was corrected from null to its default, SimpleCommentedConfig:{}. 
[06Aug2026 13:12:43.725] [Test worker/WARN] [net.minecraftforge.common.ForgeConfigSpec/CORE]: Incorrect key Http.http_client_version was corrected from null to its default, HTTP_2. 
[06Aug2026 13:12:43.725] [Test worker/WARN] [net.minecraftforge.common.ForgeConfigSpec/CORE]: Incorrect key Http.http_connect_timeout_seconds was corrected from null to its default, 5. 
[06Aug2026 13:12:43.725] [Test worker/WARN] [net.minecraftforge.common.ForgeConfigSpec/CORE]: Incorrect key MojangCache was corrected from null to its default, SimpleCommentedConfig:{}. 
[06Aug2026 13:12:43.725] [Test worker/WARN] [net.minecraftforge.common.ForgeConfigSpec/CORE]: Incorrect key MojangCache.mojang_profile_cache_enabled was corrected from null to its default, true. 
[06Aug2026 13:12:43.725] [Test worker/WARN] [net.minecraftforge.common.ForgeConfigSpec/CORE]: Incorrect key MojangCache.mojang_profile_cache_ttl_ms was corrected from null to its default, 3600000. 
[06Aug2026 13:12:43.725] [Test worker/WARN] [net.minecraftforge.common.ForgeConfigSpec/CORE]: Incorrect key MojangCache.mojang_profile_cache_max_size was corrected from null to its default, 1000. 
[06Aug2026 13:12:43.725] [Test worker/WARN] [net.minecraftforge.common.ForgeConfigSpec/CORE]: Incorrect key DefaultSkins was corrected from null to its default, SimpleCommentedConfig:{}. 
[06Aug2026 13:12:43.725] [Test worker/WARN] [net.minecraftforge.common.ForgeConfigSpec/CORE]: Incorrect key DefaultSkins.enabled was corrected from null to its default, false. 
[06Aug2026 13:12:43.726] [Test worker/WARN] [net.minecraftforge.common.ForgeConfigSpec/CORE]: Incorrect key DefaultSkins.applyForPremium was corrected from null to its default, false. 
[06Aug2026 13:12:43.726] [Test worker/WARN] [net.minecraftforge.common.ForgeConfigSpec/CORE]: Incorrect key DefaultSkins.list was corrected from null to its default, [Steve, <random>]. 
[06Aug2026 13:12:43.726] [Test worker/WARN] [net.minecraftforge.common.ForgeConfigSpec/CORE]: Incorrect key Security was corrected from null to its default, SimpleCommentedConfig:{}. 
[06Aug2026 13:12:43.726] [Test worker/WARN] [net.minecraftforge.common.ForgeConfigSpec/CORE]: Incorrect key Security.urlAllowlistEnabled was corrected from null to its default, false. 
[06Aug2026 13:12:43.726] [Test worker/WARN] [net.minecraftforge.common.ForgeConfigSpec/CORE]: Incorrect key Security.urlAllowlistDomains was corrected from null to its default, [imgur.com, storage.googleapis.com, cdn.discordapp.com, textures.minecraft.net, namemc.com, crafatar.com, mc-heads.net, githubusercontent.com, minecraftskins.com]. 
[06Aug2026 13:12:43.726] [Test worker/WARN] [net.minecraftforge.common.ForgeConfigSpec/CORE]: Incorrect key Permissions was corrected from null to its default, SimpleCommentedConfig:{}. 
[06Aug2026 13:12:43.726] [Test worker/WARN] [net.minecraftforge.common.ForgeConfigSpec/CORE]: Incorrect key Permissions.op_level was corrected from null to its default, SimpleCommentedConfig:{}. 
[06Aug2026 13:12:43.726] [Test worker/WARN] [net.minecraftforge.common.ForgeConfigSpec/CORE]: Incorrect key Permissions.op_level.mojang was corrected from null to its default, 0. 
[06Aug2026 13:12:43.726] [Test worker/WARN] [net.minecraftforge.common.ForgeConfigSpec/CORE]: Incorrect key Permissions.op_level.url was corrected from null to its default, 2. 
[06Aug2026 13:12:43.727] [Test worker/WARN] [net.minecraftforge.common.ForgeConfigSpec/CORE]: Incorrect key Permissions.op_level.clear was corrected from null to its default, 0. 
[06Aug2026 13:12:43.727] [Test worker/WARN] [net.minecraftforge.common.ForgeConfigSpec/CORE]: Incorrect key Permissions.op_level.random was corrected from null to its default, 0. 
[06Aug2026 13:12:43.727] [Test worker/WARN] [net.minecraftforge.common.ForgeConfigSpec/CORE]: Incorrect key Permissions.op_level.other was corrected from null to its default, 2. 
[06Aug2026 13:12:43.727] [Test worker/WARN] [net.minecraftforge.common.ForgeConfigSpec/CORE]: Incorrect key Permissions.op_level.metrics was corrected from null to its default, 2. 
[06Aug2026 13:12:43.727] [Test worker/WARN] [net.minecraftforge.common.ForgeConfigSpec/CORE]: Incorrect key Permissions.op_level.metrics_reset was corrected from null to its default, 2. 
[06Aug2026 13:12:43.732] [Test worker/WARN] [net.minecraftforge.common.ForgeConfigSpec/CORE]: Configuration file SimpleCommentedConfig:{} is not correct. Correcting
[06Aug2026 13:12:43.732] [Test worker/WARN] [net.minecraftforge.common.ForgeConfigSpec/CORE]: Incorrect key Messages was corrected from null to its default, SimpleCommentedConfig:{}. 
[06Aug2026 13:12:43.732] [Test worker/WARN] [net.minecraftforge.common.ForgeConfigSpec/CORE]: Incorrect key Messages.localization was corrected from null to its default, en. 
[06Aug2026 13:12:43.732] [Test worker/WARN] [net.minecraftforge.common.ForgeConfigSpec/CORE]: Incorrect key Messages.display was corrected from null to its default, true. 
[06Aug2026 13:12:43.732] [Test worker/WARN] [net.minecraftforge.common.ForgeConfigSpec/CORE]: Incorrect key Messages.key was corrected from null to its default, . 
[06Aug2026 13:12:43.732] [Test worker/WARN] [net.minecraftforge.common.ForgeConfigSpec/CORE]: Incorrect key Messages.messages_change was corrected from null to its default, Skin change queued. 
[06Aug2026 13:12:43.732] [Test worker/WARN] [net.minecraftforge.common.ForgeConfigSpec/CORE]: Incorrect key Messages.messages_fulfilled was corrected from null to its default, Skin has been applied.. 
[06Aug2026 13:12:43.732] [Test worker/WARN] [net.minecraftforge.common.ForgeConfigSpec/CORE]: Incorrect key Messages.messages_timeout was corrected from null to its default, Skin fetch timed out.. 
[06Aug2026 13:12:43.732] [Test worker/WARN] [net.minecraftforge.common.ForgeConfigSpec/CORE]: Incorrect key Messages.messages_error was corrected from null to its default, Skin fetch failed.. 
[06Aug2026 13:12:43.732] [Test worker/WARN] [net.minecraftforge.common.ForgeConfigSpec/CORE]: Incorrect key Messages.messages_restored_from was corrected from null to its default, Skin restored from %s. 
[06Aug2026 13:12:43.733] [Test worker/WARN] [net.minecraftforge.common.ForgeConfigSpec/CORE]: Incorrect key Messages.messages_cleared_no_profile was corrected from null to its default, Skin cleared (no Mojang profile found). 
[06Aug2026 13:12:43.733] [Test worker/WARN] [net.minecraftforge.common.ForgeConfigSpec/CORE]: Incorrect key Messages.messages_no_source was corrected from null to its default, No source available. 
[06Aug2026 13:12:43.733] [Test worker/WARN] [net.minecraftforge.common.ForgeConfigSpec/CORE]: Incorrect key Messages.messages_player_only was corrected from null to its default, Player only command. 
[06Aug2026 13:12:43.733] [Test worker/WARN] [net.minecraftforge.common.ForgeConfigSpec/CORE]: Incorrect key Messages.messages_permission_denied was corrected from null to its default, Permission denied. 
[06Aug2026 13:12:43.733] [Test worker/WARN] [net.minecraftforge.common.ForgeConfigSpec/CORE]: Incorrect key Messages.messages_cooldown was corrected from null to its default, Please wait %ds before using /skin again. 
[06Aug2026 13:12:43.733] [Test worker/WARN] [net.minecraftforge.common.ForgeConfigSpec/CORE]: Incorrect key Messages.messages_rate_limited was corrected from null to its default, Too many /skin commands. Try again later.. 
[06Aug2026 13:12:43.733] [Test worker/WARN] [net.minecraftforge.common.ForgeConfigSpec/CORE]: Incorrect key Messages.messages_no_skin_found was corrected from null to its default, No skin found for "%s". 
[06Aug2026 13:12:43.733] [Test worker/WARN] [net.minecraftforge.common.ForgeConfigSpec/CORE]: Incorrect key Messages.messages_no_skin_found_plain was corrected from null to its default, No skin found. 
[06Aug2026 13:12:43.733] [Test worker/WARN] [net.minecraftforge.common.ForgeConfigSpec/CORE]: Incorrect key Messages.messages_mineskin_rejected was corrected from null to its default, MineSkin rejected the URL. 
[06Aug2026 13:12:43.733] [Test worker/WARN] [net.minecraftforge.common.ForgeConfigSpec/CORE]: Incorrect key Messages.messages_no_random_username was corrected from null to its default, No random username available. 
[06Aug2026 13:12:43.733] [Test worker/WARN] [net.minecraftforge.common.ForgeConfigSpec/CORE]: Incorrect key Messages.messages_provider_no_result was corrected from null to its default, Provider returned no result. 
[06Aug2026 13:12:43.733] [Test worker/WARN] [net.minecraftforge.common.ForgeConfigSpec/CORE]: Incorrect key Messages.messages_metrics_top_players was corrected from null to its default, Top players by refresh count:. 
[06Aug2026 13:12:43.733] [Test worker/WARN] [net.minecraftforge.common.ForgeConfigSpec/CORE]: Incorrect key Messages.messages_metrics_refreshes was corrected from null to its default,  refreshes. 
[06Aug2026 13:12:43.733] [Test worker/WARN] [net.minecraftforge.common.ForgeConfigSpec/CORE]: Incorrect key Messages.messages_metrics_no_refreshes was corrected from null to its default, (no refreshes recorded). 
[06Aug2026 13:12:43.733] [Test worker/WARN] [net.minecraftforge.common.ForgeConfigSpec/CORE]: Incorrect key Messages.messages_metrics_cleanup was corrected from null to its default, Metrics cleanup: pruned %d stale player entries. 
[06Aug2026 13:12:43.734] [Test worker/WARN] [net.minecraftforge.common.ForgeConfigSpec/CORE]: Incorrect key Messages.messages_metrics_reset was corrected from null to its default, Metrics reset. 
[06Aug2026 13:12:43.734] [Test worker/WARN] [net.minecraftforge.common.ForgeConfigSpec/CORE]: Incorrect key Messages.messages_discord_announce was corrected from null to its default, **%s** changed their skin to: `%s`. 
[06Aug2026 13:12:43.734] [Test worker/WARN] [net.minecraftforge.common.ForgeConfigSpec/CORE]: Incorrect key Integration was corrected from null to its default, SimpleCommentedConfig:{}. 
[06Aug2026 13:12:43.734] [Test worker/WARN] [net.minecraftforge.common.ForgeConfigSpec/CORE]: Incorrect key Integration.discordsrv_enabled was corrected from null to its default, false. 
[06Aug2026 13:12:43.734] [Test worker/WARN] [net.minecraftforge.common.ForgeConfigSpec/CORE]: Incorrect key Integration.discordsrv_channel_id was corrected from null to its default, . 
[06Aug2026 13:12:43.734] [Test worker/WARN] [net.minecraftforge.common.ForgeConfigSpec/CORE]: Incorrect key RateLimit was corrected from null to its default, SimpleCommentedConfig:{}. 
[06Aug2026 13:12:43.734] [Test worker/WARN] [net.minecraftforge.common.ForgeConfigSpec/CORE]: Incorrect key RateLimit.cooldown_seconds was corrected from null to its default, 3. 
[06Aug2026 13:12:43.734] [Test worker/WARN] [net.minecraftforge.common.ForgeConfigSpec/CORE]: Incorrect key RateLimit.rate_limit_enabled was corrected from null to its default, true. 
[06Aug2026 13:12:43.734] [Test worker/WARN] [net.minecraftforge.common.ForgeConfigSpec/CORE]: Incorrect key RateLimit.max_commands_per_minute was corrected from null to its default, 5. 
[06Aug2026 13:12:43.734] [Test worker/WARN] [net.minecraftforge.common.ForgeConfigSpec/CORE]: Incorrect key Broadcast was corrected from null to its default, SimpleCommentedConfig:{}. 
[06Aug2026 13:12:43.734] [Test worker/WARN] [net.minecraftforge.common.ForgeConfigSpec/CORE]: Incorrect key Broadcast.dimension_scoped_broadcast was corrected from null to its default, false. 
[06Aug2026 13:12:43.734] [Test worker/WARN] [net.minecraftforge.common.ForgeConfigSpec/CORE]: Incorrect key Broadcast.broadcast_use_bundle was corrected from null to its default, false. 
[06Aug2026 13:12:43.735] [Test worker/WARN] [net.minecraftforge.common.ForgeConfigSpec/CORE]: Incorrect key Broadcast.debounce_millis was corrected from null to its default, 100. 
[06Aug2026 13:12:43.735] [Test worker/WARN] [net.minecraftforge.common.ForgeConfigSpec/CORE]: Incorrect key Broadcast.refresh_via_entity_tracker was corrected from null to its default, true. 
[06Aug2026 13:12:43.735] [Test worker/WARN] [net.minecraftforge.common.ForgeConfigSpec/CORE]: Incorrect key Metrics was corrected from null to its default, SimpleCommentedConfig:{}. 
[06Aug2026 13:12:43.735] [Test worker/WARN] [net.minecraftforge.common.ForgeConfigSpec/CORE]: Incorrect key Metrics.metrics_enabled was corrected from null to its default, true. 
[06Aug2026 13:12:43.735] [Test worker/WARN] [net.minecraftforge.common.ForgeConfigSpec/CORE]: Incorrect key Metrics.metrics_dump_interval_seconds was corrected from null to its default, 60. 
[06Aug2026 13:12:43.735] [Test worker/WARN] [net.minecraftforge.common.ForgeConfigSpec/CORE]: Incorrect key Http was corrected from null to its default, SimpleCommentedConfig:{}. 
[06Aug2026 13:12:43.735] [Test worker/WARN] [net.minecraftforge.common.ForgeConfigSpec/CORE]: Incorrect key Http.http_client_version was corrected from null to its default, HTTP_2. 
[06Aug2026 13:12:43.735] [Test worker/WARN] [net.minecraftforge.common.ForgeConfigSpec/CORE]: Incorrect key Http.http_connect_timeout_seconds was corrected from null to its default, 5. 
[06Aug2026 13:12:43.735] [Test worker/WARN] [net.minecraftforge.common.ForgeConfigSpec/CORE]: Incorrect key MojangCache was corrected from null to its default, SimpleCommentedConfig:{}. 
[06Aug2026 13:12:43.736] [Test worker/WARN] [net.minecraftforge.common.ForgeConfigSpec/CORE]: Incorrect key MojangCache.mojang_profile_cache_enabled was corrected from null to its default, true. 
[06Aug2026 13:12:43.736] [Test worker/WARN] [net.minecraftforge.common.ForgeConfigSpec/CORE]: Incorrect key MojangCache.mojang_profile_cache_ttl_ms was corrected from null to its default, 3600000. 
[06Aug2026 13:12:43.736] [Test worker/WARN] [net.minecraftforge.common.ForgeConfigSpec/CORE]: Incorrect key MojangCache.mojang_profile_cache_max_size was corrected from null to its default, 1000. 
[06Aug2026 13:12:43.736] [Test worker/WARN] [net.minecraftforge.common.ForgeConfigSpec/CORE]: Incorrect key DefaultSkins was corrected from null to its default, SimpleCommentedConfig:{}. 
[06Aug2026 13:12:43.736] [Test worker/WARN] [net.minecraftforge.common.ForgeConfigSpec/CORE]: Incorrect key DefaultSkins.enabled was corrected from null to its default, false. 
[06Aug2026 13:12:43.736] [Test worker/WARN] [net.minecraftforge.common.ForgeConfigSpec/CORE]: Incorrect key DefaultSkins.applyForPremium was corrected from null to its default, false. 
[06Aug2026 13:12:43.736] [Test worker/WARN] [net.minecraftforge.common.ForgeConfigSpec/CORE]: Incorrect key DefaultSkins.list was corrected from null to its default, [Steve, <random>]. 
[06Aug2026 13:12:43.736] [Test worker/WARN] [net.minecraftforge.common.ForgeConfigSpec/CORE]: Incorrect key Security was corrected from null to its default, SimpleCommentedConfig:{}. 
[06Aug2026 13:12:43.737] [Test worker/WARN] [net.minecraftforge.common.ForgeConfigSpec/CORE]: Incorrect key Security.urlAllowlistEnabled was corrected from null to its default, false. 
[06Aug2026 13:12:43.737] [Test worker/WARN] [net.minecraftforge.common.ForgeConfigSpec/CORE]: Incorrect key Security.urlAllowlistDomains was corrected from null to its default, [imgur.com, storage.googleapis.com, cdn.discordapp.com, textures.minecraft.net, namemc.com, crafatar.com, mc-heads.net, githubusercontent.com, minecraftskins.com]. 
[06Aug2026 13:12:43.737] [Test worker/WARN] [net.minecraftforge.common.ForgeConfigSpec/CORE]: Incorrect key Permissions was corrected from null to its default, SimpleCommentedConfig:{}. 
[06Aug2026 13:12:43.737] [Test worker/WARN] [net.minecraftforge.common.ForgeConfigSpec/CORE]: Incorrect key Permissions.op_level was corrected from null to its default, SimpleCommentedConfig:{}. 
[06Aug2026 13:12:43.737] [Test worker/WARN] [net.minecraftforge.common.ForgeConfigSpec/CORE]: Incorrect key Permissions.op_level.mojang was corrected from null to its default, 0. 
[06Aug2026 13:12:43.737] [Test worker/WARN] [net.minecraftforge.common.ForgeConfigSpec/CORE]: Incorrect key Permissions.op_level.url was corrected from null to its default, 2. 
[06Aug2026 13:12:43.737] [Test worker/WARN] [net.minecraftforge.common.ForgeConfigSpec/CORE]: Incorrect key Permissions.op_level.clear was corrected from null to its default, 0. 
[06Aug2026 13:12:43.737] [Test worker/WARN] [net.minecraftforge.common.ForgeConfigSpec/CORE]: Incorrect key Permissions.op_level.random was corrected from null to its default, 0. 
[06Aug2026 13:12:43.737] [Test worker/WARN] [net.minecraftforge.common.ForgeConfigSpec/CORE]: Incorrect key Permissions.op_level.other was corrected from null to its default, 2. 
[06Aug2026 13:12:43.737] [Test worker/WARN] [net.minecraftforge.common.ForgeConfigSpec/CORE]: Incorrect key Permissions.op_level.metrics was corrected from null to its default, 2. 
[06Aug2026 13:12:43.737] [Test worker/WARN] [net.minecraftforge.common.ForgeConfigSpec/CORE]: Incorrect key Permissions.op_level.metrics_reset was corrected from null to its default, 2. 
[06Aug2026 13:12:43.802] [Test worker/INFO] [levosilimo.everlastingskins.EverlastingSkins/]: SKIN_REFRESH: profile=Target, property=[Property[name=textures, value=cGF5bG9hZA==, signature=c2lnbmF0dXJl]]
[06Aug2026 13:12:43.809] [Test worker/INFO] [levosilimo.everlastingskins.EverlastingSkins/]: SKIN_REFRESH: profile=Target, property=[Property[name=textures, value=cGF5bG9hZA==, signature=c2lnbmF0dXJl]]
[06Aug2026 13:12:43.810] [Test worker/INFO] [levosilimo.everlastingskins.EverlastingSkins/]: SKIN_REFRESH: profile=Target, property=[Property[name=textures, value=cGF5bG9hZA==, signature=c2lnbmF0dXJl]]
[06Aug2026 13:12:43.811] [Test worker/INFO] [levosilimo.everlastingskins.EverlastingSkins/]: SKIN_REFRESH: profile=Target, property=[Property[name=textures, value=cGF5bG9hZA==, signature=c2lnbmF0dXJl]]
[06Aug2026 13:12:43.812] [Test worker/INFO] [levosilimo.everlastingskins.EverlastingSkins/]: SKIN_REFRESH: profile=Target, property=[Property[name=textures, value=cGF5bG9hZA==, signature=c2lnbmF0dXJl]]
[06Aug2026 13:12:43.814] [Test worker/INFO] [levosilimo.everlastingskins.EverlastingSkins/]: SKIN_REFRESH: profile=Target, property=[Property[name=textures, value=cGF5bG9hZA==, signature=c2lnbmF0dXJl]]
[06Aug2026 13:12:43.815] [Test worker/INFO] [levosilimo.everlastingskins.EverlastingSkins/]: SKIN_REFRESH: profile=Target, property=[Property[name=textures, value=cGF5bG9hZA==, signature=c2lnbmF0dXJl]]
[06Aug2026 13:12:43.817] [Test worker/INFO] [levosilimo.everlastingskins.EverlastingSkins/]: SKIN_REFRESH: profile=Target, property=[Property[name=textures, value=cGF5bG9hZA==, signature=c2lnbmF0dXJl]]
[06Aug2026 13:12:43.829] [Test worker/WARN] [net.minecraftforge.common.ForgeConfigSpec/CORE]: Configuration file SimpleCommentedConfig:{} is not correct. Correcting
[06Aug2026 13:12:43.830] [Test worker/WARN] [net.minecraftforge.common.ForgeConfigSpec/CORE]: Incorrect key Messages was corrected from null to its default, SimpleCommentedConfig:{}. 
[06Aug2026 13:12:43.830] [Test worker/WARN] [net.minecraftforge.common.ForgeConfigSpec/CORE]: Incorrect key Messages.localization was corrected from null to its default, en. 
[06Aug2026 13:12:43.830] [Test worker/WARN] [net.minecraftforge.common.ForgeConfigSpec/CORE]: Incorrect key Messages.display was corrected from null to its default, true. 
[06Aug2026 13:12:43.830] [Test worker/WARN] [net.minecraftforge.common.ForgeConfigSpec/CORE]: Incorrect key Messages.key was corrected from null to its default, . 
[06Aug2026 13:12:43.830] [Test worker/WARN] [net.minecraftforge.common.ForgeConfigSpec/CORE]: Incorrect key Messages.messages_change was corrected from null to its default, Skin change queued. 
[06Aug2026 13:12:43.830] [Test worker/WARN] [net.minecraftforge.common.ForgeConfigSpec/CORE]: Incorrect key Messages.messages_fulfilled was corrected from null to its default, Skin has been applied.. 
[06Aug2026 13:12:43.830] [Test worker/WARN] [net.minecraftforge.common.ForgeConfigSpec/CORE]: Incorrect key Messages.messages_timeout was corrected from null to its default, Skin fetch timed out.. 
[06Aug2026 13:12:43.830] [Test worker/WARN] [net.minecraftforge.common.ForgeConfigSpec/CORE]: Incorrect key Messages.messages_error was corrected from null to its default, Skin fetch failed.. 
[06Aug2026 13:12:43.830] [Test worker/WARN] [net.minecraftforge.common.ForgeConfigSpec/CORE]: Incorrect key Messages.messages_restored_from was corrected from null to its default, Skin restored from %s. 
[06Aug2026 13:12:43.830] [Test worker/WARN] [net.minecraftforge.common.ForgeConfigSpec/CORE]: Incorrect key Messages.messages_cleared_no_profile was corrected from null to its default, Skin cleared (no Mojang profile found). 
[06Aug2026 13:12:43.831] [Test worker/WARN] [net.minecraftforge.common.ForgeConfigSpec/CORE]: Incorrect key Messages.messages_no_source was corrected from null to its default, No source available. 
[06Aug2026 13:12:43.831] [Test worker/WARN] [net.minecraftforge.common.ForgeConfigSpec/CORE]: Incorrect key Messages.messages_player_only was corrected from null to its default, Player only command. 
[06Aug2026 13:12:43.831] [Test worker/WARN] [net.minecraftforge.common.ForgeConfigSpec/CORE]: Incorrect key Messages.messages_permission_denied was corrected from null to its default, Permission denied. 
[06Aug2026 13:12:43.831] [Test worker/WARN] [net.minecraftforge.common.ForgeConfigSpec/CORE]: Incorrect key Messages.messages_cooldown was corrected from null to its default, Please wait %ds before using /skin again. 
[06Aug2026 13:12:43.831] [Test worker/WARN] [net.minecraftforge.common.ForgeConfigSpec/CORE]: Incorrect key Messages.messages_rate_limited was corrected from null to its default, Too many /skin commands. Try again later.. 
[06Aug2026 13:12:43.831] [Test worker/WARN] [net.minecraftforge.common.ForgeConfigSpec/CORE]: Incorrect key Messages.messages_no_skin_found was corrected from null to its default, No skin found for "%s". 
[06Aug2026 13:12:43.831] [Test worker/WARN] [net.minecraftforge.common.ForgeConfigSpec/CORE]: Incorrect key Messages.messages_no_skin_found_plain was corrected from null to its default, No skin found. 
[06Aug2026 13:12:43.831] [Test worker/WARN] [net.minecraftforge.common.ForgeConfigSpec/CORE]: Incorrect key Messages.messages_mineskin_rejected was corrected from null to its default, MineSkin rejected the URL. 
[06Aug2026 13:12:43.831] [Test worker/WARN] [net.minecraftforge.common.ForgeConfigSpec/CORE]: Incorrect key Messages.messages_no_random_username was corrected from null to its default, No random username available. 
[06Aug2026 13:12:43.831] [Test worker/WARN] [net.minecraftforge.common.ForgeConfigSpec/CORE]: Incorrect key Messages.messages_provider_no_result was corrected from null to its default, Provider returned no result. 
[06Aug2026 13:12:43.831] [Test worker/WARN] [net.minecraftforge.common.ForgeConfigSpec/CORE]: Incorrect key Messages.messages_metrics_top_players was corrected from null to its default, Top players by refresh count:. 
[06Aug2026 13:12:43.831] [Test worker/WARN] [net.minecraftforge.common.ForgeConfigSpec/CORE]: Incorrect key Messages.messages_metrics_refreshes was corrected from null to its default,  refreshes. 
[06Aug2026 13:12:43.832] [Test worker/WARN] [net.minecraftforge.common.ForgeConfigSpec/CORE]: Incorrect key Messages.messages_metrics_no_refreshes was corrected from null to its default, (no refreshes recorded). 
[06Aug2026 13:12:43.832] [Test worker/WARN] [net.minecraftforge.common.ForgeConfigSpec/CORE]: Incorrect key Messages.messages_metrics_cleanup was corrected from null to its default, Metrics cleanup: pruned %d stale player entries. 
[06Aug2026 13:12:43.832] [Test worker/WARN] [net.minecraftforge.common.ForgeConfigSpec/CORE]: Incorrect key Messages.messages_metrics_reset was corrected from null to its default, Metrics reset. 
[06Aug2026 13:12:43.832] [Test worker/WARN] [net.minecraftforge.common.ForgeConfigSpec/CORE]: Incorrect key Messages.messages_discord_announce was corrected from null to its default, **%s** changed their skin to: `%s`. 
[06Aug2026 13:12:43.832] [Test worker/WARN] [net.minecraftforge.common.ForgeConfigSpec/CORE]: Incorrect key Integration was corrected from null to its default, SimpleCommentedConfig:{}. 
[06Aug2026 13:12:43.832] [Test worker/WARN] [net.minecraftforge.common.ForgeConfigSpec/CORE]: Incorrect key Integration.discordsrv_enabled was corrected from null to its default, false. 
[06Aug2026 13:12:43.832] [Test worker/WARN] [net.minecraftforge.common.ForgeConfigSpec/CORE]: Incorrect key Integration.discordsrv_channel_id was corrected from null to its default, . 
[06Aug2026 13:12:43.832] [Test worker/WARN] [net.minecraftforge.common.ForgeConfigSpec/CORE]: Incorrect key RateLimit was corrected from null to its default, SimpleCommentedConfig:{}. 
[06Aug2026 13:12:43.832] [Test worker/WARN] [net.minecraftforge.common.ForgeConfigSpec/CORE]: Incorrect key RateLimit.cooldown_seconds was corrected from null to its default, 3. 
[06Aug2026 13:12:43.832] [Test worker/WARN] [net.minecraftforge.common.ForgeConfigSpec/CORE]: Incorrect key RateLimit.rate_limit_enabled was corrected from null to its default, true. 
[06Aug2026 13:12:43.832] [Test worker/WARN] [net.minecraftforge.common.ForgeConfigSpec/CORE]: Incorrect key RateLimit.max_commands_per_minute was corrected from null to its default, 5. 
[06Aug2026 13:12:43.832] [Test worker/WARN] [net.minecraftforge.common.ForgeConfigSpec/CORE]: Incorrect key Broadcast was corrected from null to its default, SimpleCommentedConfig:{}. 
[06Aug2026 13:12:43.832] [Test worker/WARN] [net.minecraftforge.common.ForgeConfigSpec/CORE]: Incorrect key Broadcast.dimension_scoped_broadcast was corrected from null to its default, false. 
[06Aug2026 13:12:43.832] [Test worker/WARN] [net.minecraftforge.common.ForgeConfigSpec/CORE]: Incorrect key Broadcast.broadcast_use_bundle was corrected from null to its default, false. 
[06Aug2026 13:12:43.833] [Test worker/WARN] [net.minecraftforge.common.ForgeConfigSpec/CORE]: Incorrect key Broadcast.debounce_millis was corrected from null to its default, 100. 
[06Aug2026 13:12:43.833] [Test worker/WARN] [net.minecraftforge.common.ForgeConfigSpec/CORE]: Incorrect key Broadcast.refresh_via_entity_tracker was corrected from null to its default, true. 
[06Aug2026 13:12:43.833] [Test worker/WARN] [net.minecraftforge.common.ForgeConfigSpec/CORE]: Incorrect key Metrics was corrected from null to its default, SimpleCommentedConfig:{}. 
[06Aug2026 13:12:43.833] [Test worker/WARN] [net.minecraftforge.common.ForgeConfigSpec/CORE]: Incorrect key Metrics.metrics_enabled was corrected from null to its default, true. 
[06Aug2026 13:12:43.833] [Test worker/WARN] [net.minecraftforge.common.ForgeConfigSpec/CORE]: Incorrect key Metrics.metrics_dump_interval_seconds was corrected from null to its default, 60. 
[06Aug2026 13:12:43.833] [Test worker/WARN] [net.minecraftforge.common.ForgeConfigSpec/CORE]: Incorrect key Http was corrected from null to its default, SimpleCommentedConfig:{}. 
[06Aug2026 13:12:43.833] [Test worker/WARN] [net.minecraftforge.common.ForgeConfigSpec/CORE]: Incorrect key Http.http_client_version was corrected from null to its default, HTTP_2. 
[06Aug2026 13:12:43.833] [Test worker/WARN] [net.minecraftforge.common.ForgeConfigSpec/CORE]: Incorrect key Http.http_connect_timeout_seconds was corrected from null to its default, 5. 
[06Aug2026 13:12:43.833] [Test worker/WARN] [net.minecraftforge.common.ForgeConfigSpec/CORE]: Incorrect key MojangCache was corrected from null to its default, SimpleCommentedConfig:{}. 
[06Aug2026 13:12:43.833] [Test worker/WARN] [net.minecraftforge.common.ForgeConfigSpec/CORE]: Incorrect key MojangCache.mojang_profile_cache_enabled was corrected from null to its default, true. 
[06Aug2026 13:12:43.834] [Test worker/WARN] [net.minecraftforge.common.ForgeConfigSpec/CORE]: Incorrect key MojangCache.mojang_profile_cache_ttl_ms was corrected from null to its default, 3600000. 
[06Aug2026 13:12:43.834] [Test worker/WARN] [net.minecraftforge.common.ForgeConfigSpec/CORE]: Incorrect key MojangCache.mojang_profile_cache_max_size was corrected from null to its default, 1000. 
[06Aug2026 13:12:43.834] [Test worker/WARN] [net.minecraftforge.common.ForgeConfigSpec/CORE]: Incorrect key DefaultSkins was corrected from null to its default, SimpleCommentedConfig:{}. 
[06Aug2026 13:12:43.834] [Test worker/WARN] [net.minecraftforge.common.ForgeConfigSpec/CORE]: Incorrect key DefaultSkins.enabled was corrected from null to its default, false. 
[06Aug2026 13:12:43.835] [Test worker/WARN] [net.minecraftforge.common.ForgeConfigSpec/CORE]: Incorrect key DefaultSkins.applyForPremium was corrected from null to its default, false. 
[06Aug2026 13:12:43.835] [Test worker/WARN] [net.minecraftforge.common.ForgeConfigSpec/CORE]: Incorrect key DefaultSkins.list was corrected from null to its default, [Steve, <random>]. 
[06Aug2026 13:12:43.835] [Test worker/WARN] [net.minecraftforge.common.ForgeConfigSpec/CORE]: Incorrect key Security was corrected from null to its default, SimpleCommentedConfig:{}. 
[06Aug2026 13:12:43.835] [Test worker/WARN] [net.minecraftforge.common.ForgeConfigSpec/CORE]: Incorrect key Security.urlAllowlistEnabled was corrected from null to its default, false. 
[06Aug2026 13:12:43.836] [Test worker/WARN] [net.minecraftforge.common.ForgeConfigSpec/CORE]: Incorrect key Security.urlAllowlistDomains was corrected from null to its default, [imgur.com, storage.googleapis.com, cdn.discordapp.com, textures.minecraft.net, namemc.com, crafatar.com, mc-heads.net, githubusercontent.com, minecraftskins.com]. 
[06Aug2026 13:12:43.836] [Test worker/WARN] [net.minecraftforge.common.ForgeConfigSpec/CORE]: Incorrect key Permissions was corrected from null to its default, SimpleCommentedConfig:{}. 
[06Aug2026 13:12:43.836] [Test worker/WARN] [net.minecraftforge.common.ForgeConfigSpec/CORE]: Incorrect key Permissions.op_level was corrected from null to its default, SimpleCommentedConfig:{}. 
[06Aug2026 13:12:43.836] [Test worker/WARN] [net.minecraftforge.common.ForgeConfigSpec/CORE]: Incorrect key Permissions.op_level.mojang was corrected from null to its default, 0. 
[06Aug2026 13:12:43.836] [Test worker/WARN] [net.minecraftforge.common.ForgeConfigSpec/CORE]: Incorrect key Permissions.op_level.url was corrected from null to its default, 2. 
[06Aug2026 13:12:43.836] [Test worker/WARN] [net.minecraftforge.common.ForgeConfigSpec/CORE]: Incorrect key Permissions.op_level.clear was corrected from null to its default, 0. 
[06Aug2026 13:12:43.836] [Test worker/WARN] [net.minecraftforge.common.ForgeConfigSpec/CORE]: Incorrect key Permissions.op_level.random was corrected from null to its default, 0. 
[06Aug2026 13:12:43.836] [Test worker/WARN] [net.minecraftforge.common.ForgeConfigSpec/CORE]: Incorrect key Permissions.op_level.other was corrected from null to its default, 2. 
[06Aug2026 13:12:43.836] [Test worker/WARN] [net.minecraftforge.common.ForgeConfigSpec/CORE]: Incorrect key Permissions.op_level.metrics was corrected from null to its default, 2. 
[06Aug2026 13:12:43.836] [Test worker/WARN] [net.minecraftforge.common.ForgeConfigSpec/CORE]: Incorrect key Permissions.op_level.metrics_reset was corrected from null to its default, 2. 
[06Aug2026 13:12:43.840] [Test worker/INFO] [levosilimo.everlastingskins.EverlastingSkins/]: SKIN_REFRESH: profile=Target, property=[Property[name=textures, value=cGF5bG9hZA==, signature=c2lnbmF0dXJl]]
[06Aug2026 13:12:43.849] [Test worker/WARN] [net.minecraftforge.common.ForgeConfigSpec/CORE]: Configuration file SimpleCommentedConfig:{} is not correct. Correcting
[06Aug2026 13:12:43.849] [Test worker/WARN] [net.minecraftforge.common.ForgeConfigSpec/CORE]: Incorrect key Messages was corrected from null to its default, SimpleCommentedConfig:{}. 
[06Aug2026 13:12:43.850] [Test worker/WARN] [net.minecraftforge.common.ForgeConfigSpec/CORE]: Incorrect key Messages.localization was corrected from null to its default, en. 
[06Aug2026 13:12:43.850] [Test worker/WARN] [net.minecraftforge.common.ForgeConfigSpec/CORE]: Incorrect key Messages.display was corrected from null to its default, true. 
[06Aug2026 13:12:43.850] [Test worker/WARN] [net.minecraftforge.common.ForgeConfigSpec/CORE]: Incorrect key Messages.key was corrected from null to its default, . 
[06Aug2026 13:12:43.850] [Test worker/WARN] [net.minecraftforge.common.ForgeConfigSpec/CORE]: Incorrect key Messages.messages_change was corrected from null to its default, Skin change queued. 
[06Aug2026 13:12:43.850] [Test worker/WARN] [net.minecraftforge.common.ForgeConfigSpec/CORE]: Incorrect key Messages.messages_fulfilled was corrected from null to its default, Skin has been applied.. 
[06Aug2026 13:12:43.850] [Test worker/WARN] [net.minecraftforge.common.ForgeConfigSpec/CORE]: Incorrect key Messages.messages_timeout was corrected from null to its default, Skin fetch timed out.. 
[06Aug2026 13:12:43.850] [Test worker/WARN] [net.minecraftforge.common.ForgeConfigSpec/CORE]: Incorrect key Messages.messages_error was corrected from null to its default, Skin fetch failed.. 
[06Aug2026 13:12:43.850] [Test worker/WARN] [net.minecraftforge.common.ForgeConfigSpec/CORE]: Incorrect key Messages.messages_restored_from was corrected from null to its default, Skin restored from %s. 
[06Aug2026 13:12:43.850] [Test worker/WARN] [net.minecraftforge.common.ForgeConfigSpec/CORE]: Incorrect key Messages.messages_cleared_no_profile was corrected from null to its default, Skin cleared (no Mojang profile found). 
[06Aug2026 13:12:43.850] [Test worker/WARN] [net.minecraftforge.common.ForgeConfigSpec/CORE]: Incorrect key Messages.messages_no_source was corrected from null to its default, No source available. 
[06Aug2026 13:12:43.850] [Test worker/WARN] [net.minecraftforge.common.ForgeConfigSpec/CORE]: Incorrect key Messages.messages_player_only was corrected from null to its default, Player only command. 
[06Aug2026 13:12:43.850] [Test worker/WARN] [net.minecraftforge.common.ForgeConfigSpec/CORE]: Incorrect key Messages.messages_permission_denied was corrected from null to its default, Permission denied. 
[06Aug2026 13:12:43.851] [Test worker/WARN] [net.minecraftforge.common.ForgeConfigSpec/CORE]: Incorrect key Messages.messages_cooldown was corrected from null to its default, Please wait %ds before using /skin again. 
[06Aug2026 13:12:43.851] [Test worker/WARN] [net.minecraftforge.common.ForgeConfigSpec/CORE]: Incorrect key Messages.messages_rate_limited was corrected from null to its default, Too many /skin commands. Try again later.. 
[06Aug2026 13:12:43.851] [Test worker/WARN] [net.minecraftforge.common.ForgeConfigSpec/CORE]: Incorrect key Messages.messages_no_skin_found was corrected from null to its default, No skin found for "%s". 
[06Aug2026 13:12:43.851] [Test worker/WARN] [net.minecraftforge.common.ForgeConfigSpec/CORE]: Incorrect key Messages.messages_no_skin_found_plain was corrected from null to its default, No skin found. 
[06Aug2026 13:12:43.851] [Test worker/WARN] [net.minecraftforge.common.ForgeConfigSpec/CORE]: Incorrect key Messages.messages_mineskin_rejected was corrected from null to its default, MineSkin rejected the URL. 
[06Aug2026 13:12:43.851] [Test worker/WARN] [net.minecraftforge.common.ForgeConfigSpec/CORE]: Incorrect key Messages.messages_no_random_username was corrected from null to its default, No random username available. 
[06Aug2026 13:12:43.851] [Test worker/WARN] [net.minecraftforge.common.ForgeConfigSpec/CORE]: Incorrect key Messages.messages_provider_no_result was corrected from null to its default, Provider returned no result. 
[06Aug2026 13:12:43.851] [Test worker/WARN] [net.minecraftforge.common.ForgeConfigSpec/CORE]: Incorrect key Messages.messages_metrics_top_players was corrected from null to its default, Top players by refresh count:. 
[06Aug2026 13:12:43.851] [Test worker/WARN] [net.minecraftforge.common.ForgeConfigSpec/CORE]: Incorrect key Messages.messages_metrics_refreshes was corrected from null to its default,  refreshes. 
[06Aug2026 13:12:43.852] [Test worker/WARN] [net.minecraftforge.common.ForgeConfigSpec/CORE]: Incorrect key Messages.messages_metrics_no_refreshes was corrected from null to its default, (no refreshes recorded). 
[06Aug2026 13:12:43.852] [Test worker/WARN] [net.minecraftforge.common.ForgeConfigSpec/CORE]: Incorrect key Messages.messages_metrics_cleanup was corrected from null to its default, Metrics cleanup: pruned %d stale player entries. 
[06Aug2026 13:12:43.852] [Test worker/WARN] [net.minecraftforge.common.ForgeConfigSpec/CORE]: Incorrect key Messages.messages_metrics_reset was corrected from null to its default, Metrics reset. 
[06Aug2026 13:12:43.852] [Test worker/WARN] [net.minecraftforge.common.ForgeConfigSpec/CORE]: Incorrect key Messages.messages_discord_announce was corrected from null to its default, **%s** changed their skin to: `%s`. 
[06Aug2026 13:12:43.852] [Test worker/WARN] [net.minecraftforge.common.ForgeConfigSpec/CORE]: Incorrect key Integration was corrected from null to its default, SimpleCommentedConfig:{}. 
[06Aug2026 13:12:43.852] [Test worker/WARN] [net.minecraftforge.common.ForgeConfigSpec/CORE]: Incorrect key Integration.discordsrv_enabled was corrected from null to its default, false. 
[06Aug2026 13:12:43.852] [Test worker/WARN] [net.minecraftforge.common.ForgeConfigSpec/CORE]: Incorrect key Integration.discordsrv_channel_id was corrected from null to its default, . 
[06Aug2026 13:12:43.852] [Test worker/WARN] [net.minecraftforge.common.ForgeConfigSpec/CORE]: Incorrect key RateLimit was corrected from null to its default, SimpleCommentedConfig:{}. 
[06Aug2026 13:12:43.852] [Test worker/WARN] [net.minecraftforge.common.ForgeConfigSpec/CORE]: Incorrect key RateLimit.cooldown_seconds was corrected from null to its default, 3. 
[06Aug2026 13:12:43.852] [Test worker/WARN] [net.minecraftforge.common.ForgeConfigSpec/CORE]: Incorrect key RateLimit.rate_limit_enabled was corrected from null to its default, true. 
[06Aug2026 13:12:43.852] [Test worker/WARN] [net.minecraftforge.common.ForgeConfigSpec/CORE]: Incorrect key RateLimit.max_commands_per_minute was corrected from null to its default, 5. 
[06Aug2026 13:12:43.852] [Test worker/WARN] [net.minecraftforge.common.ForgeConfigSpec/CORE]: Incorrect key Broadcast was corrected from null to its default, SimpleCommentedConfig:{}. 
[06Aug2026 13:12:43.853] [Test worker/WARN] [net.minecraftforge.common.ForgeConfigSpec/CORE]: Incorrect key Broadcast.dimension_scoped_broadcast was corrected from null to its default, false. 
[06Aug2026 13:12:43.853] [Test worker/WARN] [net.minecraftforge.common.ForgeConfigSpec/CORE]: Incorrect key Broadcast.broadcast_use_bundle was corrected from null to its default, false. 
[06Aug2026 13:12:43.853] [Test worker/WARN] [net.minecraftforge.common.ForgeConfigSpec/CORE]: Incorrect key Broadcast.debounce_millis was corrected from null to its default, 100. 
[06Aug2026 13:12:43.853] [Test worker/WARN] [net.minecraftforge.common.ForgeConfigSpec/CORE]: Incorrect key Broadcast.refresh_via_entity_tracker was corrected from null to its default, true. 
[06Aug2026 13:12:43.853] [Test worker/WARN] [net.minecraftforge.common.ForgeConfigSpec/CORE]: Incorrect key Metrics was corrected from null to its default, SimpleCommentedConfig:{}. 
[06Aug2026 13:12:43.853] [Test worker/WARN] [net.minecraftforge.common.ForgeConfigSpec/CORE]: Incorrect key Metrics.metrics_enabled was corrected from null to its default, true. 
[06Aug2026 13:12:43.853] [Test worker/WARN] [net.minecraftforge.common.ForgeConfigSpec/CORE]: Incorrect key Metrics.metrics_dump_interval_seconds was corrected from null to its default, 60. 
[06Aug2026 13:12:43.853] [Test worker/WARN] [net.minecraftforge.common.ForgeConfigSpec/CORE]: Incorrect key Http was corrected from null to its default, SimpleCommentedConfig:{}. 
[06Aug2026 13:12:43.853] [Test worker/WARN] [net.minecraftforge.common.ForgeConfigSpec/CORE]: Incorrect key Http.http_client_version was corrected from null to its default, HTTP_2. 
[06Aug2026 13:12:43.853] [Test worker/WARN] [net.minecraftforge.common.ForgeConfigSpec/CORE]: Incorrect key Http.http_connect_timeout_seconds was corrected from null to its default, 5. 
[06Aug2026 13:12:43.853] [Test worker/WARN] [net.minecraftforge.common.ForgeConfigSpec/CORE]: Incorrect key MojangCache was corrected from null to its default, SimpleCommentedConfig:{}. 
[06Aug2026 13:12:43.853] [Test worker/WARN] [net.minecraftforge.common.ForgeConfigSpec/CORE]: Incorrect key MojangCache.mojang_profile_cache_enabled was corrected from null to its default, true. 
[06Aug2026 13:12:43.853] [Test worker/WARN] [net.minecraftforge.common.ForgeConfigSpec/CORE]: Incorrect key MojangCache.mojang_profile_cache_ttl_ms was corrected from null to its default, 3600000. 
[06Aug2026 13:12:43.854] [Test worker/WARN] [net.minecraftforge.common.ForgeConfigSpec/CORE]: Incorrect key MojangCache.mojang_profile_cache_max_size was corrected from null to its default, 1000. 
[06Aug2026 13:12:43.854] [Test worker/WARN] [net.minecraftforge.common.ForgeConfigSpec/CORE]: Incorrect key DefaultSkins was corrected from null to its default, SimpleCommentedConfig:{}. 
[06Aug2026 13:12:43.854] [Test worker/WARN] [net.minecraftforge.common.ForgeConfigSpec/CORE]: Incorrect key DefaultSkins.enabled was corrected from null to its default, false. 
[06Aug2026 13:12:43.854] [Test worker/WARN] [net.minecraftforge.common.ForgeConfigSpec/CORE]: Incorrect key DefaultSkins.applyForPremium was corrected from null to its default, false. 
[06Aug2026 13:12:43.854] [Test worker/WARN] [net.minecraftforge.common.ForgeConfigSpec/CORE]: Incorrect key DefaultSkins.list was corrected from null to its default, [Steve, <random>]. 
[06Aug2026 13:12:43.854] [Test worker/WARN] [net.minecraftforge.common.ForgeConfigSpec/CORE]: Incorrect key Security was corrected from null to its default, SimpleCommentedConfig:{}. 
[06Aug2026 13:12:43.854] [Test worker/WARN] [net.minecraftforge.common.ForgeConfigSpec/CORE]: Incorrect key Security.urlAllowlistEnabled was corrected from null to its default, false. 
[06Aug2026 13:12:43.854] [Test worker/WARN] [net.minecraftforge.common.ForgeConfigSpec/CORE]: Incorrect key Security.urlAllowlistDomains was corrected from null to its default, [imgur.com, storage.googleapis.com, cdn.discordapp.com, textures.minecraft.net, namemc.com, crafatar.com, mc-heads.net, githubusercontent.com, minecraftskins.com]. 
[06Aug2026 13:12:43.854] [Test worker/WARN] [net.minecraftforge.common.ForgeConfigSpec/CORE]: Incorrect key Permissions was corrected from null to its default, SimpleCommentedConfig:{}. 
[06Aug2026 13:12:43.854] [Test worker/WARN] [net.minecraftforge.common.ForgeConfigSpec/CORE]: Incorrect key Permissions.op_level was corrected from null to its default, SimpleCommentedConfig:{}. 
[06Aug2026 13:12:43.854] [Test worker/WARN] [net.minecraftforge.common.ForgeConfigSpec/CORE]: Incorrect key Permissions.op_level.mojang was corrected from null to its default, 0. 
[06Aug2026 13:12:43.854] [Test worker/WARN] [net.minecraftforge.common.ForgeConfigSpec/CORE]: Incorrect key Permissions.op_level.url was corrected from null to its default, 2. 
[06Aug2026 13:12:43.854] [Test worker/WARN] [net.minecraftforge.common.ForgeConfigSpec/CORE]: Incorrect key Permissions.op_level.clear was corrected from null to its default, 0. 
[06Aug2026 13:12:43.855] [Test worker/WARN] [net.minecraftforge.common.ForgeConfigSpec/CORE]: Incorrect key Permissions.op_level.random was corrected from null to its default, 0. 
[06Aug2026 13:12:43.855] [Test worker/WARN] [net.minecraftforge.common.ForgeConfigSpec/CORE]: Incorrect key Permissions.op_level.other was corrected from null to its default, 2. 
[06Aug2026 13:12:43.855] [Test worker/WARN] [net.minecraftforge.common.ForgeConfigSpec/CORE]: Incorrect key Permissions.op_level.metrics was corrected from null to its default, 2. 
[06Aug2026 13:12:43.855] [Test worker/WARN] [net.minecraftforge.common.ForgeConfigSpec/CORE]: Incorrect key Permissions.op_level.metrics_reset was corrected from null to its default, 2. 
[06Aug2026 13:12:43.859] [Test worker/INFO] [levosilimo.everlastingskins.EverlastingSkins/]: SKIN_REFRESH: profile=Target, property=[Property[name=textures, value=cGF5bG9hZA==, signature=c2lnbmF0dXJl]]
[06Aug2026 13:12:43.860] [Test worker/INFO] [levosilimo.everlastingskins.EverlastingSkins/]: SKIN_REFRESH: profile=Target, property=[Property[name=textures, value=cGF5bG9hZA==, signature=c2lnbmF0dXJl]]
[06Aug2026 13:12:43.867] [Test worker/WARN] [net.minecraftforge.common.ForgeConfigSpec/CORE]: Configuration file SimpleCommentedConfig:{} is not correct. Correcting
[06Aug2026 13:12:43.868] [Test worker/WARN] [net.minecraftforge.common.ForgeConfigSpec/CORE]: Incorrect key Messages was corrected from null to its default, SimpleCommentedConfig:{}. 
[06Aug2026 13:12:43.868] [Test worker/WARN] [net.minecraftforge.common.ForgeConfigSpec/CORE]: Incorrect key Messages.localization was corrected from null to its default, en. 
[06Aug2026 13:12:43.868] [Test worker/WARN] [net.minecraftforge.common.ForgeConfigSpec/CORE]: Incorrect key Messages.display was corrected from null to its default, true. 
[06Aug2026 13:12:43.868] [Test worker/WARN] [net.minecraftforge.common.ForgeConfigSpec/CORE]: Incorrect key Messages.key was corrected from null to its default, . 
[06Aug2026 13:12:43.868] [Test worker/WARN] [net.minecraftforge.common.ForgeConfigSpec/CORE]: Incorrect key Messages.messages_change was corrected from null to its default, Skin change queued. 
[06Aug2026 13:12:43.868] [Test worker/WARN] [net.minecraftforge.common.ForgeConfigSpec/CORE]: Incorrect key Messages.messages_fulfilled was corrected from null to its default, Skin has been applied.. 
[06Aug2026 13:12:43.868] [Test worker/WARN] [net.minecraftforge.common.ForgeConfigSpec/CORE]: Incorrect key Messages.messages_timeout was corrected from null to its default, Skin fetch timed out.. 
[06Aug2026 13:12:43.868] [Test worker/WARN] [net.minecraftforge.common.ForgeConfigSpec/CORE]: Incorrect key Messages.messages_error was corrected from null to its default, Skin fetch failed.. 
[06Aug2026 13:12:43.868] [Test worker/WARN] [net.minecraftforge.common.ForgeConfigSpec/CORE]: Incorrect key Messages.messages_restored_from was corrected from null to its default, Skin restored from %s. 
[06Aug2026 13:12:43.868] [Test worker/WARN] [net.minecraftforge.common.ForgeConfigSpec/CORE]: Incorrect key Messages.messages_cleared_no_profile was corrected from null to its default, Skin cleared (no Mojang profile found). 
[06Aug2026 13:12:43.868] [Test worker/WARN] [net.minecraftforge.common.ForgeConfigSpec/CORE]: Incorrect key Messages.messages_no_source was corrected from null to its default, No source available. 
[06Aug2026 13:12:43.868] [Test worker/WARN] [net.minecraftforge.common.ForgeConfigSpec/CORE]: Incorrect key Messages.messages_player_only was corrected from null to its default, Player only command. 
[06Aug2026 13:12:43.868] [Test worker/WARN] [net.minecraftforge.common.ForgeConfigSpec/CORE]: Incorrect key Messages.messages_permission_denied was corrected from null to its default, Permission denied. 
[06Aug2026 13:12:43.868] [Test worker/WARN] [net.minecraftforge.common.ForgeConfigSpec/CORE]: Incorrect key Messages.messages_cooldown was corrected from null to its default, Please wait %ds before using /skin again. 
[06Aug2026 13:12:43.868] [Test worker/WARN] [net.minecraftforge.common.ForgeConfigSpec/CORE]: Incorrect key Messages.messages_rate_limited was corrected from null to its default, Too many /skin commands. Try again later.. 
[06Aug2026 13:12:43.869] [Test worker/WARN] [net.minecraftforge.common.ForgeConfigSpec/CORE]: Incorrect key Messages.messages_no_skin_found was corrected from null to its default, No skin found for "%s". 
[06Aug2026 13:12:43.869] [Test worker/WARN] [net.minecraftforge.common.ForgeConfigSpec/CORE]: Incorrect key Messages.messages_no_skin_found_plain was corrected from null to its default, No skin found. 
[06Aug2026 13:12:43.869] [Test worker/WARN] [net.minecraftforge.common.ForgeConfigSpec/CORE]: Incorrect key Messages.messages_mineskin_rejected was corrected from null to its default, MineSkin rejected the URL. 
[06Aug2026 13:12:43.869] [Test worker/WARN] [net.minecraftforge.common.ForgeConfigSpec/CORE]: Incorrect key Messages.messages_no_random_username was corrected from null to its default, No random username available. 
[06Aug2026 13:12:43.869] [Test worker/WARN] [net.minecraftforge.common.ForgeConfigSpec/CORE]: Incorrect key Messages.messages_provider_no_result was corrected from null to its default, Provider returned no result. 
[06Aug2026 13:12:43.869] [Test worker/WARN] [net.minecraftforge.common.ForgeConfigSpec/CORE]: Incorrect key Messages.messages_metrics_top_players was corrected from null to its default, Top players by refresh count:. 
[06Aug2026 13:12:43.869] [Test worker/WARN] [net.minecraftforge.common.ForgeConfigSpec/CORE]: Incorrect key Messages.messages_metrics_refreshes was corrected from null to its default,  refreshes. 
[06Aug2026 13:12:43.869] [Test worker/WARN] [net.minecraftforge.common.ForgeConfigSpec/CORE]: Incorrect key Messages.messages_metrics_no_refreshes was corrected from null to its default, (no refreshes recorded). 
[06Aug2026 13:12:43.869] [Test worker/WARN] [net.minecraftforge.common.ForgeConfigSpec/CORE]: Incorrect key Messages.messages_metrics_cleanup was corrected from null to its default, Metrics cleanup: pruned %d stale player entries. 
[06Aug2026 13:12:43.869] [Test worker/WARN] [net.minecraftforge.common.ForgeConfigSpec/CORE]: Incorrect key Messages.messages_metrics_reset was corrected from null to its default, Metrics reset. 
[06Aug2026 13:12:43.869] [Test worker/WARN] [net.minecraftforge.common.ForgeConfigSpec/CORE]: Incorrect key Messages.messages_discord_announce was corrected from null to its default, **%s** changed their skin to: `%s`. 
[06Aug2026 13:12:43.869] [Test worker/WARN] [net.minecraftforge.common.ForgeConfigSpec/CORE]: Incorrect key Integration was corrected from null to its default, SimpleCommentedConfig:{}. 
[06Aug2026 13:12:43.869] [Test worker/WARN] [net.minecraftforge.common.ForgeConfigSpec/CORE]: Incorrect key Integration.discordsrv_enabled was corrected from null to its default, false. 
[06Aug2026 13:12:43.869] [Test worker/WARN] [net.minecraftforge.common.ForgeConfigSpec/CORE]: Incorrect key Integration.discordsrv_channel_id was corrected from null to its default, . 
[06Aug2026 13:12:43.869] [Test worker/WARN] [net.minecraftforge.common.ForgeConfigSpec/CORE]: Incorrect key RateLimit was corrected from null to its default, SimpleCommentedConfig:{}. 
[06Aug2026 13:12:43.870] [Test worker/WARN] [net.minecraftforge.common.ForgeConfigSpec/CORE]: Incorrect key RateLimit.cooldown_seconds was corrected from null to its default, 3. 
[06Aug2026 13:12:43.870] [Test worker/WARN] [net.minecraftforge.common.ForgeConfigSpec/CORE]: Incorrect key RateLimit.rate_limit_enabled was corrected from null to its default, true. 
[06Aug2026 13:12:43.870] [Test worker/WARN] [net.minecraftforge.common.ForgeConfigSpec/CORE]: Incorrect key RateLimit.max_commands_per_minute was corrected from null to its default, 5. 
[06Aug2026 13:12:43.870] [Test worker/WARN] [net.minecraftforge.common.ForgeConfigSpec/CORE]: Incorrect key Broadcast was corrected from null to its default, SimpleCommentedConfig:{}. 
[06Aug2026 13:12:43.870] [Test worker/WARN] [net.minecraftforge.common.ForgeConfigSpec/CORE]: Incorrect key Broadcast.dimension_scoped_broadcast was corrected from null to its default, false. 
[06Aug2026 13:12:43.870] [Test worker/WARN] [net.minecraftforge.common.ForgeConfigSpec/CORE]: Incorrect key Broadcast.broadcast_use_bundle was corrected from null to its default, false. 
[06Aug2026 13:12:43.870] [Test worker/WARN] [net.minecraftforge.common.ForgeConfigSpec/CORE]: Incorrect key Broadcast.debounce_millis was corrected from null to its default, 100. 
[06Aug2026 13:12:43.870] [Test worker/WARN] [net.minecraftforge.common.ForgeConfigSpec/CORE]: Incorrect key Broadcast.refresh_via_entity_tracker was corrected from null to its default, true. 
[06Aug2026 13:12:43.870] [Test worker/WARN] [net.minecraftforge.common.ForgeConfigSpec/CORE]: Incorrect key Metrics was corrected from null to its default, SimpleCommentedConfig:{}. 
[06Aug2026 13:12:43.871] [Test worker/WARN] [net.minecraftforge.common.ForgeConfigSpec/CORE]: Incorrect key Metrics.metrics_enabled was corrected from null to its default, true. 
[06Aug2026 13:12:43.871] [Test worker/WARN] [net.minecraftforge.common.ForgeConfigSpec/CORE]: Incorrect key Metrics.metrics_dump_interval_seconds was corrected from null to its default, 60. 
[06Aug2026 13:12:43.871] [Test worker/WARN] [net.minecraftforge.common.ForgeConfigSpec/CORE]: Incorrect key Http was corrected from null to its default, SimpleCommentedConfig:{}. 
[06Aug2026 13:12:43.871] [Test worker/WARN] [net.minecraftforge.common.ForgeConfigSpec/CORE]: Incorrect key Http.http_client_version was corrected from null to its default, HTTP_2. 
[06Aug2026 13:12:43.871] [Test worker/WARN] [net.minecraftforge.common.ForgeConfigSpec/CORE]: Incorrect key Http.http_connect_timeout_seconds was corrected from null to its default, 5. 
[06Aug2026 13:12:43.871] [Test worker/WARN] [net.minecraftforge.common.ForgeConfigSpec/CORE]: Incorrect key MojangCache was corrected from null to its default, SimpleCommentedConfig:{}. 
[06Aug2026 13:12:43.871] [Test worker/WARN] [net.minecraftforge.common.ForgeConfigSpec/CORE]: Incorrect key MojangCache.mojang_profile_cache_enabled was corrected from null to its default, true. 
[06Aug2026 13:12:43.871] [Test worker/WARN] [net.minecraftforge.common.ForgeConfigSpec/CORE]: Incorrect key MojangCache.mojang_profile_cache_ttl_ms was corrected from null to its default, 3600000. 
[06Aug2026 13:12:43.871] [Test worker/WARN] [net.minecraftforge.common.ForgeConfigSpec/CORE]: Incorrect key MojangCache.mojang_profile_cache_max_size was corrected from null to its default, 1000. 
[06Aug2026 13:12:43.872] [Test worker/WARN] [net.minecraftforge.common.ForgeConfigSpec/CORE]: Incorrect key DefaultSkins was corrected from null to its default, SimpleCommentedConfig:{}. 
[06Aug2026 13:12:43.872] [Test worker/WARN] [net.minecraftforge.common.ForgeConfigSpec/CORE]: Incorrect key DefaultSkins.enabled was corrected from null to its default, false. 
[06Aug2026 13:12:43.872] [Test worker/WARN] [net.minecraftforge.common.ForgeConfigSpec/CORE]: Incorrect key DefaultSkins.applyForPremium was corrected from null to its default, false. 
[06Aug2026 13:12:43.872] [Test worker/WARN] [net.minecraftforge.common.ForgeConfigSpec/CORE]: Incorrect key DefaultSkins.list was corrected from null to its default, [Steve, <random>]. 
[06Aug2026 13:12:43.872] [Test worker/WARN] [net.minecraftforge.common.ForgeConfigSpec/CORE]: Incorrect key Security was corrected from null to its default, SimpleCommentedConfig:{}. 
[06Aug2026 13:12:43.872] [Test worker/WARN] [net.minecraftforge.common.ForgeConfigSpec/CORE]: Incorrect key Security.urlAllowlistEnabled was corrected from null to its default, false. 
[06Aug2026 13:12:43.872] [Test worker/WARN] [net.minecraftforge.common.ForgeConfigSpec/CORE]: Incorrect key Security.urlAllowlistDomains was corrected from null to its default, [imgur.com, storage.googleapis.com, cdn.discordapp.com, textures.minecraft.net, namemc.com, crafatar.com, mc-heads.net, githubusercontent.com, minecraftskins.com]. 
[06Aug2026 13:12:43.872] [Test worker/WARN] [net.minecraftforge.common.ForgeConfigSpec/CORE]: Incorrect key Permissions was corrected from null to its default, SimpleCommentedConfig:{}. 
[06Aug2026 13:12:43.872] [Test worker/WARN] [net.minecraftforge.common.ForgeConfigSpec/CORE]: Incorrect key Permissions.op_level was corrected from null to its default, SimpleCommentedConfig:{}. 
[06Aug2026 13:12:43.873] [Test worker/WARN] [net.minecraftforge.common.ForgeConfigSpec/CORE]: Incorrect key Permissions.op_level.mojang was corrected from null to its default, 0. 
[06Aug2026 13:12:43.873] [Test worker/WARN] [net.minecraftforge.common.ForgeConfigSpec/CORE]: Incorrect key Permissions.op_level.url was corrected from null to its default, 2. 
[06Aug2026 13:12:43.873] [Test worker/WARN] [net.minecraftforge.common.ForgeConfigSpec/CORE]: Incorrect key Permissions.op_level.clear was corrected from null to its default, 0. 
[06Aug2026 13:12:43.873] [Test worker/WARN] [net.minecraftforge.common.ForgeConfigSpec/CORE]: Incorrect key Permissions.op_level.random was corrected from null to its default, 0. 
[06Aug2026 13:12:43.873] [Test worker/WARN] [net.minecraftforge.common.ForgeConfigSpec/CORE]: Incorrect key Permissions.op_level.other was corrected from null to its default, 2. 
[06Aug2026 13:12:43.873] [Test worker/WARN] [net.minecraftforge.common.ForgeConfigSpec/CORE]: Incorrect key Permissions.op_level.metrics was corrected from null to its default, 2. 
[06Aug2026 13:12:43.873] [Test worker/WARN] [net.minecraftforge.common.ForgeConfigSpec/CORE]: Incorrect key Permissions.op_level.metrics_reset was corrected from null to its default, 2. 
[06Aug2026 13:12:43.877] [Test worker/INFO] [levosilimo.everlastingskins.EverlastingSkins/]: SKIN_REFRESH: profile=Alice, property=[Property[name=textures, value=newValue, signature=newSignature]]
[06Aug2026 13:12:43.884] [Test worker/WARN] [net.minecraftforge.common.ForgeConfigSpec/CORE]: Configuration file SimpleCommentedConfig:{} is not correct. Correcting
[06Aug2026 13:12:43.884] [Test worker/WARN] [net.minecraftforge.common.ForgeConfigSpec/CORE]: Incorrect key Messages was corrected from null to its default, SimpleCommentedConfig:{}. 
[06Aug2026 13:12:43.884] [Test worker/WARN] [net.minecraftforge.common.ForgeConfigSpec/CORE]: Incorrect key Messages.localization was corrected from null to its default, en. 
[06Aug2026 13:12:43.884] [Test worker/WARN] [net.minecraftforge.common.ForgeConfigSpec/CORE]: Incorrect key Messages.display was corrected from null to its default, true. 
[06Aug2026 13:12:43.885] [Test worker/WARN] [net.minecraftforge.common.ForgeConfigSpec/CORE]: Incorrect key Messages.key was corrected from null to its default, . 
[06Aug2026 13:12:43.885] [Test worker/WARN] [net.minecraftforge.common.ForgeConfigSpec/CORE]: Incorrect key Messages.messages_change was corrected from null to its default, Skin change queued. 
[06Aug2026 13:12:43.885] [Test worker/WARN] [net.minecraftforge.common.ForgeConfigSpec/CORE]: Incorrect key Messages.messages_fulfilled was corrected from null to its default, Skin has been applied.. 
[06Aug2026 13:12:43.885] [Test worker/WARN] [net.minecraftforge.common.ForgeConfigSpec/CORE]: Incorrect key Messages.messages_timeout was corrected from null to its default, Skin fetch timed out.. 
[06Aug2026 13:12:43.885] [Test worker/WARN] [net.minecraftforge.common.ForgeConfigSpec/CORE]: Incorrect key Messages.messages_error was corrected from null to its default, Skin fetch failed.. 
[06Aug2026 13:12:43.885] [Test worker/WARN] [net.minecraftforge.common.ForgeConfigSpec/CORE]: Incorrect key Messages.messages_restored_from was corrected from null to its default, Skin restored from %s. 
[06Aug2026 13:12:43.885] [Test worker/WARN] [net.minecraftforge.common.ForgeConfigSpec/CORE]: Incorrect key Messages.messages_cleared_no_profile was corrected from null to its default, Skin cleared (no Mojang profile found). 
[06Aug2026 13:12:43.885] [Test worker/WARN] [net.minecraftforge.common.ForgeConfigSpec/CORE]: Incorrect key Messages.messages_no_source was corrected from null to its default, No source available. 
[06Aug2026 13:12:43.885] [Test worker/WARN] [net.minecraftforge.common.ForgeConfigSpec/CORE]: Incorrect key Messages.messages_player_only was corrected from null to its default, Player only command. 
[06Aug2026 13:12:43.885] [Test worker/WARN] [net.minecraftforge.common.ForgeConfigSpec/CORE]: Incorrect key Messages.messages_permission_denied was corrected from null to its default, Permission denied. 
[06Aug2026 13:12:43.885] [Test worker/WARN] [net.minecraftforge.common.ForgeConfigSpec/CORE]: Incorrect key Messages.messages_cooldown was corrected from null to its default, Please wait %ds before using /skin again. 
[06Aug2026 13:12:43.885] [Test worker/WARN] [net.minecraftforge.common.ForgeConfigSpec/CORE]: Incorrect key Messages.messages_rate_limited was corrected from null to its default, Too many /skin commands. Try again later.. 
[06Aug2026 13:12:43.885] [Test worker/WARN] [net.minecraftforge.common.ForgeConfigSpec/CORE]: Incorrect key Messages.messages_no_skin_found was corrected from null to its default, No skin found for "%s". 
[06Aug2026 13:12:43.885] [Test worker/WARN] [net.minecraftforge.common.ForgeConfigSpec/CORE]: Incorrect key Messages.messages_no_skin_found_plain was corrected from null to its default, No skin found. 
[06Aug2026 13:12:43.885] [Test worker/WARN] [net.minecraftforge.common.ForgeConfigSpec/CORE]: Incorrect key Messages.messages_mineskin_rejected was corrected from null to its default, MineSkin rejected the URL. 
[06Aug2026 13:12:43.885] [Test worker/WARN] [net.minecraftforge.common.ForgeConfigSpec/CORE]: Incorrect key Messages.messages_no_random_username was corrected from null to its default, No random username available. 
[06Aug2026 13:12:43.885] [Test worker/WARN] [net.minecraftforge.common.ForgeConfigSpec/CORE]: Incorrect key Messages.messages_provider_no_result was corrected from null to its default, Provider returned no result. 
[06Aug2026 13:12:43.885] [Test worker/WARN] [net.minecraftforge.common.ForgeConfigSpec/CORE]: Incorrect key Messages.messages_metrics_top_players was corrected from null to its default, Top players by refresh count:. 
[06Aug2026 13:12:43.886] [Test worker/WARN] [net.minecraftforge.common.ForgeConfigSpec/CORE]: Incorrect key Messages.messages_metrics_refreshes was corrected from null to its default,  refreshes. 
[06Aug2026 13:12:43.886] [Test worker/WARN] [net.minecraftforge.common.ForgeConfigSpec/CORE]: Incorrect key Messages.messages_metrics_no_refreshes was corrected from null to its default, (no refreshes recorded). 
[06Aug2026 13:12:43.886] [Test worker/WARN] [net.minecraftforge.common.ForgeConfigSpec/CORE]: Incorrect key Messages.messages_metrics_cleanup was corrected from null to its default, Metrics cleanup: pruned %d stale player entries. 
[06Aug2026 13:12:43.886] [Test worker/WARN] [net.minecraftforge.common.ForgeConfigSpec/CORE]: Incorrect key Messages.messages_metrics_reset was corrected from null to its default, Metrics reset. 
[06Aug2026 13:12:43.886] [Test worker/WARN] [net.minecraftforge.common.ForgeConfigSpec/CORE]: Incorrect key Messages.messages_discord_announce was corrected from null to its default, **%s** changed their skin to: `%s`. 
[06Aug2026 13:12:43.886] [Test worker/WARN] [net.minecraftforge.common.ForgeConfigSpec/CORE]: Incorrect key Integration was corrected from null to its default, SimpleCommentedConfig:{}. 
[06Aug2026 13:12:43.886] [Test worker/WARN] [net.minecraftforge.common.ForgeConfigSpec/CORE]: Incorrect key Integration.discordsrv_enabled was corrected from null to its default, false. 
[06Aug2026 13:12:43.886] [Test worker/WARN] [net.minecraftforge.common.ForgeConfigSpec/CORE]: Incorrect key Integration.discordsrv_channel_id was corrected from null to its default, . 
[06Aug2026 13:12:43.886] [Test worker/WARN] [net.minecraftforge.common.ForgeConfigSpec/CORE]: Incorrect key RateLimit was corrected from null to its default, SimpleCommentedConfig:{}. 
[06Aug2026 13:12:43.886] [Test worker/WARN] [net.minecraftforge.common.ForgeConfigSpec/CORE]: Incorrect key RateLimit.cooldown_seconds was corrected from null to its default, 3. 
[06Aug2026 13:12:43.886] [Test worker/WARN] [net.minecraftforge.common.ForgeConfigSpec/CORE]: Incorrect key RateLimit.rate_limit_enabled was corrected from null to its default, true. 
[06Aug2026 13:12:43.886] [Test worker/WARN] [net.minecraftforge.common.ForgeConfigSpec/CORE]: Incorrect key RateLimit.max_commands_per_minute was corrected from null to its default, 5. 
[06Aug2026 13:12:43.886] [Test worker/WARN] [net.minecraftforge.common.ForgeConfigSpec/CORE]: Incorrect key Broadcast was corrected from null to its default, SimpleCommentedConfig:{}. 
[06Aug2026 13:12:43.887] [Test worker/WARN] [net.minecraftforge.common.ForgeConfigSpec/CORE]: Incorrect key Broadcast.dimension_scoped_broadcast was corrected from null to its default, false. 
[06Aug2026 13:12:43.887] [Test worker/WARN] [net.minecraftforge.common.ForgeConfigSpec/CORE]: Incorrect key Broadcast.broadcast_use_bundle was corrected from null to its default, false. 
[06Aug2026 13:12:43.887] [Test worker/WARN] [net.minecraftforge.common.ForgeConfigSpec/CORE]: Incorrect key Broadcast.debounce_millis was corrected from null to its default, 100. 
[06Aug2026 13:12:43.887] [Test worker/WARN] [net.minecraftforge.common.ForgeConfigSpec/CORE]: Incorrect key Broadcast.refresh_via_entity_tracker was corrected from null to its default, true. 
[06Aug2026 13:12:43.887] [Test worker/WARN] [net.minecraftforge.common.ForgeConfigSpec/CORE]: Incorrect key Metrics was corrected from null to its default, SimpleCommentedConfig:{}. 
[06Aug2026 13:12:43.887] [Test worker/WARN] [net.minecraftforge.common.ForgeConfigSpec/CORE]: Incorrect key Metrics.metrics_enabled was corrected from null to its default, true. 
[06Aug2026 13:12:43.887] [Test worker/WARN] [net.minecraftforge.common.ForgeConfigSpec/CORE]: Incorrect key Metrics.metrics_dump_interval_seconds was corrected from null to its default, 60. 
[06Aug2026 13:12:43.887] [Test worker/WARN] [net.minecraftforge.common.ForgeConfigSpec/CORE]: Incorrect key Http was corrected from null to its default, SimpleCommentedConfig:{}. 
[06Aug2026 13:12:43.887] [Test worker/WARN] [net.minecraftforge.common.ForgeConfigSpec/CORE]: Incorrect key Http.http_client_version was corrected from null to its default, HTTP_2. 
[06Aug2026 13:12:43.887] [Test worker/WARN] [net.minecraftforge.common.ForgeConfigSpec/CORE]: Incorrect key Http.http_connect_timeout_seconds was corrected from null to its default, 5. 
[06Aug2026 13:12:43.887] [Test worker/WARN] [net.minecraftforge.common.ForgeConfigSpec/CORE]: Incorrect key MojangCache was corrected from null to its default, SimpleCommentedConfig:{}. 
[06Aug2026 13:12:43.887] [Test worker/WARN] [net.minecraftforge.common.ForgeConfigSpec/CORE]: Incorrect key MojangCache.mojang_profile_cache_enabled was corrected from null to its default, true. 
[06Aug2026 13:12:43.887] [Test worker/WARN] [net.minecraftforge.common.ForgeConfigSpec/CORE]: Incorrect key MojangCache.mojang_profile_cache_ttl_ms was corrected from null to its default, 3600000. 
[06Aug2026 13:12:43.887] [Test worker/WARN] [net.minecraftforge.common.ForgeConfigSpec/CORE]: Incorrect key MojangCache.mojang_profile_cache_max_size was corrected from null to its default, 1000. 
[06Aug2026 13:12:43.887] [Test worker/WARN] [net.minecraftforge.common.ForgeConfigSpec/CORE]: Incorrect key DefaultSkins was corrected from null to its default, SimpleCommentedConfig:{}. 
[06Aug2026 13:12:43.887] [Test worker/WARN] [net.minecraftforge.common.ForgeConfigSpec/CORE]: Incorrect key DefaultSkins.enabled was corrected from null to its default, false. 
[06Aug2026 13:12:43.888] [Test worker/WARN] [net.minecraftforge.common.ForgeConfigSpec/CORE]: Incorrect key DefaultSkins.applyForPremium was corrected from null to its default, false. 
[06Aug2026 13:12:43.888] [Test worker/WARN] [net.minecraftforge.common.ForgeConfigSpec/CORE]: Incorrect key DefaultSkins.list was corrected from null to its default, [Steve, <random>]. 
[06Aug2026 13:12:43.888] [Test worker/WARN] [net.minecraftforge.common.ForgeConfigSpec/CORE]: Incorrect key Security was corrected from null to its default, SimpleCommentedConfig:{}. 
[06Aug2026 13:12:43.888] [Test worker/WARN] [net.minecraftforge.common.ForgeConfigSpec/CORE]: Incorrect key Security.urlAllowlistEnabled was corrected from null to its default, false. 
[06Aug2026 13:12:43.888] [Test worker/WARN] [net.minecraftforge.common.ForgeConfigSpec/CORE]: Incorrect key Security.urlAllowlistDomains was corrected from null to its default, [imgur.com, storage.googleapis.com, cdn.discordapp.com, textures.minecraft.net, namemc.com, crafatar.com, mc-heads.net, githubusercontent.com, minecraftskins.com]. 
[06Aug2026 13:12:43.888] [Test worker/WARN] [net.minecraftforge.common.ForgeConfigSpec/CORE]: Incorrect key Permissions was corrected from null to its default, SimpleCommentedConfig:{}. 
[06Aug2026 13:12:43.888] [Test worker/WARN] [net.minecraftforge.common.ForgeConfigSpec/CORE]: Incorrect key Permissions.op_level was corrected from null to its default, SimpleCommentedConfig:{}. 
[06Aug2026 13:12:43.888] [Test worker/WARN] [net.minecraftforge.common.ForgeConfigSpec/CORE]: Incorrect key Permissions.op_level.mojang was corrected from null to its default, 0. 
[06Aug2026 13:12:43.888] [Test worker/WARN] [net.minecraftforge.common.ForgeConfigSpec/CORE]: Incorrect key Permissions.op_level.url was corrected from null to its default, 2. 
[06Aug2026 13:12:43.888] [Test worker/WARN] [net.minecraftforge.common.ForgeConfigSpec/CORE]: Incorrect key Permissions.op_level.clear was corrected from null to its default, 0. 
[06Aug2026 13:12:43.888] [Test worker/WARN] [net.minecraftforge.common.ForgeConfigSpec/CORE]: Incorrect key Permissions.op_level.random was corrected from null to its default, 0. 
[06Aug2026 13:12:43.889] [Test worker/WARN] [net.minecraftforge.common.ForgeConfigSpec/CORE]: Incorrect key Permissions.op_level.other was corrected from null to its default, 2. 
[06Aug2026 13:12:43.889] [Test worker/WARN] [net.minecraftforge.common.ForgeConfigSpec/CORE]: Incorrect key Permissions.op_level.metrics was corrected from null to its default, 2. 
[06Aug2026 13:12:43.889] [Test worker/WARN] [net.minecraftforge.common.ForgeConfigSpec/CORE]: Incorrect key Permissions.op_level.metrics_reset was corrected from null to its default, 2. 
[06Aug2026 13:12:43.892] [Test worker/INFO] [levosilimo.everlastingskins.EverlastingSkins/]: SKIN_REFRESH: profile=Target, property=[Property[name=textures, value=cGF5bG9hZA==, signature=c2lnbmF0dXJl]]
[06Aug2026 13:12:43.910] [Test worker/WARN] [net.minecraftforge.common.ForgeConfigSpec/CORE]: Configuration file SimpleCommentedConfig:{} is not correct. Correcting
[06Aug2026 13:12:43.910] [Test worker/WARN] [net.minecraftforge.common.ForgeConfigSpec/CORE]: Incorrect key Messages was corrected from null to its default, SimpleCommentedConfig:{}. 
[06Aug2026 13:12:43.910] [Test worker/WARN] [net.minecraftforge.common.ForgeConfigSpec/CORE]: Incorrect key Messages.localization was corrected from null to its default, en. 
[06Aug2026 13:12:43.910] [Test worker/WARN] [net.minecraftforge.common.ForgeConfigSpec/CORE]: Incorrect key Messages.display was corrected from null to its default, true. 
[06Aug2026 13:12:43.910] [Test worker/WARN] [net.minecraftforge.common.ForgeConfigSpec/CORE]: Incorrect key Messages.key was corrected from null to its default, . 
[06Aug2026 13:12:43.910] [Test worker/WARN] [net.minecraftforge.common.ForgeConfigSpec/CORE]: Incorrect key Messages.messages_change was corrected from null to its default, Skin change queued. 
[06Aug2026 13:12:43.911] [Test worker/WARN] [net.minecraftforge.common.ForgeConfigSpec/CORE]: Incorrect key Messages.messages_fulfilled was corrected from null to its default, Skin has been applied.. 
[06Aug2026 13:12:43.911] [Test worker/WARN] [net.minecraftforge.common.ForgeConfigSpec/CORE]: Incorrect key Messages.messages_timeout was corrected from null to its default, Skin fetch timed out.. 
[06Aug2026 13:12:43.911] [Test worker/WARN] [net.minecraftforge.common.ForgeConfigSpec/CORE]: Incorrect key Messages.messages_error was corrected from null to its default, Skin fetch failed.. 
[06Aug2026 13:12:43.911] [Test worker/WARN] [net.minecraftforge.common.ForgeConfigSpec/CORE]: Incorrect key Messages.messages_restored_from was corrected from null to its default, Skin restored from %s. 
[06Aug2026 13:12:43.911] [Test worker/WARN] [net.minecraftforge.common.ForgeConfigSpec/CORE]: Incorrect key Messages.messages_cleared_no_profile was corrected from null to its default, Skin cleared (no Mojang profile found). 
[06Aug2026 13:12:43.911] [Test worker/WARN] [net.minecraftforge.common.ForgeConfigSpec/CORE]: Incorrect key Messages.messages_no_source was corrected from null to its default, No source available. 
[06Aug2026 13:12:43.911] [Test worker/WARN] [net.minecraftforge.common.ForgeConfigSpec/CORE]: Incorrect key Messages.messages_player_only was corrected from null to its default, Player only command. 
[06Aug2026 13:12:43.911] [Test worker/WARN] [net.minecraftforge.common.ForgeConfigSpec/CORE]: Incorrect key Messages.messages_permission_denied was corrected from null to its default, Permission denied. 
[06Aug2026 13:12:43.911] [Test worker/WARN] [net.minecraftforge.common.ForgeConfigSpec/CORE]: Incorrect key Messages.messages_cooldown was corrected from null to its default, Please wait %ds before using /skin again. 
[06Aug2026 13:12:43.911] [Test worker/WARN] [net.minecraftforge.common.ForgeConfigSpec/CORE]: Incorrect key Messages.messages_rate_limited was corrected from null to its default, Too many /skin commands. Try again later.. 
[06Aug2026 13:12:43.911] [Test worker/WARN] [net.minecraftforge.common.ForgeConfigSpec/CORE]: Incorrect key Messages.messages_no_skin_found was corrected from null to its default, No skin found for "%s". 
[06Aug2026 13:12:43.911] [Test worker/WARN] [net.minecraftforge.common.ForgeConfigSpec/CORE]: Incorrect key Messages.messages_no_skin_found_plain was corrected from null to its default, No skin found. 
[06Aug2026 13:12:43.911] [Test worker/WARN] [net.minecraftforge.common.ForgeConfigSpec/CORE]: Incorrect key Messages.messages_mineskin_rejected was corrected from null to its default, MineSkin rejected the URL. 
[06Aug2026 13:12:43.911] [Test worker/WARN] [net.minecraftforge.common.ForgeConfigSpec/CORE]: Incorrect key Messages.messages_no_random_username was corrected from null to its default, No random username available. 
[06Aug2026 13:12:43.911] [Test worker/WARN] [net.minecraftforge.common.ForgeConfigSpec/CORE]: Incorrect key Messages.messages_provider_no_result was corrected from null to its default, Provider returned no result. 
[06Aug2026 13:12:43.911] [Test worker/WARN] [net.minecraftforge.common.ForgeConfigSpec/CORE]: Incorrect key Messages.messages_metrics_top_players was corrected from null to its default, Top players by refresh count:. 
[06Aug2026 13:12:43.911] [Test worker/WARN] [net.minecraftforge.common.ForgeConfigSpec/CORE]: Incorrect key Messages.messages_metrics_refreshes was corrected from null to its default,  refreshes. 
[06Aug2026 13:12:43.911] [Test worker/WARN] [net.minecraftforge.common.ForgeConfigSpec/CORE]: Incorrect key Messages.messages_metrics_no_refreshes was corrected from null to its default, (no refreshes recorded). 
[06Aug2026 13:12:43.912] [Test worker/WARN] [net.minecraftforge.common.ForgeConfigSpec/CORE]: Incorrect key Messages.messages_metrics_cleanup was corrected from null to its default, Metrics cleanup: pruned %d stale player entries. 
[06Aug2026 13:12:43.912] [Test worker/WARN] [net.minecraftforge.common.ForgeConfigSpec/CORE]: Incorrect key Messages.messages_metrics_reset was corrected from null to its default, Metrics reset. 
[06Aug2026 13:12:43.912] [Test worker/WARN] [net.minecraftforge.common.ForgeConfigSpec/CORE]: Incorrect key Messages.messages_discord_announce was corrected from null to its default, **%s** changed their skin to: `%s`. 
[06Aug2026 13:12:43.912] [Test worker/WARN] [net.minecraftforge.common.ForgeConfigSpec/CORE]: Incorrect key Integration was corrected from null to its default, SimpleCommentedConfig:{}. 
[06Aug2026 13:12:43.912] [Test worker/WARN] [net.minecraftforge.common.ForgeConfigSpec/CORE]: Incorrect key Integration.discordsrv_enabled was corrected from null to its default, false. 
[06Aug2026 13:12:43.912] [Test worker/WARN] [net.minecraftforge.common.ForgeConfigSpec/CORE]: Incorrect key Integration.discordsrv_channel_id was corrected from null to its default, . 
[06Aug2026 13:12:43.912] [Test worker/WARN] [net.minecraftforge.common.ForgeConfigSpec/CORE]: Incorrect key RateLimit was corrected from null to its default, SimpleCommentedConfig:{}. 
[06Aug2026 13:12:43.912] [Test worker/WARN] [net.minecraftforge.common.ForgeConfigSpec/CORE]: Incorrect key RateLimit.cooldown_seconds was corrected from null to its default, 3. 
[06Aug2026 13:12:43.913] [Test worker/WARN] [net.minecraftforge.common.ForgeConfigSpec/CORE]: Incorrect key RateLimit.rate_limit_enabled was corrected from null to its default, true. 
[06Aug2026 13:12:43.913] [Test worker/WARN] [net.minecraftforge.common.ForgeConfigSpec/CORE]: Incorrect key RateLimit.max_commands_per_minute was corrected from null to its default, 5. 
[06Aug2026 13:12:43.913] [Test worker/WARN] [net.minecraftforge.common.ForgeConfigSpec/CORE]: Incorrect key Broadcast was corrected from null to its default, SimpleCommentedConfig:{}. 
[06Aug2026 13:12:43.913] [Test worker/WARN] [net.minecraftforge.common.ForgeConfigSpec/CORE]: Incorrect key Broadcast.dimension_scoped_broadcast was corrected from null to its default, false. 
[06Aug2026 13:12:43.913] [Test worker/WARN] [net.minecraftforge.common.ForgeConfigSpec/CORE]: Incorrect key Broadcast.broadcast_use_bundle was corrected from null to its default, false. 
[06Aug2026 13:12:43.913] [Test worker/WARN] [net.minecraftforge.common.ForgeConfigSpec/CORE]: Incorrect key Broadcast.debounce_millis was corrected from null to its default, 100. 
[06Aug2026 13:12:43.913] [Test worker/WARN] [net.minecraftforge.common.ForgeConfigSpec/CORE]: Incorrect key Broadcast.refresh_via_entity_tracker was corrected from null to its default, true. 
[06Aug2026 13:12:43.913] [Test worker/WARN] [net.minecraftforge.common.ForgeConfigSpec/CORE]: Incorrect key Metrics was corrected from null to its default, SimpleCommentedConfig:{}. 
[06Aug2026 13:12:43.913] [Test worker/WARN] [net.minecraftforge.common.ForgeConfigSpec/CORE]: Incorrect key Metrics.metrics_enabled was corrected from null to its default, true. 
[06Aug2026 13:12:43.913] [Test worker/WARN] [net.minecraftforge.common.ForgeConfigSpec/CORE]: Incorrect key Metrics.metrics_dump_interval_seconds was corrected from null to its default, 60. 
[06Aug2026 13:12:43.913] [Test worker/WARN] [net.minecraftforge.common.ForgeConfigSpec/CORE]: Incorrect key Http was corrected from null to its default, SimpleCommentedConfig:{}. 
[06Aug2026 13:12:43.913] [Test worker/WARN] [net.minecraftforge.common.ForgeConfigSpec/CORE]: Incorrect key Http.http_client_version was corrected from null to its default, HTTP_2. 
[06Aug2026 13:12:43.913] [Test worker/WARN] [net.minecraftforge.common.ForgeConfigSpec/CORE]: Incorrect key Http.http_connect_timeout_seconds was corrected from null to its default, 5. 
[06Aug2026 13:12:43.913] [Test worker/WARN] [net.minecraftforge.common.ForgeConfigSpec/CORE]: Incorrect key MojangCache was corrected from null to its default, SimpleCommentedConfig:{}. 
[06Aug2026 13:12:43.913] [Test worker/WARN] [net.minecraftforge.common.ForgeConfigSpec/CORE]: Incorrect key MojangCache.mojang_profile_cache_enabled was corrected from null to its default, true. 
[06Aug2026 13:12:43.913] [Test worker/WARN] [net.minecraftforge.common.ForgeConfigSpec/CORE]: Incorrect key MojangCache.mojang_profile_cache_ttl_ms was corrected from null to its default, 3600000. 
[06Aug2026 13:12:43.913] [Test worker/WARN] [net.minecraftforge.common.ForgeConfigSpec/CORE]: Incorrect key MojangCache.mojang_profile_cache_max_size was corrected from null to its default, 1000. 
[06Aug2026 13:12:43.914] [Test worker/WARN] [net.minecraftforge.common.ForgeConfigSpec/CORE]: Incorrect key DefaultSkins was corrected from null to its default, SimpleCommentedConfig:{}. 
[06Aug2026 13:12:43.914] [Test worker/WARN] [net.minecraftforge.common.ForgeConfigSpec/CORE]: Incorrect key DefaultSkins.enabled was corrected from null to its default, false. 
[06Aug2026 13:12:43.914] [Test worker/WARN] [net.minecraftforge.common.ForgeConfigSpec/CORE]: Incorrect key DefaultSkins.applyForPremium was corrected from null to its default, false. 
[06Aug2026 13:12:43.914] [Test worker/WARN] [net.minecraftforge.common.ForgeConfigSpec/CORE]: Incorrect key DefaultSkins.list was corrected from null to its default, [Steve, <random>]. 
[06Aug2026 13:12:43.914] [Test worker/WARN] [net.minecraftforge.common.ForgeConfigSpec/CORE]: Incorrect key Security was corrected from null to its default, SimpleCommentedConfig:{}. 
[06Aug2026 13:12:43.914] [Test worker/WARN] [net.minecraftforge.common.ForgeConfigSpec/CORE]: Incorrect key Security.urlAllowlistEnabled was corrected from null to its default, false. 
[06Aug2026 13:12:43.914] [Test worker/WARN] [net.minecraftforge.common.ForgeConfigSpec/CORE]: Incorrect key Security.urlAllowlistDomains was corrected from null to its default, [imgur.com, storage.googleapis.com, cdn.discordapp.com, textures.minecraft.net, namemc.com, crafatar.com, mc-heads.net, githubusercontent.com, minecraftskins.com]. 
[06Aug2026 13:12:43.914] [Test worker/WARN] [net.minecraftforge.common.ForgeConfigSpec/CORE]: Incorrect key Permissions was corrected from null to its default, SimpleCommentedConfig:{}. 
[06Aug2026 13:12:43.914] [Test worker/WARN] [net.minecraftforge.common.ForgeConfigSpec/CORE]: Incorrect key Permissions.op_level was corrected from null to its default, SimpleCommentedConfig:{}. 
[06Aug2026 13:12:43.914] [Test worker/WARN] [net.minecraftforge.common.ForgeConfigSpec/CORE]: Incorrect key Permissions.op_level.mojang was corrected from null to its default, 0. 
[06Aug2026 13:12:43.914] [Test worker/WARN] [net.minecraftforge.common.ForgeConfigSpec/CORE]: Incorrect key Permissions.op_level.url was corrected from null to its default, 2. 
[06Aug2026 13:12:43.914] [Test worker/WARN] [net.minecraftforge.common.ForgeConfigSpec/CORE]: Incorrect key Permissions.op_level.clear was corrected from null to its default, 0. 
[06Aug2026 13:12:43.914] [Test worker/WARN] [net.minecraftforge.common.ForgeConfigSpec/CORE]: Incorrect key Permissions.op_level.random was corrected from null to its default, 0. 
[06Aug2026 13:12:43.914] [Test worker/WARN] [net.minecraftforge.common.ForgeConfigSpec/CORE]: Incorrect key Permissions.op_level.other was corrected from null to its default, 2. 
[06Aug2026 13:12:43.914] [Test worker/WARN] [net.minecraftforge.common.ForgeConfigSpec/CORE]: Incorrect key Permissions.op_level.metrics was corrected from null to its default, 2. 
[06Aug2026 13:12:43.914] [Test worker/WARN] [net.minecraftforge.common.ForgeConfigSpec/CORE]: Incorrect key Permissions.op_level.metrics_reset was corrected from null to its default, 2. 
[06Aug2026 13:12:43.919] [Test worker/INFO] [levosilimo.everlastingskins.EverlastingSkins/]: SKIN_REFRESH: profile=Alice, property=[Property[name=textures, value=newValue, signature=newSignature]]
[06Aug2026 13:12:43.925] [Test worker/WARN] [net.minecraftforge.common.ForgeConfigSpec/CORE]: Configuration file SimpleCommentedConfig:{} is not correct. Correcting
[06Aug2026 13:12:43.925] [Test worker/WARN] [net.minecraftforge.common.ForgeConfigSpec/CORE]: Incorrect key Messages was corrected from null to its default, SimpleCommentedConfig:{}. 
[06Aug2026 13:12:43.925] [Test worker/WARN] [net.minecraftforge.common.ForgeConfigSpec/CORE]: Incorrect key Messages.localization was corrected from null to its default, en. 
[06Aug2026 13:12:43.926] [Test worker/WARN] [net.minecraftforge.common.ForgeConfigSpec/CORE]: Incorrect key Messages.display was corrected from null to its default, true. 
[06Aug2026 13:12:43.926] [Test worker/WARN] [net.minecraftforge.common.ForgeConfigSpec/CORE]: Incorrect key Messages.key was corrected from null to its default, . 
[06Aug2026 13:12:43.926] [Test worker/WARN] [net.minecraftforge.common.ForgeConfigSpec/CORE]: Incorrect key Messages.messages_change was corrected from null to its default, Skin change queued. 
[06Aug2026 13:12:43.926] [Test worker/WARN] [net.minecraftforge.common.ForgeConfigSpec/CORE]: Incorrect key Messages.messages_fulfilled was corrected from null to its default, Skin has been applied.. 
[06Aug2026 13:12:43.926] [Test worker/WARN] [net.minecraftforge.common.ForgeConfigSpec/CORE]: Incorrect key Messages.messages_timeout was corrected from null to its default, Skin fetch timed out.. 
[06Aug2026 13:12:43.927] [Test worker/WARN] [net.minecraftforge.common.ForgeConfigSpec/CORE]: Incorrect key Messages.messages_error was corrected from null to its default, Skin fetch failed.. 
[06Aug2026 13:12:43.927] [Test worker/WARN] [net.minecraftforge.common.ForgeConfigSpec/CORE]: Incorrect key Messages.messages_restored_from was corrected from null to its default, Skin restored from %s. 
[06Aug2026 13:12:43.927] [Test worker/WARN] [net.minecraftforge.common.ForgeConfigSpec/CORE]: Incorrect key Messages.messages_cleared_no_profile was corrected from null to its default, Skin cleared (no Mojang profile found). 
[06Aug2026 13:12:43.927] [Test worker/WARN] [net.minecraftforge.common.ForgeConfigSpec/CORE]: Incorrect key Messages.messages_no_source was corrected from null to its default, No source available. 
[06Aug2026 13:12:43.927] [Test worker/WARN] [net.minecraftforge.common.ForgeConfigSpec/CORE]: Incorrect key Messages.messages_player_only was corrected from null to its default, Player only command. 
[06Aug2026 13:12:43.927] [Test worker/WARN] [net.minecraftforge.common.ForgeConfigSpec/CORE]: Incorrect key Messages.messages_permission_denied was corrected from null to its default, Permission denied. 
[06Aug2026 13:12:43.927] [Test worker/WARN] [net.minecraftforge.common.ForgeConfigSpec/CORE]: Incorrect key Messages.messages_cooldown was corrected from null to its default, Please wait %ds before using /skin again. 
[06Aug2026 13:12:43.927] [Test worker/WARN] [net.minecraftforge.common.ForgeConfigSpec/CORE]: Incorrect key Messages.messages_rate_limited was corrected from null to its default, Too many /skin commands. Try again later.. 
[06Aug2026 13:12:43.927] [Test worker/WARN] [net.minecraftforge.common.ForgeConfigSpec/CORE]: Incorrect key Messages.messages_no_skin_found was corrected from null to its default, No skin found for "%s". 
[06Aug2026 13:12:43.927] [Test worker/WARN] [net.minecraftforge.common.ForgeConfigSpec/CORE]: Incorrect key Messages.messages_no_skin_found_plain was corrected from null to its default, No skin found. 
[06Aug2026 13:12:43.927] [Test worker/WARN] [net.minecraftforge.common.ForgeConfigSpec/CORE]: Incorrect key Messages.messages_mineskin_rejected was corrected from null to its default, MineSkin rejected the URL. 
[06Aug2026 13:12:43.927] [Test worker/WARN] [net.minecraftforge.common.ForgeConfigSpec/CORE]: Incorrect key Messages.messages_no_random_username was corrected from null to its default, No random username available. 
[06Aug2026 13:12:43.927] [Test worker/WARN] [net.minecraftforge.common.ForgeConfigSpec/CORE]: Incorrect key Messages.messages_provider_no_result was corrected from null to its default, Provider returned no result. 
[06Aug2026 13:12:43.927] [Test worker/WARN] [net.minecraftforge.common.ForgeConfigSpec/CORE]: Incorrect key Messages.messages_metrics_top_players was corrected from null to its default, Top players by refresh count:. 
[06Aug2026 13:12:43.927] [Test worker/WARN] [net.minecraftforge.common.ForgeConfigSpec/CORE]: Incorrect key Messages.messages_metrics_refreshes was corrected from null to its default,  refreshes. 
[06Aug2026 13:12:43.927] [Test worker/WARN] [net.minecraftforge.common.ForgeConfigSpec/CORE]: Incorrect key Messages.messages_metrics_no_refreshes was corrected from null to its default, (no refreshes recorded). 
[06Aug2026 13:12:43.927] [Test worker/WARN] [net.minecraftforge.common.ForgeConfigSpec/CORE]: Incorrect key Messages.messages_metrics_cleanup was corrected from null to its default, Metrics cleanup: pruned %d stale player entries. 
[06Aug2026 13:12:43.927] [Test worker/WARN] [net.minecraftforge.common.ForgeConfigSpec/CORE]: Incorrect key Messages.messages_metrics_reset was corrected from null to its default, Metrics reset. 
[06Aug2026 13:12:43.927] [Test worker/WARN] [net.minecraftforge.common.ForgeConfigSpec/CORE]: Incorrect key Messages.messages_discord_announce was corrected from null to its default, **%s** changed their skin to: `%s`. 
[06Aug2026 13:12:43.927] [Test worker/WARN] [net.minecraftforge.common.ForgeConfigSpec/CORE]: Incorrect key Integration was corrected from null to its default, SimpleCommentedConfig:{}. 
[06Aug2026 13:12:43.928] [Test worker/WARN] [net.minecraftforge.common.ForgeConfigSpec/CORE]: Incorrect key Integration.discordsrv_enabled was corrected from null to its default, false. 
[06Aug2026 13:12:43.928] [Test worker/WARN] [net.minecraftforge.common.ForgeConfigSpec/CORE]: Incorrect key Integration.discordsrv_channel_id was corrected from null to its default, . 
[06Aug2026 13:12:43.928] [Test worker/WARN] [net.minecraftforge.common.ForgeConfigSpec/CORE]: Incorrect key RateLimit was corrected from null to its default, SimpleCommentedConfig:{}. 
[06Aug2026 13:12:43.929] [Test worker/WARN] [net.minecraftforge.common.ForgeConfigSpec/CORE]: Incorrect key RateLimit.cooldown_seconds was corrected from null to its default, 3. 
[06Aug2026 13:12:43.929] [Test worker/WARN] [net.minecraftforge.common.ForgeConfigSpec/CORE]: Incorrect key RateLimit.rate_limit_enabled was corrected from null to its default, true. 
[06Aug2026 13:12:43.929] [Test worker/WARN] [net.minecraftforge.common.ForgeConfigSpec/CORE]: Incorrect key RateLimit.max_commands_per_minute was corrected from null to its default, 5. 
[06Aug2026 13:12:43.929] [Test worker/WARN] [net.minecraftforge.common.ForgeConfigSpec/CORE]: Incorrect key Broadcast was corrected from null to its default, SimpleCommentedConfig:{}. 
[06Aug2026 13:12:43.929] [Test worker/WARN] [net.minecraftforge.common.ForgeConfigSpec/CORE]: Incorrect key Broadcast.dimension_scoped_broadcast was corrected from null to its default, false. 
[06Aug2026 13:12:43.929] [Test worker/WARN] [net.minecraftforge.common.ForgeConfigSpec/CORE]: Incorrect key Broadcast.broadcast_use_bundle was corrected from null to its default, false. 
[06Aug2026 13:12:43.929] [Test worker/WARN] [net.minecraftforge.common.ForgeConfigSpec/CORE]: Incorrect key Broadcast.debounce_millis was corrected from null to its default, 100. 
[06Aug2026 13:12:43.929] [Test worker/WARN] [net.minecraftforge.common.ForgeConfigSpec/CORE]: Incorrect key Broadcast.refresh_via_entity_tracker was corrected from null to its default, true. 
[06Aug2026 13:12:43.929] [Test worker/WARN] [net.minecraftforge.common.ForgeConfigSpec/CORE]: Incorrect key Metrics was corrected from null to its default, SimpleCommentedConfig:{}. 
[06Aug2026 13:12:43.929] [Test worker/WARN] [net.minecraftforge.common.ForgeConfigSpec/CORE]: Incorrect key Metrics.metrics_enabled was corrected from null to its default, true. 
[06Aug2026 13:12:43.930] [Test worker/WARN] [net.minecraftforge.common.ForgeConfigSpec/CORE]: Incorrect key Metrics.metrics_dump_interval_seconds was corrected from null to its default, 60. 
[06Aug2026 13:12:43.930] [Test worker/WARN] [net.minecraftforge.common.ForgeConfigSpec/CORE]: Incorrect key Http was corrected from null to its default, SimpleCommentedConfig:{}. 
[06Aug2026 13:12:43.930] [Test worker/WARN] [net.minecraftforge.common.ForgeConfigSpec/CORE]: Incorrect key Http.http_client_version was corrected from null to its default, HTTP_2. 
[06Aug2026 13:12:43.930] [Test worker/WARN] [net.minecraftforge.common.ForgeConfigSpec/CORE]: Incorrect key Http.http_connect_timeout_seconds was corrected from null to its default, 5. 
[06Aug2026 13:12:43.930] [Test worker/WARN] [net.minecraftforge.common.ForgeConfigSpec/CORE]: Incorrect key MojangCache was corrected from null to its default, SimpleCommentedConfig:{}. 
[06Aug2026 13:12:43.930] [Test worker/WARN] [net.minecraftforge.common.ForgeConfigSpec/CORE]: Incorrect key MojangCache.mojang_profile_cache_enabled was corrected from null to its default, true. 
[06Aug2026 13:12:43.930] [Test worker/WARN] [net.minecraftforge.common.ForgeConfigSpec/CORE]: Incorrect key MojangCache.mojang_profile_cache_ttl_ms was corrected from null to its default, 3600000. 
[06Aug2026 13:12:43.930] [Test worker/WARN] [net.minecraftforge.common.ForgeConfigSpec/CORE]: Incorrect key MojangCache.mojang_profile_cache_max_size was corrected from null to its default, 1000. 
[06Aug2026 13:12:43.930] [Test worker/WARN] [net.minecraftforge.common.ForgeConfigSpec/CORE]: Incorrect key DefaultSkins was corrected from null to its default, SimpleCommentedConfig:{}. 
[06Aug2026 13:12:43.930] [Test worker/WARN] [net.minecraftforge.common.ForgeConfigSpec/CORE]: Incorrect key DefaultSkins.enabled was corrected from null to its default, false. 
[06Aug2026 13:12:43.930] [Test worker/WARN] [net.minecraftforge.common.ForgeConfigSpec/CORE]: Incorrect key DefaultSkins.applyForPremium was corrected from null to its default, false. 
[06Aug2026 13:12:43.930] [Test worker/WARN] [net.minecraftforge.common.ForgeConfigSpec/CORE]: Incorrect key DefaultSkins.list was corrected from null to its default, [Steve, <random>]. 
[06Aug2026 13:12:43.930] [Test worker/WARN] [net.minecraftforge.common.ForgeConfigSpec/CORE]: Incorrect key Security was corrected from null to its default, SimpleCommentedConfig:{}. 
[06Aug2026 13:12:43.930] [Test worker/WARN] [net.minecraftforge.common.ForgeConfigSpec/CORE]: Incorrect key Security.urlAllowlistEnabled was corrected from null to its default, false. 
[06Aug2026 13:12:43.931] [Test worker/WARN] [net.minecraftforge.common.ForgeConfigSpec/CORE]: Incorrect key Security.urlAllowlistDomains was corrected from null to its default, [imgur.com, storage.googleapis.com, cdn.discordapp.com, textures.minecraft.net, namemc.com, crafatar.com, mc-heads.net, githubusercontent.com, minecraftskins.com]. 
[06Aug2026 13:12:43.931] [Test worker/WARN] [net.minecraftforge.common.ForgeConfigSpec/CORE]: Incorrect key Permissions was corrected from null to its default, SimpleCommentedConfig:{}. 
[06Aug2026 13:12:43.931] [Test worker/WARN] [net.minecraftforge.common.ForgeConfigSpec/CORE]: Incorrect key Permissions.op_level was corrected from null to its default, SimpleCommentedConfig:{}. 
[06Aug2026 13:12:43.931] [Test worker/WARN] [net.minecraftforge.common.ForgeConfigSpec/CORE]: Incorrect key Permissions.op_level.mojang was corrected from null to its default, 0. 
[06Aug2026 13:12:43.931] [Test worker/WARN] [net.minecraftforge.common.ForgeConfigSpec/CORE]: Incorrect key Permissions.op_level.url was corrected from null to its default, 2. 
[06Aug2026 13:12:43.931] [Test worker/WARN] [net.minecraftforge.common.ForgeConfigSpec/CORE]: Incorrect key Permissions.op_level.clear was corrected from null to its default, 0. 
[06Aug2026 13:12:43.931] [Test worker/WARN] [net.minecraftforge.common.ForgeConfigSpec/CORE]: Incorrect key Permissions.op_level.random was corrected from null to its default, 0. 
[06Aug2026 13:12:43.931] [Test worker/WARN] [net.minecraftforge.common.ForgeConfigSpec/CORE]: Incorrect key Permissions.op_level.other was corrected from null to its default, 2. 
[06Aug2026 13:12:43.931] [Test worker/WARN] [net.minecraftforge.common.ForgeConfigSpec/CORE]: Incorrect key Permissions.op_level.metrics was corrected from null to its default, 2. 
[06Aug2026 13:12:43.932] [Test worker/WARN] [net.minecraftforge.common.ForgeConfigSpec/CORE]: Incorrect key Permissions.op_level.metrics_reset was corrected from null to its default, 2. 
[06Aug2026 13:12:43.936] [Test worker/INFO] [levosilimo.everlastingskins.EverlastingSkins/]: SKIN_REFRESH: profile=Target, property=[Property[name=textures, value=cGF5bG9hZA==, signature=c2lnbmF0dXJl]]
[06Aug2026 13:12:43.943] [Test worker/WARN] [net.minecraftforge.common.ForgeConfigSpec/CORE]: Configuration file SimpleCommentedConfig:{} is not correct. Correcting
[06Aug2026 13:12:43.943] [Test worker/WARN] [net.minecraftforge.common.ForgeConfigSpec/CORE]: Incorrect key Messages was corrected from null to its default, SimpleCommentedConfig:{}. 
[06Aug2026 13:12:43.943] [Test worker/WARN] [net.minecraftforge.common.ForgeConfigSpec/CORE]: Incorrect key Messages.localization was corrected from null to its default, en. 
[06Aug2026 13:12:43.943] [Test worker/WARN] [net.minecraftforge.common.ForgeConfigSpec/CORE]: Incorrect key Messages.display was corrected from null to its default, true. 
[06Aug2026 13:12:43.943] [Test worker/WARN] [net.minecraftforge.common.ForgeConfigSpec/CORE]: Incorrect key Messages.key was corrected from null to its default, . 
[06Aug2026 13:12:43.943] [Test worker/WARN] [net.minecraftforge.common.ForgeConfigSpec/CORE]: Incorrect key Messages.messages_change was corrected from null to its default, Skin change queued. 
[06Aug2026 13:12:43.943] [Test worker/WARN] [net.minecraftforge.common.ForgeConfigSpec/CORE]: Incorrect key Messages.messages_fulfilled was corrected from null to its default, Skin has been applied.. 
[06Aug2026 13:12:43.943] [Test worker/WARN] [net.minecraftforge.common.ForgeConfigSpec/CORE]: Incorrect key Messages.messages_timeout was corrected from null to its default, Skin fetch timed out.. 
[06Aug2026 13:12:43.944] [Test worker/WARN] [net.minecraftforge.common.ForgeConfigSpec/CORE]: Incorrect key Messages.messages_error was corrected from null to its default, Skin fetch failed.. 
[06Aug2026 13:12:43.944] [Test worker/WARN] [net.minecraftforge.common.ForgeConfigSpec/CORE]: Incorrect key Messages.messages_restored_from was corrected from null to its default, Skin restored from %s. 
[06Aug2026 13:12:43.944] [Test worker/WARN] [net.minecraftforge.common.ForgeConfigSpec/CORE]: Incorrect key Messages.messages_cleared_no_profile was corrected from null to its default, Skin cleared (no Mojang profile found). 
[06Aug2026 13:12:43.944] [Test worker/WARN] [net.minecraftforge.common.ForgeConfigSpec/CORE]: Incorrect key Messages.messages_no_source was corrected from null to its default, No source available. 
[06Aug2026 13:12:43.944] [Test worker/WARN] [net.minecraftforge.common.ForgeConfigSpec/CORE]: Incorrect key Messages.messages_player_only was corrected from null to its default, Player only command. 
[06Aug2026 13:12:43.944] [Test worker/WARN] [net.minecraftforge.common.ForgeConfigSpec/CORE]: Incorrect key Messages.messages_permission_denied was corrected from null to its default, Permission denied. 
[06Aug2026 13:12:43.944] [Test worker/WARN] [net.minecraftforge.common.ForgeConfigSpec/CORE]: Incorrect key Messages.messages_cooldown was corrected from null to its default, Please wait %ds before using /skin again. 
[06Aug2026 13:12:43.944] [Test worker/WARN] [net.minecraftforge.common.ForgeConfigSpec/CORE]: Incorrect key Messages.messages_rate_limited was corrected from null to its default, Too many /skin commands. Try again later.. 
[06Aug2026 13:12:43.944] [Test worker/WARN] [net.minecraftforge.common.ForgeConfigSpec/CORE]: Incorrect key Messages.messages_no_skin_found was corrected from null to its default, No skin found for "%s". 
[06Aug2026 13:12:43.944] [Test worker/WARN] [net.minecraftforge.common.ForgeConfigSpec/CORE]: Incorrect key Messages.messages_no_skin_found_plain was corrected from null to its default, No skin found. 
[06Aug2026 13:12:43.944] [Test worker/WARN] [net.minecraftforge.common.ForgeConfigSpec/CORE]: Incorrect key Messages.messages_mineskin_rejected was corrected from null to its default, MineSkin rejected the URL. 
[06Aug2026 13:12:43.944] [Test worker/WARN] [net.minecraftforge.common.ForgeConfigSpec/CORE]: Incorrect key Messages.messages_no_random_username was corrected from null to its default, No random username available. 
[06Aug2026 13:12:43.944] [Test worker/WARN] [net.minecraftforge.common.ForgeConfigSpec/CORE]: Incorrect key Messages.messages_provider_no_result was corrected from null to its default, Provider returned no result. 
[06Aug2026 13:12:43.944] [Test worker/WARN] [net.minecraftforge.common.ForgeConfigSpec/CORE]: Incorrect key Messages.messages_metrics_top_players was corrected from null to its default, Top players by refresh count:. 
[06Aug2026 13:12:43.945] [Test worker/WARN] [net.minecraftforge.common.ForgeConfigSpec/CORE]: Incorrect key Messages.messages_metrics_refreshes was corrected from null to its default,  refreshes. 
[06Aug2026 13:12:43.945] [Test worker/WARN] [net.minecraftforge.common.ForgeConfigSpec/CORE]: Incorrect key Messages.messages_metrics_no_refreshes was corrected from null to its default, (no refreshes recorded). 
[06Aug2026 13:12:43.945] [Test worker/WARN] [net.minecraftforge.common.ForgeConfigSpec/CORE]: Incorrect key Messages.messages_metrics_cleanup was corrected from null to its default, Metrics cleanup: pruned %d stale player entries. 
[06Aug2026 13:12:43.945] [Test worker/WARN] [net.minecraftforge.common.ForgeConfigSpec/CORE]: Incorrect key Messages.messages_metrics_reset was corrected from null to its default, Metrics reset. 
[06Aug2026 13:12:43.945] [Test worker/WARN] [net.minecraftforge.common.ForgeConfigSpec/CORE]: Incorrect key Messages.messages_discord_announce was corrected from null to its default, **%s** changed their skin to: `%s`. 
[06Aug2026 13:12:43.945] [Test worker/WARN] [net.minecraftforge.common.ForgeConfigSpec/CORE]: Incorrect key Integration was corrected from null to its default, SimpleCommentedConfig:{}. 
[06Aug2026 13:12:43.945] [Test worker/WARN] [net.minecraftforge.common.ForgeConfigSpec/CORE]: Incorrect key Integration.discordsrv_enabled was corrected from null to its default, false. 
[06Aug2026 13:12:43.945] [Test worker/WARN] [net.minecraftforge.common.ForgeConfigSpec/CORE]: Incorrect key Integration.discordsrv_channel_id was corrected from null to its default, . 
[06Aug2026 13:12:43.945] [Test worker/WARN] [net.minecraftforge.common.ForgeConfigSpec/CORE]: Incorrect key RateLimit was corrected from null to its default, SimpleCommentedConfig:{}. 
[06Aug2026 13:12:43.945] [Test worker/WARN] [net.minecraftforge.common.ForgeConfigSpec/CORE]: Incorrect key RateLimit.cooldown_seconds was corrected from null to its default, 3. 
[06Aug2026 13:12:43.945] [Test worker/WARN] [net.minecraftforge.common.ForgeConfigSpec/CORE]: Incorrect key RateLimit.rate_limit_enabled was corrected from null to its default, true. 
[06Aug2026 13:12:43.945] [Test worker/WARN] [net.minecraftforge.common.ForgeConfigSpec/CORE]: Incorrect key RateLimit.max_commands_per_minute was corrected from null to its default, 5. 
[06Aug2026 13:12:43.945] [Test worker/WARN] [net.minecraftforge.common.ForgeConfigSpec/CORE]: Incorrect key Broadcast was corrected from null to its default, SimpleCommentedConfig:{}. 
[06Aug2026 13:12:43.945] [Test worker/WARN] [net.minecraftforge.common.ForgeConfigSpec/CORE]: Incorrect key Broadcast.dimension_scoped_broadcast was corrected from null to its default, false. 
[06Aug2026 13:12:43.946] [Test worker/WARN] [net.minecraftforge.common.ForgeConfigSpec/CORE]: Incorrect key Broadcast.broadcast_use_bundle was corrected from null to its default, false. 
[06Aug2026 13:12:43.946] [Test worker/WARN] [net.minecraftforge.common.ForgeConfigSpec/CORE]: Incorrect key Broadcast.debounce_millis was corrected from null to its default, 100. 
[06Aug2026 13:12:43.946] [Test worker/WARN] [net.minecraftforge.common.ForgeConfigSpec/CORE]: Incorrect key Broadcast.refresh_via_entity_tracker was corrected from null to its default, true. 
[06Aug2026 13:12:43.946] [Test worker/WARN] [net.minecraftforge.common.ForgeConfigSpec/CORE]: Incorrect key Metrics was corrected from null to its default, SimpleCommentedConfig:{}. 
[06Aug2026 13:12:43.946] [Test worker/WARN] [net.minecraftforge.common.ForgeConfigSpec/CORE]: Incorrect key Metrics.metrics_enabled was corrected from null to its default, true. 
[06Aug2026 13:12:43.946] [Test worker/WARN] [net.minecraftforge.common.ForgeConfigSpec/CORE]: Incorrect key Metrics.metrics_dump_interval_seconds was corrected from null to its default, 60. 
[06Aug2026 13:12:43.946] [Test worker/WARN] [net.minecraftforge.common.ForgeConfigSpec/CORE]: Incorrect key Http was corrected from null to its default, SimpleCommentedConfig:{}. 
[06Aug2026 13:12:43.946] [Test worker/WARN] [net.minecraftforge.common.ForgeConfigSpec/CORE]: Incorrect key Http.http_client_version was corrected from null to its default, HTTP_2. 
[06Aug2026 13:12:43.946] [Test worker/WARN] [net.minecraftforge.common.ForgeConfigSpec/CORE]: Incorrect key Http.http_connect_timeout_seconds was corrected from null to its default, 5. 
[06Aug2026 13:12:43.946] [Test worker/WARN] [net.minecraftforge.common.ForgeConfigSpec/CORE]: Incorrect key MojangCache was corrected from null to its default, SimpleCommentedConfig:{}. 
[06Aug2026 13:12:43.946] [Test worker/WARN] [net.minecraftforge.common.ForgeConfigSpec/CORE]: Incorrect key MojangCache.mojang_profile_cache_enabled was corrected from null to its default, true. 
[06Aug2026 13:12:43.946] [Test worker/WARN] [net.minecraftforge.common.ForgeConfigSpec/CORE]: Incorrect key MojangCache.mojang_profile_cache_ttl_ms was corrected from null to its default, 3600000. 
[06Aug2026 13:12:43.946] [Test worker/WARN] [net.minecraftforge.common.ForgeConfigSpec/CORE]: Incorrect key MojangCache.mojang_profile_cache_max_size was corrected from null to its default, 1000. 
[06Aug2026 13:12:43.946] [Test worker/WARN] [net.minecraftforge.common.ForgeConfigSpec/CORE]: Incorrect key DefaultSkins was corrected from null to its default, SimpleCommentedConfig:{}. 
[06Aug2026 13:12:43.946] [Test worker/WARN] [net.minecraftforge.common.ForgeConfigSpec/CORE]: Incorrect key DefaultSkins.enabled was corrected from null to its default, false. 
[06Aug2026 13:12:43.946] [Test worker/WARN] [net.minecraftforge.common.ForgeConfigSpec/CORE]: Incorrect key DefaultSkins.applyForPremium was corrected from null to its default, false. 
[06Aug2026 13:12:43.946] [Test worker/WARN] [net.minecraftforge.common.ForgeConfigSpec/CORE]: Incorrect key DefaultSkins.list was corrected from null to its default, [Steve, <random>]. 
[06Aug2026 13:12:43.946] [Test worker/WARN] [net.minecraftforge.common.ForgeConfigSpec/CORE]: Incorrect key Security was corrected from null to its default, SimpleCommentedConfig:{}. 
[06Aug2026 13:12:43.947] [Test worker/WARN] [net.minecraftforge.common.ForgeConfigSpec/CORE]: Incorrect key Security.urlAllowlistEnabled was corrected from null to its default, false. 
[06Aug2026 13:12:43.947] [Test worker/WARN] [net.minecraftforge.common.ForgeConfigSpec/CORE]: Incorrect key Security.urlAllowlistDomains was corrected from null to its default, [imgur.com, storage.googleapis.com, cdn.discordapp.com, textures.minecraft.net, namemc.com, crafatar.com, mc-heads.net, githubusercontent.com, minecraftskins.com]. 
[06Aug2026 13:12:43.947] [Test worker/WARN] [net.minecraftforge.common.ForgeConfigSpec/CORE]: Incorrect key Permissions was corrected from null to its default, SimpleCommentedConfig:{}. 
[06Aug2026 13:12:43.947] [Test worker/WARN] [net.minecraftforge.common.ForgeConfigSpec/CORE]: Incorrect key Permissions.op_level was corrected from null to its default, SimpleCommentedConfig:{}. 
[06Aug2026 13:12:43.947] [Test worker/WARN] [net.minecraftforge.common.ForgeConfigSpec/CORE]: Incorrect key Permissions.op_level.mojang was corrected from null to its default, 0. 
[06Aug2026 13:12:43.947] [Test worker/WARN] [net.minecraftforge.common.ForgeConfigSpec/CORE]: Incorrect key Permissions.op_level.url was corrected from null to its default, 2. 
[06Aug2026 13:12:43.947] [Test worker/WARN] [net.minecraftforge.common.ForgeConfigSpec/CORE]: Incorrect key Permissions.op_level.clear was corrected from null to its default, 0. 
[06Aug2026 13:12:43.947] [Test worker/WARN] [net.minecraftforge.common.ForgeConfigSpec/CORE]: Incorrect key Permissions.op_level.random was corrected from null to its default, 0. 
[06Aug2026 13:12:43.947] [Test worker/WARN] [net.minecraftforge.common.ForgeConfigSpec/CORE]: Incorrect key Permissions.op_level.other was corrected from null to its default, 2. 
[06Aug2026 13:12:43.947] [Test worker/WARN] [net.minecraftforge.common.ForgeConfigSpec/CORE]: Incorrect key Permissions.op_level.metrics was corrected from null to its default, 2. 
[06Aug2026 13:12:43.947] [Test worker/WARN] [net.minecraftforge.common.ForgeConfigSpec/CORE]: Incorrect key Permissions.op_level.metrics_reset was corrected from null to its default, 2. 
[06Aug2026 13:12:44.031] [Test worker/WARN] [levosilimo.everlastingskins.EverlastingSkins/]: Skin refresh failed for 56a8adb5-0d74-4fa7-81b7-5933d2284190
java.lang.RuntimeException: simulated profile mutation failure
	at com.google.common.collect.ForwardingMultimap.removeAll(ForwardingMultimap.java:128) ~[guava-32.1.2-jre.jar:?]
	at levosilimo.everlastingskins.forge21.skinchanger.SkinRefreshHandler.mutateProfile(SkinRefreshHandler.java:135) ~[main/:?]
	at levosilimo.everlastingskins.forge21.skinchanger.SkinRefreshHandler.applyAtomicPersistence(SkinRefreshHandler.java:125) ~[main/:?]
	at levosilimo.everlastingskins.forge21.skinchanger.SkinRefreshHandlerTest.applyAtomicPersistence_mutateProfileThrowing_failsSoft(SkinRefreshHandlerTest.java:414) ~[test/:?]
	at java.base/jdk.internal.reflect.DirectMethodHandleAccessor.invoke(DirectMethodHandleAccessor.java:103) ~[?:?]
	at java.base/java.lang.reflect.Method.invoke(Method.java:580) ~[?:?]
	at org.junit.platform.commons.util.ReflectionUtils.invokeMethod(ReflectionUtils.java:728) ~[junit-platform-commons-1.10.3.jar:1.10.3]
	at org.junit.jupiter.engine.execution.MethodInvocation.proceed(MethodInvocation.java:60) ~[junit-jupiter-engine-5.10.3.jar:5.10.3]
	at org.junit.jupiter.engine.execution.InvocationInterceptorChain$ValidatingInvocation.proceed(InvocationInterceptorChain.java:131) ~[junit-jupiter-engine-5.10.3.jar:5.10.3]
	at org.junit.jupiter.engine.extension.TimeoutExtension.intercept(TimeoutExtension.java:156) ~[junit-jupiter-engine-5.10.3.jar:5.10.3]
	at org.junit.jupiter.engine.extension.TimeoutExtension.interceptTestableMethod(TimeoutExtension.java:147) ~[junit-jupiter-engine-5.10.3.jar:5.10.3]
	at org.junit.jupiter.engine.extension.TimeoutExtension.interceptTestMethod(TimeoutExtension.java:86) ~[junit-jupiter-engine-5.10.3.jar:5.10.3]
	at org.junit.jupiter.engine.execution.InterceptingExecutableInvoker$ReflectiveInterceptorCall.lambda$ofVoidMethod$0(InterceptingExecutableInvoker.java:103) ~[junit-jupiter-engine-5.10.3.jar:5.10.3]
	at org.junit.jupiter.engine.execution.InterceptingExecutableInvoker.lambda$invoke$0(InterceptingExecutableInvoker.java:93) ~[junit-jupiter-engine-5.10.3.jar:5.10.3]
	at org.junit.jupiter.engine.execution.InvocationInterceptorChain$InterceptedInvocation.proceed(InvocationInterceptorChain.java:106) ~[junit-jupiter-engine-5.10.3.jar:5.10.3]
	at org.junit.jupiter.engine.execution.InvocationInterceptorChain.proceed(InvocationInterceptorChain.java:64) ~[junit-jupiter-engine-5.10.3.jar:5.10.3]
	at org.junit.jupiter.engine.execution.InvocationInterceptorChain.chainAndInvoke(InvocationInterceptorChain.java:45) ~[junit-jupiter-engine-5.10.3.jar:5.10.3]
	at org.junit.jupiter.engine.execution.InvocationInterceptorChain.invoke(InvocationInterceptorChain.java:37) ~[junit-jupiter-engine-5.10.3.jar:5.10.3]
	at org.junit.jupiter.engine.execution.InterceptingExecutableInvoker.invoke(InterceptingExecutableInvoker.java:92) ~[junit-jupiter-engine-5.10.3.jar:5.10.3]
	at org.junit.jupiter.engine.execution.InterceptingExecutableInvoker.invoke(InterceptingExecutableInvoker.java:86) ~[junit-jupiter-engine-5.10.3.jar:5.10.3]
	at org.junit.jupiter.engine.descriptor.TestMethodTestDescriptor.lambda$invokeTestMethod$7(TestMethodTestDescriptor.java:218) ~[junit-jupiter-engine-5.10.3.jar:5.10.3]
	at org.junit.platform.engine.support.hierarchical.ThrowableCollector.execute(ThrowableCollector.java:73) ~[junit-platform-engine-1.10.3.jar:1.10.3]
	at org.junit.jupiter.engine.descriptor.TestMethodTestDescriptor.invokeTestMethod(TestMethodTestDescriptor.java:214) ~[junit-jupiter-engine-5.10.3.jar:5.10.3]
	at org.junit.jupiter.engine.descriptor.TestMethodTestDescriptor.execute(TestMethodTestDescriptor.java:139) ~[junit-jupiter-engine-5.10.3.jar:5.10.3]
	at org.junit.jupiter.engine.descriptor.TestMethodTestDescriptor.execute(TestMethodTestDescriptor.java:69) ~[junit-jupiter-engine-5.10.3.jar:5.10.3]
	at org.junit.platform.engine.support.hierarchical.NodeTestTask.lambda$executeRecursively$6(NodeTestTask.java:151) ~[junit-platform-engine-1.10.3.jar:1.10.3]
	at org.junit.platform.engine.support.hierarchical.ThrowableCollector.execute(ThrowableCollector.java:73) ~[junit-platform-engine-1.10.3.jar:1.10.3]
	at org.junit.platform.engine.support.hierarchical.NodeTestTask.lambda$executeRecursively$8(NodeTestTask.java:141) ~[junit-platform-engine-1.10.3.jar:1.10.3]
	at org.junit.platform.engine.support.hierarchical.Node.around(Node.java:137) ~[junit-platform-engine-1.10.3.jar:1.10.3]
	at org.junit.platform.engine.support.hierarchical.NodeTestTask.lambda$executeRecursively$9(NodeTestTask.java:139) ~[junit-platform-engine-1.10.3.jar:1.10.3]
	at org.junit.platform.engine.support.hierarchical.ThrowableCollector.execute(ThrowableCollector.java:73) ~[junit-platform-engine-1.10.3.jar:1.10.3]
	at org.junit.platform.engine.support.hierarchical.NodeTestTask.executeRecursively(NodeTestTask.java:138) ~[junit-platform-engine-1.10.3.jar:1.10.3]
	at org.junit.platform.engine.support.hierarchical.NodeTestTask.execute(NodeTestTask.java:95) ~[junit-platform-engine-1.10.3.jar:1.10.3]
	at java.base/java.util.ArrayList.forEach(ArrayList.java:1596) ~[?:?]
	at org.junit.platform.engine.support.hierarchical.SameThreadHierarchicalTestExecutorService.invokeAll(SameThreadHierarchicalTestExecutorService.java:41) ~[junit-platform-engine-1.10.3.jar:1.10.3]
	at org.junit.platform.engine.support.hierarchical.NodeTestTask.lambda$executeRecursively$6(NodeTestTask.java:155) ~[junit-platform-engine-1.10.3.jar:1.10.3]
	at org.junit.platform.engine.support.hierarchical.ThrowableCollector.execute(ThrowableCollector.java:73) ~[junit-platform-engine-1.10.3.jar:1.10.3]
	at org.junit.platform.engine.support.hierarchical.NodeTestTask.lambda$executeRecursively$8(NodeTestTask.java:141) ~[junit-platform-engine-1.10.3.jar:1.10.3]
	at org.junit.platform.engine.support.hierarchical.Node.around(Node.java:137) ~[junit-platform-engine-1.10.3.jar:1.10.3]
	at org.junit.platform.engine.support.hierarchical.NodeTestTask.lambda$executeRecursively$9(NodeTestTask.java:139) ~[junit-platform-engine-1.10.3.jar:1.10.3]
	at org.junit.platform.engine.support.hierarchical.ThrowableCollector.execute(ThrowableCollector.java:73) ~[junit-platform-engine-1.10.3.jar:1.10.3]
	at org.junit.platform.engine.support.hierarchical.NodeTestTask.executeRecursively(NodeTestTask.java:138) ~[junit-platform-engine-1.10.3.jar:1.10.3]
	at org.junit.platform.engine.support.hierarchical.NodeTestTask.execute(NodeTestTask.java:95) ~[junit-platform-engine-1.10.3.jar:1.10.3]
	at java.base/java.util.ArrayList.forEach(ArrayList.java:1596) ~[?:?]
	at org.junit.platform.engine.support.hierarchical.SameThreadHierarchicalTestExecutorService.invokeAll(SameThreadHierarchicalTestExecutorService.java:41) ~[junit-platform-engine-1.10.3.jar:1.10.3]
	at org.junit.platform.engine.support.hierarchical.NodeTestTask.lambda$executeRecursively$6(NodeTestTask.java:155) ~[junit-platform-engine-1.10.3.jar:1.10.3]
	at org.junit.platform.engine.support.hierarchical.ThrowableCollector.execute(ThrowableCollector.java:73) ~[junit-platform-engine-1.10.3.jar:1.10.3]
	at org.junit.platform.engine.support.hierarchical.NodeTestTask.lambda$executeRecursively$8(NodeTestTask.java:141) ~[junit-platform-engine-1.10.3.jar:1.10.3]
	at org.junit.platform.engine.support.hierarchical.Node.around(Node.java:137) ~[junit-platform-engine-1.10.3.jar:1.10.3]
	at org.junit.platform.engine.support.hierarchical.NodeTestTask.lambda$executeRecursively$9(NodeTestTask.java:139) ~[junit-platform-engine-1.10.3.jar:1.10.3]
	at org.junit.platform.engine.support.hierarchical.ThrowableCollector.execute(ThrowableCollector.java:73) ~[junit-platform-engine-1.10.3.jar:1.10.3]
	at org.junit.platform.engine.support.hierarchical.NodeTestTask.executeRecursively(NodeTestTask.java:138) ~[junit-platform-engine-1.10.3.jar:1.10.3]
	at org.junit.platform.engine.support.hierarchical.NodeTestTask.execute(NodeTestTask.java:95) ~[junit-platform-engine-1.10.3.jar:1.10.3]
	at org.junit.platform.engine.support.hierarchical.SameThreadHierarchicalTestExecutorService.submit(SameThreadHierarchicalTestExecutorService.java:35) ~[junit-platform-engine-1.10.3.jar:1.10.3]
	at org.junit.platform.engine.support.hierarchical.HierarchicalTestExecutor.execute(HierarchicalTestExecutor.java:57) ~[junit-platform-engine-1.10.3.jar:1.10.3]
	at org.junit.platform.engine.support.hierarchical.HierarchicalTestEngine.execute(HierarchicalTestEngine.java:54) ~[junit-platform-engine-1.10.3.jar:1.10.3]
	at org.junit.platform.launcher.core.EngineExecutionOrchestrator.execute(EngineExecutionOrchestrator.java:198) ~[junit-platform-launcher-1.10.3.jar:1.10.3]
	at org.junit.platform.launcher.core.EngineExecutionOrchestrator.execute(EngineExecutionOrchestrator.java:169) ~[junit-platform-launcher-1.10.3.jar:1.10.3]
	at org.junit.platform.launcher.core.EngineExecutionOrchestrator.execute(EngineExecutionOrchestrator.java:93) ~[junit-platform-launcher-1.10.3.jar:1.10.3]
	at org.junit.platform.launcher.core.EngineExecutionOrchestrator.lambda$execute$0(EngineExecutionOrchestrator.java:58) ~[junit-platform-launcher-1.10.3.jar:1.10.3]
	at org.junit.platform.launcher.core.EngineExecutionOrchestrator.withInterceptedStreams(EngineExecutionOrchestrator.java:141) [junit-platform-launcher-1.10.3.jar:1.10.3]
	at org.junit.platform.launcher.core.EngineExecutionOrchestrator.execute(EngineExecutionOrchestrator.java:57) [junit-platform-launcher-1.10.3.jar:1.10.3]
	at org.junit.platform.launcher.core.DefaultLauncher.execute(DefaultLauncher.java:103) [junit-platform-launcher-1.10.3.jar:1.10.3]
	at org.junit.platform.launcher.core.DefaultLauncher.execute(DefaultLauncher.java:85) [junit-platform-launcher-1.10.3.jar:1.10.3]
	at org.junit.platform.launcher.core.DelegatingLauncher.execute(DelegatingLauncher.java:47) [junit-platform-launcher-1.10.3.jar:1.10.3]
	at org.gradle.api.internal.tasks.testing.junitplatform.JUnitPlatformTestDefinitionProcessor$CollectThenExecuteTestDefinitionConsumer.processAllTestClasses(JUnitPlatformTestDefinitionProcessor.java:172) [gradle-testing-jvm-infrastructure-9.3.1.jar:9.3.1]
	at org.gradle.api.internal.tasks.testing.junitplatform.JUnitPlatformTestDefinitionProcessor$CollectThenExecuteTestDefinitionConsumer.access$000(JUnitPlatformTestDefinitionProcessor.java:121) [gradle-testing-jvm-infrastructure-9.3.1.jar:9.3.1]
	at org.gradle.api.internal.tasks.testing.junitplatform.JUnitPlatformTestDefinitionProcessor.stop(JUnitPlatformTestDefinitionProcessor.java:114) [gradle-testing-jvm-infrastructure-9.3.1.jar:9.3.1]
	at org.gradle.api.internal.tasks.testing.SuiteTestDefinitionProcessor.stop(SuiteTestDefinitionProcessor.java:64) [gradle-testing-base-infrastructure-9.3.1.jar:9.3.1]
	at java.base/jdk.internal.reflect.DirectMethodHandleAccessor.invoke(DirectMethodHandleAccessor.java:103) ~[?:?]
	at java.base/java.lang.reflect.Method.invoke(Method.java:580) ~[?:?]
	at org.gradle.internal.dispatch.MethodInvocation.invokeOn(MethodInvocation.java:77) [gradle-messaging-9.3.1.jar:9.3.1]
	at org.gradle.internal.dispatch.ReflectionDispatch.dispatch(ReflectionDispatch.java:28) [gradle-messaging-9.3.1.jar:9.3.1]
	at org.gradle.internal.dispatch.ReflectionDispatch.dispatch(ReflectionDispatch.java:19) [gradle-messaging-9.3.1.jar:9.3.1]
	at org.gradle.internal.dispatch.ContextClassLoaderDispatch.dispatch(ContextClassLoaderDispatch.java:33) [gradle-messaging-9.3.1.jar:9.3.1]
	at org.gradle.internal.dispatch.ProxyDispatchAdapter$DispatchingInvocationHandler.invoke(ProxyDispatchAdapter.java:88) [gradle-messaging-9.3.1.jar:9.3.1]
	at jdk.proxy2/jdk.proxy2.$Proxy6.stop(Unknown Source) [?:?]
	at org.gradle.api.internal.tasks.testing.worker.TestWorker$3.run(TestWorker.java:195) [gradle-testing-base-infrastructure-9.3.1.jar:9.3.1]
	at org.gradle.api.internal.tasks.testing.worker.TestWorker.executeAndMaintainThreadName(TestWorker.java:126) [gradle-testing-base-infrastructure-9.3.1.jar:9.3.1]
	at org.gradle.api.internal.tasks.testing.worker.TestWorker.execute(TestWorker.java:103) [gradle-testing-base-infrastructure-9.3.1.jar:9.3.1]
	at org.gradle.api.internal.tasks.testing.worker.TestWorker.execute(TestWorker.java:63) [gradle-testing-base-infrastructure-9.3.1.jar:9.3.1]
	at org.gradle.process.internal.worker.child.ActionExecutionWorker.execute(ActionExecutionWorker.java:56) [gradle-worker-main-9.3.1.jar:9.3.1]
	at org.gradle.process.internal.worker.child.SystemApplicationClassLoaderWorker.call(SystemApplicationClassLoaderWorker.java:122) [gradle-worker-main-9.3.1.jar:9.3.1]
	at org.gradle.process.internal.worker.child.SystemApplicationClassLoaderWorker.call(SystemApplicationClassLoaderWorker.java:72) [gradle-worker-main-9.3.1.jar:9.3.1]
	at worker.org.gradle.process.internal.worker.GradleWorkerMain.run(GradleWorkerMain.java:69) [gradle-worker.jar:?]
	at worker.org.gradle.process.internal.worker.GradleWorkerMain.main(GradleWorkerMain.java:74) [gradle-worker.jar:?]
[06Aug2026 13:12:44.044] [Test worker/WARN] [net.minecraftforge.common.ForgeConfigSpec/CORE]: Configuration file SimpleCommentedConfig:{} is not correct. Correcting
[06Aug2026 13:12:44.044] [Test worker/WARN] [net.minecraftforge.common.ForgeConfigSpec/CORE]: Incorrect key Messages was corrected from null to its default, SimpleCommentedConfig:{}. 
[06Aug2026 13:12:44.044] [Test worker/WARN] [net.minecraftforge.common.ForgeConfigSpec/CORE]: Incorrect key Messages.localization was corrected from null to its default, en. 
[06Aug2026 13:12:44.045] [Test worker/WARN] [net.minecraftforge.common.ForgeConfigSpec/CORE]: Incorrect key Messages.display was corrected from null to its default, true. 
[06Aug2026 13:12:44.045] [Test worker/WARN] [net.minecraftforge.common.ForgeConfigSpec/CORE]: Incorrect key Messages.key was corrected from null to its default, . 
[06Aug2026 13:12:44.045] [Test worker/WARN] [net.minecraftforge.common.ForgeConfigSpec/CORE]: Incorrect key Messages.messages_change was corrected from null to its default, Skin change queued. 
[06Aug2026 13:12:44.045] [Test worker/WARN] [net.minecraftforge.common.ForgeConfigSpec/CORE]: Incorrect key Messages.messages_fulfilled was corrected from null to its default, Skin has been applied.. 
[06Aug2026 13:12:44.045] [Test worker/WARN] [net.minecraftforge.common.ForgeConfigSpec/CORE]: Incorrect key Messages.messages_timeout was corrected from null to its default, Skin fetch timed out.. 
[06Aug2026 13:12:44.045] [Test worker/WARN] [net.minecraftforge.common.ForgeConfigSpec/CORE]: Incorrect key Messages.messages_error was corrected from null to its default, Skin fetch failed.. 
[06Aug2026 13:12:44.045] [Test worker/WARN] [net.minecraftforge.common.ForgeConfigSpec/CORE]: Incorrect key Messages.messages_restored_from was corrected from null to its default, Skin restored from %s. 
[06Aug2026 13:12:44.045] [Test worker/WARN] [net.minecraftforge.common.ForgeConfigSpec/CORE]: Incorrect key Messages.messages_cleared_no_profile was corrected from null to its default, Skin cleared (no Mojang profile found). 
[06Aug2026 13:12:44.045] [Test worker/WARN] [net.minecraftforge.common.ForgeConfigSpec/CORE]: Incorrect key Messages.messages_no_source was corrected from null to its default, No source available. 
[06Aug2026 13:12:44.045] [Test worker/WARN] [net.minecraftforge.common.ForgeConfigSpec/CORE]: Incorrect key Messages.messages_player_only was corrected from null to its default, Player only command. 
[06Aug2026 13:12:44.045] [Test worker/WARN] [net.minecraftforge.common.ForgeConfigSpec/CORE]: Incorrect key Messages.messages_permission_denied was corrected from null to its default, Permission denied. 
[06Aug2026 13:12:44.045] [Test worker/WARN] [net.minecraftforge.common.ForgeConfigSpec/CORE]: Incorrect key Messages.messages_cooldown was corrected from null to its default, Please wait %ds before using /skin again. 
[06Aug2026 13:12:44.045] [Test worker/WARN] [net.minecraftforge.common.ForgeConfigSpec/CORE]: Incorrect key Messages.messages_rate_limited was corrected from null to its default, Too many /skin commands. Try again later.. 
[06Aug2026 13:12:44.045] [Test worker/WARN] [net.minecraftforge.common.ForgeConfigSpec/CORE]: Incorrect key Messages.messages_no_skin_found was corrected from null to its default, No skin found for "%s". 
[06Aug2026 13:12:44.045] [Test worker/WARN] [net.minecraftforge.common.ForgeConfigSpec/CORE]: Incorrect key Messages.messages_no_skin_found_plain was corrected from null to its default, No skin found. 
[06Aug2026 13:12:44.046] [Test worker/WARN] [net.minecraftforge.common.ForgeConfigSpec/CORE]: Incorrect key Messages.messages_mineskin_rejected was corrected from null to its default, MineSkin rejected the URL. 
[06Aug2026 13:12:44.046] [Test worker/WARN] [net.minecraftforge.common.ForgeConfigSpec/CORE]: Incorrect key Messages.messages_no_random_username was corrected from null to its default, No random username available. 
[06Aug2026 13:12:44.046] [Test worker/WARN] [net.minecraftforge.common.ForgeConfigSpec/CORE]: Incorrect key Messages.messages_provider_no_result was corrected from null to its default, Provider returned no result. 
[06Aug2026 13:12:44.046] [Test worker/WARN] [net.minecraftforge.common.ForgeConfigSpec/CORE]: Incorrect key Messages.messages_metrics_top_players was corrected from null to its default, Top players by refresh count:. 
[06Aug2026 13:12:44.046] [Test worker/WARN] [net.minecraftforge.common.ForgeConfigSpec/CORE]: Incorrect key Messages.messages_metrics_refreshes was corrected from null to its default,  refreshes. 
[06Aug2026 13:12:44.046] [Test worker/WARN] [net.minecraftforge.common.ForgeConfigSpec/CORE]: Incorrect key Messages.messages_metrics_no_refreshes was corrected from null to its default, (no refreshes recorded). 
[06Aug2026 13:12:44.046] [Test worker/WARN] [net.minecraftforge.common.ForgeConfigSpec/CORE]: Incorrect key Messages.messages_metrics_cleanup was corrected from null to its default, Metrics cleanup: pruned %d stale player entries. 
[06Aug2026 13:12:44.046] [Test worker/WARN] [net.minecraftforge.common.ForgeConfigSpec/CORE]: Incorrect key Messages.messages_metrics_reset was corrected from null to its default, Metrics reset. 
[06Aug2026 13:12:44.046] [Test worker/WARN] [net.minecraftforge.common.ForgeConfigSpec/CORE]: Incorrect key Messages.messages_discord_announce was corrected from null to its default, **%s** changed their skin to: `%s`. 
[06Aug2026 13:12:44.046] [Test worker/WARN] [net.minecraftforge.common.ForgeConfigSpec/CORE]: Incorrect key Integration was corrected from null to its default, SimpleCommentedConfig:{}. 
[06Aug2026 13:12:44.046] [Test worker/WARN] [net.minecraftforge.common.ForgeConfigSpec/CORE]: Incorrect key Integration.discordsrv_enabled was corrected from null to its default, false. 
[06Aug2026 13:12:44.046] [Test worker/WARN] [net.minecraftforge.common.ForgeConfigSpec/CORE]: Incorrect key Integration.discordsrv_channel_id was corrected from null to its default, . 
[06Aug2026 13:12:44.046] [Test worker/WARN] [net.minecraftforge.common.ForgeConfigSpec/CORE]: Incorrect key RateLimit was corrected from null to its default, SimpleCommentedConfig:{}. 
[06Aug2026 13:12:44.046] [Test worker/WARN] [net.minecraftforge.common.ForgeConfigSpec/CORE]: Incorrect key RateLimit.cooldown_seconds was corrected from null to its default, 3. 
[06Aug2026 13:12:44.046] [Test worker/WARN] [net.minecraftforge.common.ForgeConfigSpec/CORE]: Incorrect key RateLimit.rate_limit_enabled was corrected from null to its default, true. 
[06Aug2026 13:12:44.047] [Test worker/WARN] [net.minecraftforge.common.ForgeConfigSpec/CORE]: Incorrect key RateLimit.max_commands_per_minute was corrected from null to its default, 5. 
[06Aug2026 13:12:44.047] [Test worker/WARN] [net.minecraftforge.common.ForgeConfigSpec/CORE]: Incorrect key Broadcast was corrected from null to its default, SimpleCommentedConfig:{}. 
[06Aug2026 13:12:44.047] [Test worker/WARN] [net.minecraftforge.common.ForgeConfigSpec/CORE]: Incorrect key Broadcast.dimension_scoped_broadcast was corrected from null to its default, false. 
[06Aug2026 13:12:44.047] [Test worker/WARN] [net.minecraftforge.common.ForgeConfigSpec/CORE]: Incorrect key Broadcast.broadcast_use_bundle was corrected from null to its default, false. 
[06Aug2026 13:12:44.047] [Test worker/WARN] [net.minecraftforge.common.ForgeConfigSpec/CORE]: Incorrect key Broadcast.debounce_millis was corrected from null to its default, 100. 
[06Aug2026 13:12:44.047] [Test worker/WARN] [net.minecraftforge.common.ForgeConfigSpec/CORE]: Incorrect key Broadcast.refresh_via_entity_tracker was corrected from null to its default, true. 
[06Aug2026 13:12:44.047] [Test worker/WARN] [net.minecraftforge.common.ForgeConfigSpec/CORE]: Incorrect key Metrics was corrected from null to its default, SimpleCommentedConfig:{}. 
[06Aug2026 13:12:44.047] [Test worker/WARN] [net.minecraftforge.common.ForgeConfigSpec/CORE]: Incorrect key Metrics.metrics_enabled was corrected from null to its default, true. 
[06Aug2026 13:12:44.047] [Test worker/WARN] [net.minecraftforge.common.ForgeConfigSpec/CORE]: Incorrect key Metrics.metrics_dump_interval_seconds was corrected from null to its default, 60. 
[06Aug2026 13:12:44.047] [Test worker/WARN] [net.minecraftforge.common.ForgeConfigSpec/CORE]: Incorrect key Http was corrected from null to its default, SimpleCommentedConfig:{}. 
[06Aug2026 13:12:44.048] [Test worker/WARN] [net.minecraftforge.common.ForgeConfigSpec/CORE]: Incorrect key Http.http_client_version was corrected from null to its default, HTTP_2. 
[06Aug2026 13:12:44.048] [Test worker/WARN] [net.minecraftforge.common.ForgeConfigSpec/CORE]: Incorrect key Http.http_connect_timeout_seconds was corrected from null to its default, 5. 
[06Aug2026 13:12:44.048] [Test worker/WARN] [net.minecraftforge.common.ForgeConfigSpec/CORE]: Incorrect key MojangCache was corrected from null to its default, SimpleCommentedConfig:{}. 
[06Aug2026 13:12:44.048] [Test worker/WARN] [net.minecraftforge.common.ForgeConfigSpec/CORE]: Incorrect key MojangCache.mojang_profile_cache_enabled was corrected from null to its default, true. 
[06Aug2026 13:12:44.048] [Test worker/WARN] [net.minecraftforge.common.ForgeConfigSpec/CORE]: Incorrect key MojangCache.mojang_profile_cache_ttl_ms was corrected from null to its default, 3600000. 
[06Aug2026 13:12:44.048] [Test worker/WARN] [net.minecraftforge.common.ForgeConfigSpec/CORE]: Incorrect key MojangCache.mojang_profile_cache_max_size was corrected from null to its default, 1000. 
[06Aug2026 13:12:44.048] [Test worker/WARN] [net.minecraftforge.common.ForgeConfigSpec/CORE]: Incorrect key DefaultSkins was corrected from null to its default, SimpleCommentedConfig:{}. 
[06Aug2026 13:12:44.048] [Test worker/WARN] [net.minecraftforge.common.ForgeConfigSpec/CORE]: Incorrect key DefaultSkins.enabled was corrected from null to its default, false. 
[06Aug2026 13:12:44.048] [Test worker/WARN] [net.minecraftforge.common.ForgeConfigSpec/CORE]: Incorrect key DefaultSkins.applyForPremium was corrected from null to its default, false. 
[06Aug2026 13:12:44.048] [Test worker/WARN] [net.minecraftforge.common.ForgeConfigSpec/CORE]: Incorrect key DefaultSkins.list was corrected from null to its default, [Steve, <random>]. 
[06Aug2026 13:12:44.048] [Test worker/WARN] [net.minecraftforge.common.ForgeConfigSpec/CORE]: Incorrect key Security was corrected from null to its default, SimpleCommentedConfig:{}. 
[06Aug2026 13:12:44.048] [Test worker/WARN] [net.minecraftforge.common.ForgeConfigSpec/CORE]: Incorrect key Security.urlAllowlistEnabled was corrected from null to its default, false. 
[06Aug2026 13:12:44.048] [Test worker/WARN] [net.minecraftforge.common.ForgeConfigSpec/CORE]: Incorrect key Security.urlAllowlistDomains was corrected from null to its default, [imgur.com, storage.googleapis.com, cdn.discordapp.com, textures.minecraft.net, namemc.com, crafatar.com, mc-heads.net, githubusercontent.com, minecraftskins.com]. 
[06Aug2026 13:12:44.049] [Test worker/WARN] [net.minecraftforge.common.ForgeConfigSpec/CORE]: Incorrect key Permissions was corrected from null to its default, SimpleCommentedConfig:{}. 
[06Aug2026 13:12:44.049] [Test worker/WARN] [net.minecraftforge.common.ForgeConfigSpec/CORE]: Incorrect key Permissions.op_level was corrected from null to its default, SimpleCommentedConfig:{}. 
[06Aug2026 13:12:44.049] [Test worker/WARN] [net.minecraftforge.common.ForgeConfigSpec/CORE]: Incorrect key Permissions.op_level.mojang was corrected from null to its default, 0. 
[06Aug2026 13:12:44.049] [Test worker/WARN] [net.minecraftforge.common.ForgeConfigSpec/CORE]: Incorrect key Permissions.op_level.url was corrected from null to its default, 2. 
[06Aug2026 13:12:44.049] [Test worker/WARN] [net.minecraftforge.common.ForgeConfigSpec/CORE]: Incorrect key Permissions.op_level.clear was corrected from null to its default, 0. 
[06Aug2026 13:12:44.049] [Test worker/WARN] [net.minecraftforge.common.ForgeConfigSpec/CORE]: Incorrect key Permissions.op_level.random was corrected from null to its default, 0. 
[06Aug2026 13:12:44.049] [Test worker/WARN] [net.minecraftforge.common.ForgeConfigSpec/CORE]: Incorrect key Permissions.op_level.other was corrected from null to its default, 2. 
[06Aug2026 13:12:44.049] [Test worker/WARN] [net.minecraftforge.common.ForgeConfigSpec/CORE]: Incorrect key Permissions.op_level.metrics was corrected from null to its default, 2. 
[06Aug2026 13:12:44.049] [Test worker/WARN] [net.minecraftforge.common.ForgeConfigSpec/CORE]: Incorrect key Permissions.op_level.metrics_reset was corrected from null to its default, 2. 
[06Aug2026 13:12:44.055] [Test worker/WARN] [net.minecraftforge.common.ForgeConfigSpec/CORE]: Configuration file SimpleCommentedConfig:{} is not correct. Correcting
[06Aug2026 13:12:44.055] [Test worker/WARN] [net.minecraftforge.common.ForgeConfigSpec/CORE]: Incorrect key Messages was corrected from null to its default, SimpleCommentedConfig:{}. 
[06Aug2026 13:12:44.055] [Test worker/WARN] [net.minecraftforge.common.ForgeConfigSpec/CORE]: Incorrect key Messages.localization was corrected from null to its default, en. 
[06Aug2026 13:12:44.055] [Test worker/WARN] [net.minecraftforge.common.ForgeConfigSpec/CORE]: Incorrect key Messages.display was corrected from null to its default, true. 
[06Aug2026 13:12:44.055] [Test worker/WARN] [net.minecraftforge.common.ForgeConfigSpec/CORE]: Incorrect key Messages.key was corrected from null to its default, . 
[06Aug2026 13:12:44.055] [Test worker/WARN] [net.minecraftforge.common.ForgeConfigSpec/CORE]: Incorrect key Messages.messages_change was corrected from null to its default, Skin change queued. 
[06Aug2026 13:12:44.056] [Test worker/WARN] [net.minecraftforge.common.ForgeConfigSpec/CORE]: Incorrect key Messages.messages_fulfilled was corrected from null to its default, Skin has been applied.. 
[06Aug2026 13:12:44.056] [Test worker/WARN] [net.minecraftforge.common.ForgeConfigSpec/CORE]: Incorrect key Messages.messages_timeout was corrected from null to its default, Skin fetch timed out.. 
[06Aug2026 13:12:44.056] [Test worker/WARN] [net.minecraftforge.common.ForgeConfigSpec/CORE]: Incorrect key Messages.messages_error was corrected from null to its default, Skin fetch failed.. 
[06Aug2026 13:12:44.056] [Test worker/WARN] [net.minecraftforge.common.ForgeConfigSpec/CORE]: Incorrect key Messages.messages_restored_from was corrected from null to its default, Skin restored from %s. 
[06Aug2026 13:12:44.056] [Test worker/WARN] [net.minecraftforge.common.ForgeConfigSpec/CORE]: Incorrect key Messages.messages_cleared_no_profile was corrected from null to its default, Skin cleared (no Mojang profile found). 
[06Aug2026 13:12:44.056] [Test worker/WARN] [net.minecraftforge.common.ForgeConfigSpec/CORE]: Incorrect key Messages.messages_no_source was corrected from null to its default, No source available. 
[06Aug2026 13:12:44.056] [Test worker/WARN] [net.minecraftforge.common.ForgeConfigSpec/CORE]: Incorrect key Messages.messages_player_only was corrected from null to its default, Player only command. 
[06Aug2026 13:12:44.056] [Test worker/WARN] [net.minecraftforge.common.ForgeConfigSpec/CORE]: Incorrect key Messages.messages_permission_denied was corrected from null to its default, Permission denied. 
[06Aug2026 13:12:44.056] [Test worker/WARN] [net.minecraftforge.common.ForgeConfigSpec/CORE]: Incorrect key Messages.messages_cooldown was corrected from null to its default, Please wait %ds before using /skin again. 
[06Aug2026 13:12:44.056] [Test worker/WARN] [net.minecraftforge.common.ForgeConfigSpec/CORE]: Incorrect key Messages.messages_rate_limited was corrected from null to its default, Too many /skin commands. Try again later.. 
[06Aug2026 13:12:44.056] [Test worker/WARN] [net.minecraftforge.common.ForgeConfigSpec/CORE]: Incorrect key Messages.messages_no_skin_found was corrected from null to its default, No skin found for "%s". 
[06Aug2026 13:12:44.056] [Test worker/WARN] [net.minecraftforge.common.ForgeConfigSpec/CORE]: Incorrect key Messages.messages_no_skin_found_plain was corrected from null to its default, No skin found. 
[06Aug2026 13:12:44.056] [Test worker/WARN] [net.minecraftforge.common.ForgeConfigSpec/CORE]: Incorrect key Messages.messages_mineskin_rejected was corrected from null to its default, MineSkin rejected the URL. 
[06Aug2026 13:12:44.056] [Test worker/WARN] [net.minecraftforge.common.ForgeConfigSpec/CORE]: Incorrect key Messages.messages_no_random_username was corrected from null to its default, No random username available. 
[06Aug2026 13:12:44.056] [Test worker/WARN] [net.minecraftforge.common.ForgeConfigSpec/CORE]: Incorrect key Messages.messages_provider_no_result was corrected from null to its default, Provider returned no result. 
[06Aug2026 13:12:44.056] [Test worker/WARN] [net.minecraftforge.common.ForgeConfigSpec/CORE]: Incorrect key Messages.messages_metrics_top_players was corrected from null to its default, Top players by refresh count:. 
[06Aug2026 13:12:44.056] [Test worker/WARN] [net.minecraftforge.common.ForgeConfigSpec/CORE]: Incorrect key Messages.messages_metrics_refreshes was corrected from null to its default,  refreshes. 
[06Aug2026 13:12:44.056] [Test worker/WARN] [net.minecraftforge.common.ForgeConfigSpec/CORE]: Incorrect key Messages.messages_metrics_no_refreshes was corrected from null to its default, (no refreshes recorded). 
[06Aug2026 13:12:44.056] [Test worker/WARN] [net.minecraftforge.common.ForgeConfigSpec/CORE]: Incorrect key Messages.messages_metrics_cleanup was corrected from null to its default, Metrics cleanup: pruned %d stale player entries. 
[06Aug2026 13:12:44.057] [Test worker/WARN] [net.minecraftforge.common.ForgeConfigSpec/CORE]: Incorrect key Messages.messages_metrics_reset was corrected from null to its default, Metrics reset. 
[06Aug2026 13:12:44.057] [Test worker/WARN] [net.minecraftforge.common.ForgeConfigSpec/CORE]: Incorrect key Messages.messages_discord_announce was corrected from null to its default, **%s** changed their skin to: `%s`. 
[06Aug2026 13:12:44.057] [Test worker/WARN] [net.minecraftforge.common.ForgeConfigSpec/CORE]: Incorrect key Integration was corrected from null to its default, SimpleCommentedConfig:{}. 
[06Aug2026 13:12:44.057] [Test worker/WARN] [net.minecraftforge.common.ForgeConfigSpec/CORE]: Incorrect key Integration.discordsrv_enabled was corrected from null to its default, false. 
[06Aug2026 13:12:44.057] [Test worker/WARN] [net.minecraftforge.common.ForgeConfigSpec/CORE]: Incorrect key Integration.discordsrv_channel_id was corrected from null to its default, . 
[06Aug2026 13:12:44.057] [Test worker/WARN] [net.minecraftforge.common.ForgeConfigSpec/CORE]: Incorrect key RateLimit was corrected from null to its default, SimpleCommentedConfig:{}. 
[06Aug2026 13:12:44.057] [Test worker/WARN] [net.minecraftforge.common.ForgeConfigSpec/CORE]: Incorrect key RateLimit.cooldown_seconds was corrected from null to its default, 3. 
[06Aug2026 13:12:44.057] [Test worker/WARN] [net.minecraftforge.common.ForgeConfigSpec/CORE]: Incorrect key RateLimit.rate_limit_enabled was corrected from null to its default, true. 
[06Aug2026 13:12:44.057] [Test worker/WARN] [net.minecraftforge.common.ForgeConfigSpec/CORE]: Incorrect key RateLimit.max_commands_per_minute was corrected from null to its default, 5. 
[06Aug2026 13:12:44.057] [Test worker/WARN] [net.minecraftforge.common.ForgeConfigSpec/CORE]: Incorrect key Broadcast was corrected from null to its default, SimpleCommentedConfig:{}. 
[06Aug2026 13:12:44.057] [Test worker/WARN] [net.minecraftforge.common.ForgeConfigSpec/CORE]: Incorrect key Broadcast.dimension_scoped_broadcast was corrected from null to its default, false. 
[06Aug2026 13:12:44.057] [Test worker/WARN] [net.minecraftforge.common.ForgeConfigSpec/CORE]: Incorrect key Broadcast.broadcast_use_bundle was corrected from null to its default, false. 
[06Aug2026 13:12:44.057] [Test worker/WARN] [net.minecraftforge.common.ForgeConfigSpec/CORE]: Incorrect key Broadcast.debounce_millis was corrected from null to its default, 100. 
[06Aug2026 13:12:44.057] [Test worker/WARN] [net.minecraftforge.common.ForgeConfigSpec/CORE]: Incorrect key Broadcast.refresh_via_entity_tracker was corrected from null to its default, true. 
[06Aug2026 13:12:44.057] [Test worker/WARN] [net.minecraftforge.common.ForgeConfigSpec/CORE]: Incorrect key Metrics was corrected from null to its default, SimpleCommentedConfig:{}. 
[06Aug2026 13:12:44.057] [Test worker/WARN] [net.minecraftforge.common.ForgeConfigSpec/CORE]: Incorrect key Metrics.metrics_enabled was corrected from null to its default, true. 
[06Aug2026 13:12:44.057] [Test worker/WARN] [net.minecraftforge.common.ForgeConfigSpec/CORE]: Incorrect key Metrics.metrics_dump_interval_seconds was corrected from null to its default, 60. 
[06Aug2026 13:12:44.057] [Test worker/WARN] [net.minecraftforge.common.ForgeConfigSpec/CORE]: Incorrect key Http was corrected from null to its default, SimpleCommentedConfig:{}. 
[06Aug2026 13:12:44.057] [Test worker/WARN] [net.minecraftforge.common.ForgeConfigSpec/CORE]: Incorrect key Http.http_client_version was corrected from null to its default, HTTP_2. 
[06Aug2026 13:12:44.057] [Test worker/WARN] [net.minecraftforge.common.ForgeConfigSpec/CORE]: Incorrect key Http.http_connect_timeout_seconds was corrected from null to its default, 5. 
[06Aug2026 13:12:44.058] [Test worker/WARN] [net.minecraftforge.common.ForgeConfigSpec/CORE]: Incorrect key MojangCache was corrected from null to its default, SimpleCommentedConfig:{}. 
[06Aug2026 13:12:44.058] [Test worker/WARN] [net.minecraftforge.common.ForgeConfigSpec/CORE]: Incorrect key MojangCache.mojang_profile_cache_enabled was corrected from null to its default, true. 
[06Aug2026 13:12:44.058] [Test worker/WARN] [net.minecraftforge.common.ForgeConfigSpec/CORE]: Incorrect key MojangCache.mojang_profile_cache_ttl_ms was corrected from null to its default, 3600000. 
[06Aug2026 13:12:44.058] [Test worker/WARN] [net.minecraftforge.common.ForgeConfigSpec/CORE]: Incorrect key MojangCache.mojang_profile_cache_max_size was corrected from null to its default, 1000. 
[06Aug2026 13:12:44.058] [Test worker/WARN] [net.minecraftforge.common.ForgeConfigSpec/CORE]: Incorrect key DefaultSkins was corrected from null to its default, SimpleCommentedConfig:{}. 
[06Aug2026 13:12:44.058] [Test worker/WARN] [net.minecraftforge.common.ForgeConfigSpec/CORE]: Incorrect key DefaultSkins.enabled was corrected from null to its default, false. 
[06Aug2026 13:12:44.058] [Test worker/WARN] [net.minecraftforge.common.ForgeConfigSpec/CORE]: Incorrect key DefaultSkins.applyForPremium was corrected from null to its default, false. 
[06Aug2026 13:12:44.058] [Test worker/WARN] [net.minecraftforge.common.ForgeConfigSpec/CORE]: Incorrect key DefaultSkins.list was corrected from null to its default, [Steve, <random>]. 
[06Aug2026 13:12:44.058] [Test worker/WARN] [net.minecraftforge.common.ForgeConfigSpec/CORE]: Incorrect key Security was corrected from null to its default, SimpleCommentedConfig:{}. 
[06Aug2026 13:12:44.058] [Test worker/WARN] [net.minecraftforge.common.ForgeConfigSpec/CORE]: Incorrect key Security.urlAllowlistEnabled was corrected from null to its default, false. 
[06Aug2026 13:12:44.058] [Test worker/WARN] [net.minecraftforge.common.ForgeConfigSpec/CORE]: Incorrect key Security.urlAllowlistDomains was corrected from null to its default, [imgur.com, storage.googleapis.com, cdn.discordapp.com, textures.minecraft.net, namemc.com, crafatar.com, mc-heads.net, githubusercontent.com, minecraftskins.com]. 
[06Aug2026 13:12:44.058] [Test worker/WARN] [net.minecraftforge.common.ForgeConfigSpec/CORE]: Incorrect key Permissions was corrected from null to its default, SimpleCommentedConfig:{}. 
[06Aug2026 13:12:44.058] [Test worker/WARN] [net.minecraftforge.common.ForgeConfigSpec/CORE]: Incorrect key Permissions.op_level was corrected from null to its default, SimpleCommentedConfig:{}. 
[06Aug2026 13:12:44.058] [Test worker/WARN] [net.minecraftforge.common.ForgeConfigSpec/CORE]: Incorrect key Permissions.op_level.mojang was corrected from null to its default, 0. 
[06Aug2026 13:12:44.058] [Test worker/WARN] [net.minecraftforge.common.ForgeConfigSpec/CORE]: Incorrect key Permissions.op_level.url was corrected from null to its default, 2. 
[06Aug2026 13:12:44.059] [Test worker/WARN] [net.minecraftforge.common.ForgeConfigSpec/CORE]: Incorrect key Permissions.op_level.clear was corrected from null to its default, 0. 
[06Aug2026 13:12:44.059] [Test worker/WARN] [net.minecraftforge.common.ForgeConfigSpec/CORE]: Incorrect key Permissions.op_level.random was corrected from null to its default, 0. 
[06Aug2026 13:12:44.059] [Test worker/WARN] [net.minecraftforge.common.ForgeConfigSpec/CORE]: Incorrect key Permissions.op_level.other was corrected from null to its default, 2. 
[06Aug2026 13:12:44.059] [Test worker/WARN] [net.minecraftforge.common.ForgeConfigSpec/CORE]: Incorrect key Permissions.op_level.metrics was corrected from null to its default, 2. 
[06Aug2026 13:12:44.059] [Test worker/WARN] [net.minecraftforge.common.ForgeConfigSpec/CORE]: Incorrect key Permissions.op_level.metrics_reset was corrected from null to its default, 2. 
[06Aug2026 13:12:44.063] [Test worker/INFO] [levosilimo.everlastingskins.EverlastingSkins/]: SKIN_REFRESH: profile=Target, property=[Property[name=textures, value=cGF5bG9hZA==, signature=c2lnbmF0dXJl]]
[06Aug2026 13:12:44.064] [Test worker/INFO] [levosilimo.everlastingskins.EverlastingSkins/]: SKIN_REFRESH: profile=Target, property=[Property[name=textures, value=cGF5bG9hZA==, signature=c2lnbmF0dXJl]]
[06Aug2026 13:12:44.065] [Test worker/INFO] [levosilimo.everlastingskins.EverlastingSkins/]: SKIN_REFRESH: profile=Target, property=[Property[name=textures, value=cGF5bG9hZA==, signature=c2lnbmF0dXJl]]
[06Aug2026 13:12:44.066] [Test worker/INFO] [levosilimo.everlastingskins.EverlastingSkins/]: SKIN_REFRESH: profile=Target, property=[Property[name=textures, value=cGF5bG9hZA==, signature=c2lnbmF0dXJl]]
[06Aug2026 13:12:44.067] [Test worker/INFO] [levosilimo.everlastingskins.EverlastingSkins/]: SKIN_REFRESH: profile=Target, property=[Property[name=textures, value=cGF5bG9hZA==, signature=c2lnbmF0dXJl]]
[06Aug2026 13:12:44.068] [Test worker/INFO] [levosilimo.everlastingskins.EverlastingSkins/]: SKIN_REFRESH: profile=Target, property=[Property[name=textures, value=cGF5bG9hZA==, signature=c2lnbmF0dXJl]]
[06Aug2026 13:12:44.069] [Test worker/INFO] [levosilimo.everlastingskins.EverlastingSkins/]: SKIN_REFRESH: profile=Target, property=[Property[name=textures, value=cGF5bG9hZA==, signature=c2lnbmF0dXJl]]
[06Aug2026 13:12:44.070] [Test worker/INFO] [levosilimo.everlastingskins.EverlastingSkins/]: SKIN_REFRESH: profile=Target, property=[Property[name=textures, value=cGF5bG9hZA==, signature=c2lnbmF0dXJl]]
[06Aug2026 13:12:44.076] [Test worker/WARN] [net.minecraftforge.common.ForgeConfigSpec/CORE]: Configuration file SimpleCommentedConfig:{} is not correct. Correcting
[06Aug2026 13:12:44.076] [Test worker/WARN] [net.minecraftforge.common.ForgeConfigSpec/CORE]: Incorrect key Messages was corrected from null to its default, SimpleCommentedConfig:{}. 
[06Aug2026 13:12:44.076] [Test worker/WARN] [net.minecraftforge.common.ForgeConfigSpec/CORE]: Incorrect key Messages.localization was corrected from null to its default, en. 
[06Aug2026 13:12:44.077] [Test worker/WARN] [net.minecraftforge.common.ForgeConfigSpec/CORE]: Incorrect key Messages.display was corrected from null to its default, true. 
[06Aug2026 13:12:44.077] [Test worker/WARN] [net.minecraftforge.common.ForgeConfigSpec/CORE]: Incorrect key Messages.key was corrected from null to its default, . 
[06Aug2026 13:12:44.077] [Test worker/WARN] [net.minecraftforge.common.ForgeConfigSpec/CORE]: Incorrect key Messages.messages_change was corrected from null to its default, Skin change queued. 
[06Aug2026 13:12:44.077] [Test worker/WARN] [net.minecraftforge.common.ForgeConfigSpec/CORE]: Incorrect key Messages.messages_fulfilled was corrected from null to its default, Skin has been applied.. 
[06Aug2026 13:12:44.077] [Test worker/WARN] [net.minecraftforge.common.ForgeConfigSpec/CORE]: Incorrect key Messages.messages_timeout was corrected from null to its default, Skin fetch timed out.. 
[06Aug2026 13:12:44.077] [Test worker/WARN] [net.minecraftforge.common.ForgeConfigSpec/CORE]: Incorrect key Messages.messages_error was corrected from null to its default, Skin fetch failed.. 
[06Aug2026 13:12:44.077] [Test worker/WARN] [net.minecraftforge.common.ForgeConfigSpec/CORE]: Incorrect key Messages.messages_restored_from was corrected from null to its default, Skin restored from %s. 
[06Aug2026 13:12:44.077] [Test worker/WARN] [net.minecraftforge.common.ForgeConfigSpec/CORE]: Incorrect key Messages.messages_cleared_no_profile was corrected from null to its default, Skin cleared (no Mojang profile found). 
[06Aug2026 13:12:44.077] [Test worker/WARN] [net.minecraftforge.common.ForgeConfigSpec/CORE]: Incorrect key Messages.messages_no_source was corrected from null to its default, No source available. 
[06Aug2026 13:12:44.077] [Test worker/WARN] [net.minecraftforge.common.ForgeConfigSpec/CORE]: Incorrect key Messages.messages_player_only was corrected from null to its default, Player only command. 
[06Aug2026 13:12:44.077] [Test worker/WARN] [net.minecraftforge.common.ForgeConfigSpec/CORE]: Incorrect key Messages.messages_permission_denied was corrected from null to its default, Permission denied. 
[06Aug2026 13:12:44.077] [Test worker/WARN] [net.minecraftforge.common.ForgeConfigSpec/CORE]: Incorrect key Messages.messages_cooldown was corrected from null to its default, Please wait %ds before using /skin again. 
[06Aug2026 13:12:44.077] [Test worker/WARN] [net.minecraftforge.common.ForgeConfigSpec/CORE]: Incorrect key Messages.messages_rate_limited was corrected from null to its default, Too many /skin commands. Try again later.. 
[06Aug2026 13:12:44.077] [Test worker/WARN] [net.minecraftforge.common.ForgeConfigSpec/CORE]: Incorrect key Messages.messages_no_skin_found was corrected from null to its default, No skin found for "%s". 
[06Aug2026 13:12:44.077] [Test worker/WARN] [net.minecraftforge.common.ForgeConfigSpec/CORE]: Incorrect key Messages.messages_no_skin_found_plain was corrected from null to its default, No skin found. 
[06Aug2026 13:12:44.077] [Test worker/WARN] [net.minecraftforge.common.ForgeConfigSpec/CORE]: Incorrect key Messages.messages_mineskin_rejected was corrected from null to its default, MineSkin rejected the URL. 
[06Aug2026 13:12:44.077] [Test worker/WARN] [net.minecraftforge.common.ForgeConfigSpec/CORE]: Incorrect key Messages.messages_no_random_username was corrected from null to its default, No random username available. 
[06Aug2026 13:12:44.077] [Test worker/WARN] [net.minecraftforge.common.ForgeConfigSpec/CORE]: Incorrect key Messages.messages_provider_no_result was corrected from null to its default, Provider returned no result. 
[06Aug2026 13:12:44.077] [Test worker/WARN] [net.minecraftforge.common.ForgeConfigSpec/CORE]: Incorrect key Messages.messages_metrics_top_players was corrected from null to its default, Top players by refresh count:. 
[06Aug2026 13:12:44.077] [Test worker/WARN] [net.minecraftforge.common.ForgeConfigSpec/CORE]: Incorrect key Messages.messages_metrics_refreshes was corrected from null to its default,  refreshes. 
[06Aug2026 13:12:44.077] [Test worker/WARN] [net.minecraftforge.common.ForgeConfigSpec/CORE]: Incorrect key Messages.messages_metrics_no_refreshes was corrected from null to its default, (no refreshes recorded). 
[06Aug2026 13:12:44.077] [Test worker/WARN] [net.minecraftforge.common.ForgeConfigSpec/CORE]: Incorrect key Messages.messages_metrics_cleanup was corrected from null to its default, Metrics cleanup: pruned %d stale player entries. 
[06Aug2026 13:12:44.077] [Test worker/WARN] [net.minecraftforge.common.ForgeConfigSpec/CORE]: Incorrect key Messages.messages_metrics_reset was corrected from null to its default, Metrics reset. 
[06Aug2026 13:12:44.077] [Test worker/WARN] [net.minecraftforge.common.ForgeConfigSpec/CORE]: Incorrect key Messages.messages_discord_announce was corrected from null to its default, **%s** changed their skin to: `%s`. 
[06Aug2026 13:12:44.078] [Test worker/WARN] [net.minecraftforge.common.ForgeConfigSpec/CORE]: Incorrect key Integration was corrected from null to its default, SimpleCommentedConfig:{}. 
[06Aug2026 13:12:44.078] [Test worker/WARN] [net.minecraftforge.common.ForgeConfigSpec/CORE]: Incorrect key Integration.discordsrv_enabled was corrected from null to its default, false. 
[06Aug2026 13:12:44.078] [Test worker/WARN] [net.minecraftforge.common.ForgeConfigSpec/CORE]: Incorrect key Integration.discordsrv_channel_id was corrected from null to its default, . 
[06Aug2026 13:12:44.078] [Test worker/WARN] [net.minecraftforge.common.ForgeConfigSpec/CORE]: Incorrect key RateLimit was corrected from null to its default, SimpleCommentedConfig:{}. 
[06Aug2026 13:12:44.078] [Test worker/WARN] [net.minecraftforge.common.ForgeConfigSpec/CORE]: Incorrect key RateLimit.cooldown_seconds was corrected from null to its default, 3. 
[06Aug2026 13:12:44.078] [Test worker/WARN] [net.minecraftforge.common.ForgeConfigSpec/CORE]: Incorrect key RateLimit.rate_limit_enabled was corrected from null to its default, true. 
[06Aug2026 13:12:44.078] [Test worker/WARN] [net.minecraftforge.common.ForgeConfigSpec/CORE]: Incorrect key RateLimit.max_commands_per_minute was corrected from null to its default, 5. 
[06Aug2026 13:12:44.078] [Test worker/WARN] [net.minecraftforge.common.ForgeConfigSpec/CORE]: Incorrect key Broadcast was corrected from null to its default, SimpleCommentedConfig:{}. 
[06Aug2026 13:12:44.078] [Test worker/WARN] [net.minecraftforge.common.ForgeConfigSpec/CORE]: Incorrect key Broadcast.dimension_scoped_broadcast was corrected from null to its default, false. 
[06Aug2026 13:12:44.078] [Test worker/WARN] [net.minecraftforge.common.ForgeConfigSpec/CORE]: Incorrect key Broadcast.broadcast_use_bundle was corrected from null to its default, false. 
[06Aug2026 13:12:44.078] [Test worker/WARN] [net.minecraftforge.common.ForgeConfigSpec/CORE]: Incorrect key Broadcast.debounce_millis was corrected from null to its default, 100. 
[06Aug2026 13:12:44.078] [Test worker/WARN] [net.minecraftforge.common.ForgeConfigSpec/CORE]: Incorrect key Broadcast.refresh_via_entity_tracker was corrected from null to its default, true. 
[06Aug2026 13:12:44.078] [Test worker/WARN] [net.minecraftforge.common.ForgeConfigSpec/CORE]: Incorrect key Metrics was corrected from null to its default, SimpleCommentedConfig:{}. 
[06Aug2026 13:12:44.078] [Test worker/WARN] [net.minecraftforge.common.ForgeConfigSpec/CORE]: Incorrect key Metrics.metrics_enabled was corrected from null to its default, true. 
[06Aug2026 13:12:44.078] [Test worker/WARN] [net.minecraftforge.common.ForgeConfigSpec/CORE]: Incorrect key Metrics.metrics_dump_interval_seconds was corrected from null to its default, 60. 
[06Aug2026 13:12:44.078] [Test worker/WARN] [net.minecraftforge.common.ForgeConfigSpec/CORE]: Incorrect key Http was corrected from null to its default, SimpleCommentedConfig:{}. 
[06Aug2026 13:12:44.078] [Test worker/WARN] [net.minecraftforge.common.ForgeConfigSpec/CORE]: Incorrect key Http.http_client_version was corrected from null to its default, HTTP_2. 
[06Aug2026 13:12:44.078] [Test worker/WARN] [net.minecraftforge.common.ForgeConfigSpec/CORE]: Incorrect key Http.http_connect_timeout_seconds was corrected from null to its default, 5. 
[06Aug2026 13:12:44.078] [Test worker/WARN] [net.minecraftforge.common.ForgeConfigSpec/CORE]: Incorrect key MojangCache was corrected from null to its default, SimpleCommentedConfig:{}. 
[06Aug2026 13:12:44.078] [Test worker/WARN] [net.minecraftforge.common.ForgeConfigSpec/CORE]: Incorrect key MojangCache.mojang_profile_cache_enabled was corrected from null to its default, true. 
[06Aug2026 13:12:44.078] [Test worker/WARN] [net.minecraftforge.common.ForgeConfigSpec/CORE]: Incorrect key MojangCache.mojang_profile_cache_ttl_ms was corrected from null to its default, 3600000. 
[06Aug2026 13:12:44.078] [Test worker/WARN] [net.minecraftforge.common.ForgeConfigSpec/CORE]: Incorrect key MojangCache.mojang_profile_cache_max_size was corrected from null to its default, 1000. 
[06Aug2026 13:12:44.079] [Test worker/WARN] [net.minecraftforge.common.ForgeConfigSpec/CORE]: Incorrect key DefaultSkins was corrected from null to its default, SimpleCommentedConfig:{}. 
[06Aug2026 13:12:44.079] [Test worker/WARN] [net.minecraftforge.common.ForgeConfigSpec/CORE]: Incorrect key DefaultSkins.enabled was corrected from null to its default, false. 
[06Aug2026 13:12:44.079] [Test worker/WARN] [net.minecraftforge.common.ForgeConfigSpec/CORE]: Incorrect key DefaultSkins.applyForPremium was corrected from null to its default, false. 
[06Aug2026 13:12:44.079] [Test worker/WARN] [net.minecraftforge.common.ForgeConfigSpec/CORE]: Incorrect key DefaultSkins.list was corrected from null to its default, [Steve, <random>]. 
[06Aug2026 13:12:44.079] [Test worker/WARN] [net.minecraftforge.common.ForgeConfigSpec/CORE]: Incorrect key Security was corrected from null to its default, SimpleCommentedConfig:{}. 
[06Aug2026 13:12:44.079] [Test worker/WARN] [net.minecraftforge.common.ForgeConfigSpec/CORE]: Incorrect key Security.urlAllowlistEnabled was corrected from null to its default, false. 
[06Aug2026 13:12:44.079] [Test worker/WARN] [net.minecraftforge.common.ForgeConfigSpec/CORE]: Incorrect key Security.urlAllowlistDomains was corrected from null to its default, [imgur.com, storage.googleapis.com, cdn.discordapp.com, textures.minecraft.net, namemc.com, crafatar.com, mc-heads.net, githubusercontent.com, minecraftskins.com]. 
[06Aug2026 13:12:44.079] [Test worker/WARN] [net.minecraftforge.common.ForgeConfigSpec/CORE]: Incorrect key Permissions was corrected from null to its default, SimpleCommentedConfig:{}. 
[06Aug2026 13:12:44.079] [Test worker/WARN] [net.minecraftforge.common.ForgeConfigSpec/CORE]: Incorrect key Permissions.op_level was corrected from null to its default, SimpleCommentedConfig:{}. 
[06Aug2026 13:12:44.079] [Test worker/WARN] [net.minecraftforge.common.ForgeConfigSpec/CORE]: Incorrect key Permissions.op_level.mojang was corrected from null to its default, 0. 
[06Aug2026 13:12:44.079] [Test worker/WARN] [net.minecraftforge.common.ForgeConfigSpec/CORE]: Incorrect key Permissions.op_level.url was corrected from null to its default, 2. 
[06Aug2026 13:12:44.079] [Test worker/WARN] [net.minecraftforge.common.ForgeConfigSpec/CORE]: Incorrect key Permissions.op_level.clear was corrected from null to its default, 0. 
[06Aug2026 13:12:44.079] [Test worker/WARN] [net.minecraftforge.common.ForgeConfigSpec/CORE]: Incorrect key Permissions.op_level.random was corrected from null to its default, 0. 
[06Aug2026 13:12:44.079] [Test worker/WARN] [net.minecraftforge.common.ForgeConfigSpec/CORE]: Incorrect key Permissions.op_level.other was corrected from null to its default, 2. 
[06Aug2026 13:12:44.079] [Test worker/WARN] [net.minecraftforge.common.ForgeConfigSpec/CORE]: Incorrect key Permissions.op_level.metrics was corrected from null to its default, 2. 
[06Aug2026 13:12:44.079] [Test worker/WARN] [net.minecraftforge.common.ForgeConfigSpec/CORE]: Incorrect key Permissions.op_level.metrics_reset was corrected from null to its default, 2. 
[06Aug2026 13:12:44.086] [Test worker/INFO] [levosilimo.everlastingskins.EverlastingSkins/]: SKIN_REFRESH: profile=Target, property=[] (cleared)
[06Aug2026 13:12:44.089] [Test worker/WARN] [net.minecraftforge.common.ForgeConfigSpec/CORE]: Configuration file SimpleCommentedConfig:{} is not correct. Correcting
[06Aug2026 13:12:44.089] [Test worker/WARN] [net.minecraftforge.common.ForgeConfigSpec/CORE]: Incorrect key Messages was corrected from null to its default, SimpleCommentedConfig:{}. 
[06Aug2026 13:12:44.089] [Test worker/WARN] [net.minecraftforge.common.ForgeConfigSpec/CORE]: Incorrect key Messages.localization was corrected from null to its default, en. 
[06Aug2026 13:12:44.089] [Test worker/WARN] [net.minecraftforge.common.ForgeConfigSpec/CORE]: Incorrect key Messages.display was corrected from null to its default, true. 
[06Aug2026 13:12:44.089] [Test worker/WARN] [net.minecraftforge.common.ForgeConfigSpec/CORE]: Incorrect key Messages.key was corrected from null to its default, . 
[06Aug2026 13:12:44.089] [Test worker/WARN] [net.minecraftforge.common.ForgeConfigSpec/CORE]: Incorrect key Messages.messages_change was corrected from null to its default, Skin change queued. 
[06Aug2026 13:12:44.089] [Test worker/WARN] [net.minecraftforge.common.ForgeConfigSpec/CORE]: Incorrect key Messages.messages_fulfilled was corrected from null to its default, Skin has been applied.. 
[06Aug2026 13:12:44.089] [Test worker/WARN] [net.minecraftforge.common.ForgeConfigSpec/CORE]: Incorrect key Messages.messages_timeout was corrected from null to its default, Skin fetch timed out.. 
[06Aug2026 13:12:44.089] [Test worker/WARN] [net.minecraftforge.common.ForgeConfigSpec/CORE]: Incorrect key Messages.messages_error was corrected from null to its default, Skin fetch failed.. 
[06Aug2026 13:12:44.090] [Test worker/WARN] [net.minecraftforge.common.ForgeConfigSpec/CORE]: Incorrect key Messages.messages_restored_from was corrected from null to its default, Skin restored from %s. 
[06Aug2026 13:12:44.090] [Test worker/WARN] [net.minecraftforge.common.ForgeConfigSpec/CORE]: Incorrect key Messages.messages_cleared_no_profile was corrected from null to its default, Skin cleared (no Mojang profile found). 
[06Aug2026 13:12:44.090] [Test worker/WARN] [net.minecraftforge.common.ForgeConfigSpec/CORE]: Incorrect key Messages.messages_no_source was corrected from null to its default, No source available. 
[06Aug2026 13:12:44.090] [Test worker/WARN] [net.minecraftforge.common.ForgeConfigSpec/CORE]: Incorrect key Messages.messages_player_only was corrected from null to its default, Player only command. 
[06Aug2026 13:12:44.090] [Test worker/WARN] [net.minecraftforge.common.ForgeConfigSpec/CORE]: Incorrect key Messages.messages_permission_denied was corrected from null to its default, Permission denied. 
[06Aug2026 13:12:44.090] [Test worker/WARN] [net.minecraftforge.common.ForgeConfigSpec/CORE]: Incorrect key Messages.messages_cooldown was corrected from null to its default, Please wait %ds before using /skin again. 
[06Aug2026 13:12:44.090] [Test worker/WARN] [net.minecraftforge.common.ForgeConfigSpec/CORE]: Incorrect key Messages.messages_rate_limited was corrected from null to its default, Too many /skin commands. Try again later.. 
[06Aug2026 13:12:44.090] [Test worker/WARN] [net.minecraftforge.common.ForgeConfigSpec/CORE]: Incorrect key Messages.messages_no_skin_found was corrected from null to its default, No skin found for "%s". 
[06Aug2026 13:12:44.090] [Test worker/WARN] [net.minecraftforge.common.ForgeConfigSpec/CORE]: Incorrect key Messages.messages_no_skin_found_plain was corrected from null to its default, No skin found. 
[06Aug2026 13:12:44.090] [Test worker/WARN] [net.minecraftforge.common.ForgeConfigSpec/CORE]: Incorrect key Messages.messages_mineskin_rejected was corrected from null to its default, MineSkin rejected the URL. 
[06Aug2026 13:12:44.090] [Test worker/WARN] [net.minecraftforge.common.ForgeConfigSpec/CORE]: Incorrect key Messages.messages_no_random_username was corrected from null to its default, No random username available. 
[06Aug2026 13:12:44.090] [Test worker/WARN] [net.minecraftforge.common.ForgeConfigSpec/CORE]: Incorrect key Messages.messages_provider_no_result was corrected from null to its default, Provider returned no result. 
[06Aug2026 13:12:44.090] [Test worker/WARN] [net.minecraftforge.common.ForgeConfigSpec/CORE]: Incorrect key Messages.messages_metrics_top_players was corrected from null to its default, Top players by refresh count:. 
[06Aug2026 13:12:44.090] [Test worker/WARN] [net.minecraftforge.common.ForgeConfigSpec/CORE]: Incorrect key Messages.messages_metrics_refreshes was corrected from null to its default,  refreshes. 
[06Aug2026 13:12:44.090] [Test worker/WARN] [net.minecraftforge.common.ForgeConfigSpec/CORE]: Incorrect key Messages.messages_metrics_no_refreshes was corrected from null to its default, (no refreshes recorded). 
[06Aug2026 13:12:44.090] [Test worker/WARN] [net.minecraftforge.common.ForgeConfigSpec/CORE]: Incorrect key Messages.messages_metrics_cleanup was corrected from null to its default, Metrics cleanup: pruned %d stale player entries. 
[06Aug2026 13:12:44.090] [Test worker/WARN] [net.minecraftforge.common.ForgeConfigSpec/CORE]: Incorrect key Messages.messages_metrics_reset was corrected from null to its default, Metrics reset. 
[06Aug2026 13:12:44.090] [Test worker/WARN] [net.minecraftforge.common.ForgeConfigSpec/CORE]: Incorrect key Messages.messages_discord_announce was corrected from null to its default, **%s** changed their skin to: `%s`. 
[06Aug2026 13:12:44.090] [Test worker/WARN] [net.minecraftforge.common.ForgeConfigSpec/CORE]: Incorrect key Integration was corrected from null to its default, SimpleCommentedConfig:{}. 
[06Aug2026 13:12:44.090] [Test worker/WARN] [net.minecraftforge.common.ForgeConfigSpec/CORE]: Incorrect key Integration.discordsrv_enabled was corrected from null to its default, false. 
[06Aug2026 13:12:44.091] [Test worker/WARN] [net.minecraftforge.common.ForgeConfigSpec/CORE]: Incorrect key Integration.discordsrv_channel_id was corrected from null to its default, . 
[06Aug2026 13:12:44.091] [Test worker/WARN] [net.minecraftforge.common.ForgeConfigSpec/CORE]: Incorrect key RateLimit was corrected from null to its default, SimpleCommentedConfig:{}. 
[06Aug2026 13:12:44.091] [Test worker/WARN] [net.minecraftforge.common.ForgeConfigSpec/CORE]: Incorrect key RateLimit.cooldown_seconds was corrected from null to its default, 3. 
[06Aug2026 13:12:44.091] [Test worker/WARN] [net.minecraftforge.common.ForgeConfigSpec/CORE]: Incorrect key RateLimit.rate_limit_enabled was corrected from null to its default, true. 
[06Aug2026 13:12:44.091] [Test worker/WARN] [net.minecraftforge.common.ForgeConfigSpec/CORE]: Incorrect key RateLimit.max_commands_per_minute was corrected from null to its default, 5. 
[06Aug2026 13:12:44.091] [Test worker/WARN] [net.minecraftforge.common.ForgeConfigSpec/CORE]: Incorrect key Broadcast was corrected from null to its default, SimpleCommentedConfig:{}. 
[06Aug2026 13:12:44.091] [Test worker/WARN] [net.minecraftforge.common.ForgeConfigSpec/CORE]: Incorrect key Broadcast.dimension_scoped_broadcast was corrected from null to its default, false. 
[06Aug2026 13:12:44.091] [Test worker/WARN] [net.minecraftforge.common.ForgeConfigSpec/CORE]: Incorrect key Broadcast.broadcast_use_bundle was corrected from null to its default, false. 
[06Aug2026 13:12:44.091] [Test worker/WARN] [net.minecraftforge.common.ForgeConfigSpec/CORE]: Incorrect key Broadcast.debounce_millis was corrected from null to its default, 100. 
[06Aug2026 13:12:44.091] [Test worker/WARN] [net.minecraftforge.common.ForgeConfigSpec/CORE]: Incorrect key Broadcast.refresh_via_entity_tracker was corrected from null to its default, true. 
[06Aug2026 13:12:44.091] [Test worker/WARN] [net.minecraftforge.common.ForgeConfigSpec/CORE]: Incorrect key Metrics was corrected from null to its default, SimpleCommentedConfig:{}. 
[06Aug2026 13:12:44.091] [Test worker/WARN] [net.minecraftforge.common.ForgeConfigSpec/CORE]: Incorrect key Metrics.metrics_enabled was corrected from null to its default, true. 
[06Aug2026 13:12:44.091] [Test worker/WARN] [net.minecraftforge.common.ForgeConfigSpec/CORE]: Incorrect key Metrics.metrics_dump_interval_seconds was corrected from null to its default, 60. 
[06Aug2026 13:12:44.091] [Test worker/WARN] [net.minecraftforge.common.ForgeConfigSpec/CORE]: Incorrect key Http was corrected from null to its default, SimpleCommentedConfig:{}. 
[06Aug2026 13:12:44.091] [Test worker/WARN] [net.minecraftforge.common.ForgeConfigSpec/CORE]: Incorrect key Http.http_client_version was corrected from null to its default, HTTP_2. 
[06Aug2026 13:12:44.091] [Test worker/WARN] [net.minecraftforge.common.ForgeConfigSpec/CORE]: Incorrect key Http.http_connect_timeout_seconds was corrected from null to its default, 5. 
[06Aug2026 13:12:44.091] [Test worker/WARN] [net.minecraftforge.common.ForgeConfigSpec/CORE]: Incorrect key MojangCache was corrected from null to its default, SimpleCommentedConfig:{}. 
[06Aug2026 13:12:44.091] [Test worker/WARN] [net.minecraftforge.common.ForgeConfigSpec/CORE]: Incorrect key MojangCache.mojang_profile_cache_enabled was corrected from null to its default, true. 
[06Aug2026 13:12:44.091] [Test worker/WARN] [net.minecraftforge.common.ForgeConfigSpec/CORE]: Incorrect key MojangCache.mojang_profile_cache_ttl_ms was corrected from null to its default, 3600000. 
[06Aug2026 13:12:44.091] [Test worker/WARN] [net.minecraftforge.common.ForgeConfigSpec/CORE]: Incorrect key MojangCache.mojang_profile_cache_max_size was corrected from null to its default, 1000. 
[06Aug2026 13:12:44.092] [Test worker/WARN] [net.minecraftforge.common.ForgeConfigSpec/CORE]: Incorrect key DefaultSkins was corrected from null to its default, SimpleCommentedConfig:{}. 
[06Aug2026 13:12:44.092] [Test worker/WARN] [net.minecraftforge.common.ForgeConfigSpec/CORE]: Incorrect key DefaultSkins.enabled was corrected from null to its default, false. 
[06Aug2026 13:12:44.092] [Test worker/WARN] [net.minecraftforge.common.ForgeConfigSpec/CORE]: Incorrect key DefaultSkins.applyForPremium was corrected from null to its default, false. 
[06Aug2026 13:12:44.092] [Test worker/WARN] [net.minecraftforge.common.ForgeConfigSpec/CORE]: Incorrect key DefaultSkins.list was corrected from null to its default, [Steve, <random>]. 
[06Aug2026 13:12:44.092] [Test worker/WARN] [net.minecraftforge.common.ForgeConfigSpec/CORE]: Incorrect key Security was corrected from null to its default, SimpleCommentedConfig:{}. 
[06Aug2026 13:12:44.092] [Test worker/WARN] [net.minecraftforge.common.ForgeConfigSpec/CORE]: Incorrect key Security.urlAllowlistEnabled was corrected from null to its default, false. 
[06Aug2026 13:12:44.092] [Test worker/WARN] [net.minecraftforge.common.ForgeConfigSpec/CORE]: Incorrect key Security.urlAllowlistDomains was corrected from null to its default, [imgur.com, storage.googleapis.com, cdn.discordapp.com, textures.minecraft.net, namemc.com, crafatar.com, mc-heads.net, githubusercontent.com, minecraftskins.com]. 
[06Aug2026 13:12:44.092] [Test worker/WARN] [net.minecraftforge.common.ForgeConfigSpec/CORE]: Incorrect key Permissions was corrected from null to its default, SimpleCommentedConfig:{}. 
[06Aug2026 13:12:44.092] [Test worker/WARN] [net.minecraftforge.common.ForgeConfigSpec/CORE]: Incorrect key Permissions.op_level was corrected from null to its default, SimpleCommentedConfig:{}. 
[06Aug2026 13:12:44.092] [Test worker/WARN] [net.minecraftforge.common.ForgeConfigSpec/CORE]: Incorrect key Permissions.op_level.mojang was corrected from null to its default, 0. 
[06Aug2026 13:12:44.092] [Test worker/WARN] [net.minecraftforge.common.ForgeConfigSpec/CORE]: Incorrect key Permissions.op_level.url was corrected from null to its default, 2. 
[06Aug2026 13:12:44.092] [Test worker/WARN] [net.minecraftforge.common.ForgeConfigSpec/CORE]: Incorrect key Permissions.op_level.clear was corrected from null to its default, 0. 
[06Aug2026 13:12:44.092] [Test worker/WARN] [net.minecraftforge.common.ForgeConfigSpec/CORE]: Incorrect key Permissions.op_level.random was corrected from null to its default, 0. 
[06Aug2026 13:12:44.092] [Test worker/WARN] [net.minecraftforge.common.ForgeConfigSpec/CORE]: Incorrect key Permissions.op_level.other was corrected from null to its default, 2. 
[06Aug2026 13:12:44.092] [Test worker/WARN] [net.minecraftforge.common.ForgeConfigSpec/CORE]: Incorrect key Permissions.op_level.metrics was corrected from null to its default, 2. 
[06Aug2026 13:12:44.092] [Test worker/WARN] [net.minecraftforge.common.ForgeConfigSpec/CORE]: Incorrect key Permissions.op_level.metrics_reset was corrected from null to its default, 2. 
[06Aug2026 13:12:44.135] [Test worker/WARN] [levosilimo.everlastingskins.EverlastingSkins/]: Skin refresh failed for 56a8adb5-0d74-4fa7-81b7-5933d2284190
java.lang.RuntimeException: simulated disk enqueue failure
	at levosilimo.everlastingskins.skinchanger.SkinStorage.saveSkinAsync(SkinStorage.java:134) ~[common.jar:?]
	at levosilimo.everlastingskins.forge21.skinchanger.SkinRefreshHandler.recordSaveEnqueue(SkinRefreshHandler.java:154) ~[main/:?]
	at levosilimo.everlastingskins.forge21.skinchanger.SkinRefreshHandler.applyAtomicPersistence(SkinRefreshHandler.java:124) ~[main/:?]
	at levosilimo.everlastingskins.forge21.skinchanger.SkinRefreshHandlerTest.saveSkinAsyncFailure_leavesProfileUntouched(SkinRefreshHandlerTest.java:389) ~[test/:?]
	at java.base/jdk.internal.reflect.DirectMethodHandleAccessor.invoke(DirectMethodHandleAccessor.java:103) ~[?:?]
	at java.base/java.lang.reflect.Method.invoke(Method.java:580) ~[?:?]
	at org.junit.platform.commons.util.ReflectionUtils.invokeMethod(ReflectionUtils.java:728) ~[junit-platform-commons-1.10.3.jar:1.10.3]
	at org.junit.jupiter.engine.execution.MethodInvocation.proceed(MethodInvocation.java:60) ~[junit-jupiter-engine-5.10.3.jar:5.10.3]
	at org.junit.jupiter.engine.execution.InvocationInterceptorChain$ValidatingInvocation.proceed(InvocationInterceptorChain.java:131) ~[junit-jupiter-engine-5.10.3.jar:5.10.3]
	at org.junit.jupiter.engine.extension.TimeoutExtension.intercept(TimeoutExtension.java:156) ~[junit-jupiter-engine-5.10.3.jar:5.10.3]
	at org.junit.jupiter.engine.extension.TimeoutExtension.interceptTestableMethod(TimeoutExtension.java:147) ~[junit-jupiter-engine-5.10.3.jar:5.10.3]
	at org.junit.jupiter.engine.extension.TimeoutExtension.interceptTestMethod(TimeoutExtension.java:86) ~[junit-jupiter-engine-5.10.3.jar:5.10.3]
	at org.junit.jupiter.engine.execution.InterceptingExecutableInvoker$ReflectiveInterceptorCall.lambda$ofVoidMethod$0(InterceptingExecutableInvoker.java:103) ~[junit-jupiter-engine-5.10.3.jar:5.10.3]
	at org.junit.jupiter.engine.execution.InterceptingExecutableInvoker.lambda$invoke$0(InterceptingExecutableInvoker.java:93) ~[junit-jupiter-engine-5.10.3.jar:5.10.3]
	at org.junit.jupiter.engine.execution.InvocationInterceptorChain$InterceptedInvocation.proceed(InvocationInterceptorChain.java:106) ~[junit-jupiter-engine-5.10.3.jar:5.10.3]
	at org.junit.jupiter.engine.execution.InvocationInterceptorChain.proceed(InvocationInterceptorChain.java:64) ~[junit-jupiter-engine-5.10.3.jar:5.10.3]
	at org.junit.jupiter.engine.execution.InvocationInterceptorChain.chainAndInvoke(InvocationInterceptorChain.java:45) ~[junit-jupiter-engine-5.10.3.jar:5.10.3]
	at org.junit.jupiter.engine.execution.InvocationInterceptorChain.invoke(InvocationInterceptorChain.java:37) ~[junit-jupiter-engine-5.10.3.jar:5.10.3]
	at org.junit.jupiter.engine.execution.InterceptingExecutableInvoker.invoke(InterceptingExecutableInvoker.java:92) ~[junit-jupiter-engine-5.10.3.jar:5.10.3]
	at org.junit.jupiter.engine.execution.InterceptingExecutableInvoker.invoke(InterceptingExecutableInvoker.java:86) ~[junit-jupiter-engine-5.10.3.jar:5.10.3]
	at org.junit.jupiter.engine.descriptor.TestMethodTestDescriptor.lambda$invokeTestMethod$7(TestMethodTestDescriptor.java:218) ~[junit-jupiter-engine-5.10.3.jar:5.10.3]
	at org.junit.platform.engine.support.hierarchical.ThrowableCollector.execute(ThrowableCollector.java:73) ~[junit-platform-engine-1.10.3.jar:1.10.3]
	at org.junit.jupiter.engine.descriptor.TestMethodTestDescriptor.invokeTestMethod(TestMethodTestDescriptor.java:214) ~[junit-jupiter-engine-5.10.3.jar:5.10.3]
	at org.junit.jupiter.engine.descriptor.TestMethodTestDescriptor.execute(TestMethodTestDescriptor.java:139) ~[junit-jupiter-engine-5.10.3.jar:5.10.3]
	at org.junit.jupiter.engine.descriptor.TestMethodTestDescriptor.execute(TestMethodTestDescriptor.java:69) ~[junit-jupiter-engine-5.10.3.jar:5.10.3]
	at org.junit.platform.engine.support.hierarchical.NodeTestTask.lambda$executeRecursively$6(NodeTestTask.java:151) ~[junit-platform-engine-1.10.3.jar:1.10.3]
	at org.junit.platform.engine.support.hierarchical.ThrowableCollector.execute(ThrowableCollector.java:73) ~[junit-platform-engine-1.10.3.jar:1.10.3]
	at org.junit.platform.engine.support.hierarchical.NodeTestTask.lambda$executeRecursively$8(NodeTestTask.java:141) ~[junit-platform-engine-1.10.3.jar:1.10.3]
	at org.junit.platform.engine.support.hierarchical.Node.around(Node.java:137) ~[junit-platform-engine-1.10.3.jar:1.10.3]
	at org.junit.platform.engine.support.hierarchical.NodeTestTask.lambda$executeRecursively$9(NodeTestTask.java:139) ~[junit-platform-engine-1.10.3.jar:1.10.3]
	at org.junit.platform.engine.support.hierarchical.ThrowableCollector.execute(ThrowableCollector.java:73) ~[junit-platform-engine-1.10.3.jar:1.10.3]
	at org.junit.platform.engine.support.hierarchical.NodeTestTask.executeRecursively(NodeTestTask.java:138) ~[junit-platform-engine-1.10.3.jar:1.10.3]
	at org.junit.platform.engine.support.hierarchical.NodeTestTask.execute(NodeTestTask.java:95) ~[junit-platform-engine-1.10.3.jar:1.10.3]
	at java.base/java.util.ArrayList.forEach(ArrayList.java:1596) ~[?:?]
	at org.junit.platform.engine.support.hierarchical.SameThreadHierarchicalTestExecutorService.invokeAll(SameThreadHierarchicalTestExecutorService.java:41) ~[junit-platform-engine-1.10.3.jar:1.10.3]
	at org.junit.platform.engine.support.hierarchical.NodeTestTask.lambda$executeRecursively$6(NodeTestTask.java:155) ~[junit-platform-engine-1.10.3.jar:1.10.3]
	at org.junit.platform.engine.support.hierarchical.ThrowableCollector.execute(ThrowableCollector.java:73) ~[junit-platform-engine-1.10.3.jar:1.10.3]
	at org.junit.platform.engine.support.hierarchical.NodeTestTask.lambda$executeRecursively$8(NodeTestTask.java:141) ~[junit-platform-engine-1.10.3.jar:1.10.3]
	at org.junit.platform.engine.support.hierarchical.Node.around(Node.java:137) ~[junit-platform-engine-1.10.3.jar:1.10.3]
	at org.junit.platform.engine.support.hierarchical.NodeTestTask.lambda$executeRecursively$9(NodeTestTask.java:139) ~[junit-platform-engine-1.10.3.jar:1.10.3]
	at org.junit.platform.engine.support.hierarchical.ThrowableCollector.execute(ThrowableCollector.java:73) ~[junit-platform-engine-1.10.3.jar:1.10.3]
	at org.junit.platform.engine.support.hierarchical.NodeTestTask.executeRecursively(NodeTestTask.java:138) ~[junit-platform-engine-1.10.3.jar:1.10.3]
	at org.junit.platform.engine.support.hierarchical.NodeTestTask.execute(NodeTestTask.java:95) ~[junit-platform-engine-1.10.3.jar:1.10.3]
	at java.base/java.util.ArrayList.forEach(ArrayList.java:1596) ~[?:?]
	at org.junit.platform.engine.support.hierarchical.SameThreadHierarchicalTestExecutorService.invokeAll(SameThreadHierarchicalTestExecutorService.java:41) ~[junit-platform-engine-1.10.3.jar:1.10.3]
	at org.junit.platform.engine.support.hierarchical.NodeTestTask.lambda$executeRecursively$6(NodeTestTask.java:155) ~[junit-platform-engine-1.10.3.jar:1.10.3]
	at org.junit.platform.engine.support.hierarchical.ThrowableCollector.execute(ThrowableCollector.java:73) ~[junit-platform-engine-1.10.3.jar:1.10.3]
	at org.junit.platform.engine.support.hierarchical.NodeTestTask.lambda$executeRecursively$8(NodeTestTask.java:141) ~[junit-platform-engine-1.10.3.jar:1.10.3]
	at org.junit.platform.engine.support.hierarchical.Node.around(Node.java:137) ~[junit-platform-engine-1.10.3.jar:1.10.3]
	at org.junit.platform.engine.support.hierarchical.NodeTestTask.lambda$executeRecursively$9(NodeTestTask.java:139) ~[junit-platform-engine-1.10.3.jar:1.10.3]
	at org.junit.platform.engine.support.hierarchical.ThrowableCollector.execute(ThrowableCollector.java:73) ~[junit-platform-engine-1.10.3.jar:1.10.3]
	at org.junit.platform.engine.support.hierarchical.NodeTestTask.executeRecursively(NodeTestTask.java:138) ~[junit-platform-engine-1.10.3.jar:1.10.3]
	at org.junit.platform.engine.support.hierarchical.NodeTestTask.execute(NodeTestTask.java:95) ~[junit-platform-engine-1.10.3.jar:1.10.3]
	at org.junit.platform.engine.support.hierarchical.SameThreadHierarchicalTestExecutorService.submit(SameThreadHierarchicalTestExecutorService.java:35) ~[junit-platform-engine-1.10.3.jar:1.10.3]
	at org.junit.platform.engine.support.hierarchical.HierarchicalTestExecutor.execute(HierarchicalTestExecutor.java:57) ~[junit-platform-engine-1.10.3.jar:1.10.3]
	at org.junit.platform.engine.support.hierarchical.HierarchicalTestEngine.execute(HierarchicalTestEngine.java:54) ~[junit-platform-engine-1.10.3.jar:1.10.3]
	at org.junit.platform.launcher.core.EngineExecutionOrchestrator.execute(EngineExecutionOrchestrator.java:198) ~[junit-platform-launcher-1.10.3.jar:1.10.3]
	at org.junit.platform.launcher.core.EngineExecutionOrchestrator.execute(EngineExecutionOrchestrator.java:169) ~[junit-platform-launcher-1.10.3.jar:1.10.3]
	at org.junit.platform.launcher.core.EngineExecutionOrchestrator.execute(EngineExecutionOrchestrator.java:93) ~[junit-platform-launcher-1.10.3.jar:1.10.3]
	at org.junit.platform.launcher.core.EngineExecutionOrchestrator.lambda$execute$0(EngineExecutionOrchestrator.java:58) ~[junit-platform-launcher-1.10.3.jar:1.10.3]
	at org.junit.platform.launcher.core.EngineExecutionOrchestrator.withInterceptedStreams(EngineExecutionOrchestrator.java:141) [junit-platform-launcher-1.10.3.jar:1.10.3]
	at org.junit.platform.launcher.core.EngineExecutionOrchestrator.execute(EngineExecutionOrchestrator.java:57) [junit-platform-launcher-1.10.3.jar:1.10.3]
	at org.junit.platform.launcher.core.DefaultLauncher.execute(DefaultLauncher.java:103) [junit-platform-launcher-1.10.3.jar:1.10.3]
	at org.junit.platform.launcher.core.DefaultLauncher.execute(DefaultLauncher.java:85) [junit-platform-launcher-1.10.3.jar:1.10.3]
	at org.junit.platform.launcher.core.DelegatingLauncher.execute(DelegatingLauncher.java:47) [junit-platform-launcher-1.10.3.jar:1.10.3]
	at org.gradle.api.internal.tasks.testing.junitplatform.JUnitPlatformTestDefinitionProcessor$CollectThenExecuteTestDefinitionConsumer.processAllTestClasses(JUnitPlatformTestDefinitionProcessor.java:172) [gradle-testing-jvm-infrastructure-9.3.1.jar:9.3.1]
	at org.gradle.api.internal.tasks.testing.junitplatform.JUnitPlatformTestDefinitionProcessor$CollectThenExecuteTestDefinitionConsumer.access$000(JUnitPlatformTestDefinitionProcessor.java:121) [gradle-testing-jvm-infrastructure-9.3.1.jar:9.3.1]
	at org.gradle.api.internal.tasks.testing.junitplatform.JUnitPlatformTestDefinitionProcessor.stop(JUnitPlatformTestDefinitionProcessor.java:114) [gradle-testing-jvm-infrastructure-9.3.1.jar:9.3.1]
	at org.gradle.api.internal.tasks.testing.SuiteTestDefinitionProcessor.stop(SuiteTestDefinitionProcessor.java:64) [gradle-testing-base-infrastructure-9.3.1.jar:9.3.1]
	at java.base/jdk.internal.reflect.DirectMethodHandleAccessor.invoke(DirectMethodHandleAccessor.java:103) ~[?:?]
	at java.base/java.lang.reflect.Method.invoke(Method.java:580) ~[?:?]
	at org.gradle.internal.dispatch.MethodInvocation.invokeOn(MethodInvocation.java:77) [gradle-messaging-9.3.1.jar:9.3.1]
	at org.gradle.internal.dispatch.ReflectionDispatch.dispatch(ReflectionDispatch.java:28) [gradle-messaging-9.3.1.jar:9.3.1]
	at org.gradle.internal.dispatch.ReflectionDispatch.dispatch(ReflectionDispatch.java:19) [gradle-messaging-9.3.1.jar:9.3.1]
	at org.gradle.internal.dispatch.ContextClassLoaderDispatch.dispatch(ContextClassLoaderDispatch.java:33) [gradle-messaging-9.3.1.jar:9.3.1]
	at org.gradle.internal.dispatch.ProxyDispatchAdapter$DispatchingInvocationHandler.invoke(ProxyDispatchAdapter.java:88) [gradle-messaging-9.3.1.jar:9.3.1]
	at jdk.proxy2/jdk.proxy2.$Proxy6.stop(Unknown Source) [?:?]
	at org.gradle.api.internal.tasks.testing.worker.TestWorker$3.run(TestWorker.java:195) [gradle-testing-base-infrastructure-9.3.1.jar:9.3.1]
	at org.gradle.api.internal.tasks.testing.worker.TestWorker.executeAndMaintainThreadName(TestWorker.java:126) [gradle-testing-base-infrastructure-9.3.1.jar:9.3.1]
	at org.gradle.api.internal.tasks.testing.worker.TestWorker.execute(TestWorker.java:103) [gradle-testing-base-infrastructure-9.3.1.jar:9.3.1]
	at org.gradle.api.internal.tasks.testing.worker.TestWorker.execute(TestWorker.java:63) [gradle-testing-base-infrastructure-9.3.1.jar:9.3.1]
	at org.gradle.process.internal.worker.child.ActionExecutionWorker.execute(ActionExecutionWorker.java:56) [gradle-worker-main-9.3.1.jar:9.3.1]
	at org.gradle.process.internal.worker.child.SystemApplicationClassLoaderWorker.call(SystemApplicationClassLoaderWorker.java:122) [gradle-worker-main-9.3.1.jar:9.3.1]
	at org.gradle.process.internal.worker.child.SystemApplicationClassLoaderWorker.call(SystemApplicationClassLoaderWorker.java:72) [gradle-worker-main-9.3.1.jar:9.3.1]
	at worker.org.gradle.process.internal.worker.GradleWorkerMain.run(GradleWorkerMain.java:69) [gradle-worker.jar:?]
	at worker.org.gradle.process.internal.worker.GradleWorkerMain.main(GradleWorkerMain.java:74) [gradle-worker.jar:?]
[06Aug2026 13:12:44.138] [Test worker/WARN] [net.minecraftforge.common.ForgeConfigSpec/CORE]: Configuration file SimpleCommentedConfig:{} is not correct. Correcting
[06Aug2026 13:12:44.139] [Test worker/WARN] [net.minecraftforge.common.ForgeConfigSpec/CORE]: Incorrect key Messages was corrected from null to its default, SimpleCommentedConfig:{}. 
[06Aug2026 13:12:44.139] [Test worker/WARN] [net.minecraftforge.common.ForgeConfigSpec/CORE]: Incorrect key Messages.localization was corrected from null to its default, en. 
[06Aug2026 13:12:44.139] [Test worker/WARN] [net.minecraftforge.common.ForgeConfigSpec/CORE]: Incorrect key Messages.display was corrected from null to its default, true. 
[06Aug2026 13:12:44.139] [Test worker/WARN] [net.minecraftforge.common.ForgeConfigSpec/CORE]: Incorrect key Messages.key was corrected from null to its default, . 
[06Aug2026 13:12:44.139] [Test worker/WARN] [net.minecraftforge.common.ForgeConfigSpec/CORE]: Incorrect key Messages.messages_change was corrected from null to its default, Skin change queued. 
[06Aug2026 13:12:44.139] [Test worker/WARN] [net.minecraftforge.common.ForgeConfigSpec/CORE]: Incorrect key Messages.messages_fulfilled was corrected from null to its default, Skin has been applied.. 
[06Aug2026 13:12:44.139] [Test worker/WARN] [net.minecraftforge.common.ForgeConfigSpec/CORE]: Incorrect key Messages.messages_timeout was corrected from null to its default, Skin fetch timed out.. 
[06Aug2026 13:12:44.139] [Test worker/WARN] [net.minecraftforge.common.ForgeConfigSpec/CORE]: Incorrect key Messages.messages_error was corrected from null to its default, Skin fetch failed.. 
[06Aug2026 13:12:44.139] [Test worker/WARN] [net.minecraftforge.common.ForgeConfigSpec/CORE]: Incorrect key Messages.messages_restored_from was corrected from null to its default, Skin restored from %s. 
[06Aug2026 13:12:44.139] [Test worker/WARN] [net.minecraftforge.common.ForgeConfigSpec/CORE]: Incorrect key Messages.messages_cleared_no_profile was corrected from null to its default, Skin cleared (no Mojang profile found). 
[06Aug2026 13:12:44.139] [Test worker/WARN] [net.minecraftforge.common.ForgeConfigSpec/CORE]: Incorrect key Messages.messages_no_source was corrected from null to its default, No source available. 
[06Aug2026 13:12:44.139] [Test worker/WARN] [net.minecraftforge.common.ForgeConfigSpec/CORE]: Incorrect key Messages.messages_player_only was corrected from null to its default, Player only command. 
[06Aug2026 13:12:44.139] [Test worker/WARN] [net.minecraftforge.common.ForgeConfigSpec/CORE]: Incorrect key Messages.messages_permission_denied was corrected from null to its default, Permission denied. 
[06Aug2026 13:12:44.139] [Test worker/WARN] [net.minecraftforge.common.ForgeConfigSpec/CORE]: Incorrect key Messages.messages_cooldown was corrected from null to its default, Please wait %ds before using /skin again. 
[06Aug2026 13:12:44.139] [Test worker/WARN] [net.minecraftforge.common.ForgeConfigSpec/CORE]: Incorrect key Messages.messages_rate_limited was corrected from null to its default, Too many /skin commands. Try again later.. 
[06Aug2026 13:12:44.139] [Test worker/WARN] [net.minecraftforge.common.ForgeConfigSpec/CORE]: Incorrect key Messages.messages_no_skin_found was corrected from null to its default, No skin found for "%s". 
[06Aug2026 13:12:44.139] [Test worker/WARN] [net.minecraftforge.common.ForgeConfigSpec/CORE]: Incorrect key Messages.messages_no_skin_found_plain was corrected from null to its default, No skin found. 
[06Aug2026 13:12:44.139] [Test worker/WARN] [net.minecraftforge.common.ForgeConfigSpec/CORE]: Incorrect key Messages.messages_mineskin_rejected was corrected from null to its default, MineSkin rejected the URL. 
[06Aug2026 13:12:44.139] [Test worker/WARN] [net.minecraftforge.common.ForgeConfigSpec/CORE]: Incorrect key Messages.messages_no_random_username was corrected from null to its default, No random username available. 
[06Aug2026 13:12:44.139] [Test worker/WARN] [net.minecraftforge.common.ForgeConfigSpec/CORE]: Incorrect key Messages.messages_provider_no_result was corrected from null to its default, Provider returned no result. 
[06Aug2026 13:12:44.139] [Test worker/WARN] [net.minecraftforge.common.ForgeConfigSpec/CORE]: Incorrect key Messages.messages_metrics_top_players was corrected from null to its default, Top players by refresh count:. 
[06Aug2026 13:12:44.139] [Test worker/WARN] [net.minecraftforge.common.ForgeConfigSpec/CORE]: Incorrect key Messages.messages_metrics_refreshes was corrected from null to its default,  refreshes. 
[06Aug2026 13:12:44.140] [Test worker/WARN] [net.minecraftforge.common.ForgeConfigSpec/CORE]: Incorrect key Messages.messages_metrics_no_refreshes was corrected from null to its default, (no refreshes recorded). 
[06Aug2026 13:12:44.140] [Test worker/WARN] [net.minecraftforge.common.ForgeConfigSpec/CORE]: Incorrect key Messages.messages_metrics_cleanup was corrected from null to its default, Metrics cleanup: pruned %d stale player entries. 
[06Aug2026 13:12:44.140] [Test worker/WARN] [net.minecraftforge.common.ForgeConfigSpec/CORE]: Incorrect key Messages.messages_metrics_reset was corrected from null to its default, Metrics reset. 
[06Aug2026 13:12:44.140] [Test worker/WARN] [net.minecraftforge.common.ForgeConfigSpec/CORE]: Incorrect key Messages.messages_discord_announce was corrected from null to its default, **%s** changed their skin to: `%s`. 
[06Aug2026 13:12:44.140] [Test worker/WARN] [net.minecraftforge.common.ForgeConfigSpec/CORE]: Incorrect key Integration was corrected from null to its default, SimpleCommentedConfig:{}. 
[06Aug2026 13:12:44.140] [Test worker/WARN] [net.minecraftforge.common.ForgeConfigSpec/CORE]: Incorrect key Integration.discordsrv_enabled was corrected from null to its default, false. 
[06Aug2026 13:12:44.140] [Test worker/WARN] [net.minecraftforge.common.ForgeConfigSpec/CORE]: Incorrect key Integration.discordsrv_channel_id was corrected from null to its default, . 
[06Aug2026 13:12:44.140] [Test worker/WARN] [net.minecraftforge.common.ForgeConfigSpec/CORE]: Incorrect key RateLimit was corrected from null to its default, SimpleCommentedConfig:{}. 
[06Aug2026 13:12:44.140] [Test worker/WARN] [net.minecraftforge.common.ForgeConfigSpec/CORE]: Incorrect key RateLimit.cooldown_seconds was corrected from null to its default, 3. 
[06Aug2026 13:12:44.140] [Test worker/WARN] [net.minecraftforge.common.ForgeConfigSpec/CORE]: Incorrect key RateLimit.rate_limit_enabled was corrected from null to its default, true. 
[06Aug2026 13:12:44.140] [Test worker/WARN] [net.minecraftforge.common.ForgeConfigSpec/CORE]: Incorrect key RateLimit.max_commands_per_minute was corrected from null to its default, 5. 
[06Aug2026 13:12:44.140] [Test worker/WARN] [net.minecraftforge.common.ForgeConfigSpec/CORE]: Incorrect key Broadcast was corrected from null to its default, SimpleCommentedConfig:{}. 
[06Aug2026 13:12:44.140] [Test worker/WARN] [net.minecraftforge.common.ForgeConfigSpec/CORE]: Incorrect key Broadcast.dimension_scoped_broadcast was corrected from null to its default, false. 
[06Aug2026 13:12:44.140] [Test worker/WARN] [net.minecraftforge.common.ForgeConfigSpec/CORE]: Incorrect key Broadcast.broadcast_use_bundle was corrected from null to its default, false. 
[06Aug2026 13:12:44.140] [Test worker/WARN] [net.minecraftforge.common.ForgeConfigSpec/CORE]: Incorrect key Broadcast.debounce_millis was corrected from null to its default, 100. 
[06Aug2026 13:12:44.140] [Test worker/WARN] [net.minecraftforge.common.ForgeConfigSpec/CORE]: Incorrect key Broadcast.refresh_via_entity_tracker was corrected from null to its default, true. 
[06Aug2026 13:12:44.140] [Test worker/WARN] [net.minecraftforge.common.ForgeConfigSpec/CORE]: Incorrect key Metrics was corrected from null to its default, SimpleCommentedConfig:{}. 
[06Aug2026 13:12:44.140] [Test worker/WARN] [net.minecraftforge.common.ForgeConfigSpec/CORE]: Incorrect key Metrics.metrics_enabled was corrected from null to its default, true. 
[06Aug2026 13:12:44.140] [Test worker/WARN] [net.minecraftforge.common.ForgeConfigSpec/CORE]: Incorrect key Metrics.metrics_dump_interval_seconds was corrected from null to its default, 60. 
[06Aug2026 13:12:44.140] [Test worker/WARN] [net.minecraftforge.common.ForgeConfigSpec/CORE]: Incorrect key Http was corrected from null to its default, SimpleCommentedConfig:{}. 
[06Aug2026 13:12:44.140] [Test worker/WARN] [net.minecraftforge.common.ForgeConfigSpec/CORE]: Incorrect key Http.http_client_version was corrected from null to its default, HTTP_2. 
[06Aug2026 13:12:44.140] [Test worker/WARN] [net.minecraftforge.common.ForgeConfigSpec/CORE]: Incorrect key Http.http_connect_timeout_seconds was corrected from null to its default, 5. 
[06Aug2026 13:12:44.140] [Test worker/WARN] [net.minecraftforge.common.ForgeConfigSpec/CORE]: Incorrect key MojangCache was corrected from null to its default, SimpleCommentedConfig:{}. 
[06Aug2026 13:12:44.140] [Test worker/WARN] [net.minecraftforge.common.ForgeConfigSpec/CORE]: Incorrect key MojangCache.mojang_profile_cache_enabled was corrected from null to its default, true. 
[06Aug2026 13:12:44.140] [Test worker/WARN] [net.minecraftforge.common.ForgeConfigSpec/CORE]: Incorrect key MojangCache.mojang_profile_cache_ttl_ms was corrected from null to its default, 3600000. 
[06Aug2026 13:12:44.140] [Test worker/WARN] [net.minecraftforge.common.ForgeConfigSpec/CORE]: Incorrect key MojangCache.mojang_profile_cache_max_size was corrected from null to its default, 1000. 
[06Aug2026 13:12:44.141] [Test worker/WARN] [net.minecraftforge.common.ForgeConfigSpec/CORE]: Incorrect key DefaultSkins was corrected from null to its default, SimpleCommentedConfig:{}. 
[06Aug2026 13:12:44.141] [Test worker/WARN] [net.minecraftforge.common.ForgeConfigSpec/CORE]: Incorrect key DefaultSkins.enabled was corrected from null to its default, false. 
[06Aug2026 13:12:44.141] [Test worker/WARN] [net.minecraftforge.common.ForgeConfigSpec/CORE]: Incorrect key DefaultSkins.applyForPremium was corrected from null to its default, false. 
[06Aug2026 13:12:44.141] [Test worker/WARN] [net.minecraftforge.common.ForgeConfigSpec/CORE]: Incorrect key DefaultSkins.list was corrected from null to its default, [Steve, <random>]. 
[06Aug2026 13:12:44.141] [Test worker/WARN] [net.minecraftforge.common.ForgeConfigSpec/CORE]: Incorrect key Security was corrected from null to its default, SimpleCommentedConfig:{}. 
[06Aug2026 13:12:44.141] [Test worker/WARN] [net.minecraftforge.common.ForgeConfigSpec/CORE]: Incorrect key Security.urlAllowlistEnabled was corrected from null to its default, false. 
[06Aug2026 13:12:44.141] [Test worker/WARN] [net.minecraftforge.common.ForgeConfigSpec/CORE]: Incorrect key Security.urlAllowlistDomains was corrected from null to its default, [imgur.com, storage.googleapis.com, cdn.discordapp.com, textures.minecraft.net, namemc.com, crafatar.com, mc-heads.net, githubusercontent.com, minecraftskins.com]. 
[06Aug2026 13:12:44.141] [Test worker/WARN] [net.minecraftforge.common.ForgeConfigSpec/CORE]: Incorrect key Permissions was corrected from null to its default, SimpleCommentedConfig:{}. 
[06Aug2026 13:12:44.141] [Test worker/WARN] [net.minecraftforge.common.ForgeConfigSpec/CORE]: Incorrect key Permissions.op_level was corrected from null to its default, SimpleCommentedConfig:{}. 
[06Aug2026 13:12:44.141] [Test worker/WARN] [net.minecraftforge.common.ForgeConfigSpec/CORE]: Incorrect key Permissions.op_level.mojang was corrected from null to its default, 0. 
[06Aug2026 13:12:44.141] [Test worker/WARN] [net.minecraftforge.common.ForgeConfigSpec/CORE]: Incorrect key Permissions.op_level.url was corrected from null to its default, 2. 
[06Aug2026 13:12:44.141] [Test worker/WARN] [net.minecraftforge.common.ForgeConfigSpec/CORE]: Incorrect key Permissions.op_level.clear was corrected from null to its default, 0. 
[06Aug2026 13:12:44.141] [Test worker/WARN] [net.minecraftforge.common.ForgeConfigSpec/CORE]: Incorrect key Permissions.op_level.random was corrected from null to its default, 0. 
[06Aug2026 13:12:44.141] [Test worker/WARN] [net.minecraftforge.common.ForgeConfigSpec/CORE]: Incorrect key Permissions.op_level.other was corrected from null to its default, 2. 
[06Aug2026 13:12:44.141] [Test worker/WARN] [net.minecraftforge.common.ForgeConfigSpec/CORE]: Incorrect key Permissions.op_level.metrics was corrected from null to its default, 2. 
[06Aug2026 13:12:44.142] [Test worker/WARN] [net.minecraftforge.common.ForgeConfigSpec/CORE]: Incorrect key Permissions.op_level.metrics_reset was corrected from null to its default, 2. 
[06Aug2026 13:12:44.144] [Test worker/INFO] [levosilimo.everlastingskins.EverlastingSkins/]: SKIN_REFRESH: profile=Target, property=[Property[name=textures, value=cGF5bG9hZA==, signature=c2lnbmF0dXJl]]
[06Aug2026 13:12:44.295] [Test worker/WARN] [net.minecraftforge.common.ForgeConfigSpec/CORE]: Configuration file SimpleCommentedConfig:{} is not correct. Correcting
[06Aug2026 13:12:44.295] [Test worker/WARN] [net.minecraftforge.common.ForgeConfigSpec/CORE]: Incorrect key Messages was corrected from null to its default, SimpleCommentedConfig:{}. 
[06Aug2026 13:12:44.295] [Test worker/WARN] [net.minecraftforge.common.ForgeConfigSpec/CORE]: Incorrect key Messages.localization was corrected from null to its default, en. 
[06Aug2026 13:12:44.295] [Test worker/WARN] [net.minecraftforge.common.ForgeConfigSpec/CORE]: Incorrect key Messages.display was corrected from null to its default, true. 
[06Aug2026 13:12:44.295] [Test worker/WARN] [net.minecraftforge.common.ForgeConfigSpec/CORE]: Incorrect key Messages.key was corrected from null to its default, . 
[06Aug2026 13:12:44.295] [Test worker/WARN] [net.minecraftforge.common.ForgeConfigSpec/CORE]: Incorrect key Messages.messages_change was corrected from null to its default, Skin change queued. 
[06Aug2026 13:12:44.296] [Test worker/WARN] [net.minecraftforge.common.ForgeConfigSpec/CORE]: Incorrect key Messages.messages_fulfilled was corrected from null to its default, Skin has been applied.. 
[06Aug2026 13:12:44.296] [Test worker/WARN] [net.minecraftforge.common.ForgeConfigSpec/CORE]: Incorrect key Messages.messages_timeout was corrected from null to its default, Skin fetch timed out.. 
[06Aug2026 13:12:44.296] [Test worker/WARN] [net.minecraftforge.common.ForgeConfigSpec/CORE]: Incorrect key Messages.messages_error was corrected from null to its default, Skin fetch failed.. 
[06Aug2026 13:12:44.296] [Test worker/WARN] [net.minecraftforge.common.ForgeConfigSpec/CORE]: Incorrect key Messages.messages_restored_from was corrected from null to its default, Skin restored from %s. 
[06Aug2026 13:12:44.296] [Test worker/WARN] [net.minecraftforge.common.ForgeConfigSpec/CORE]: Incorrect key Messages.messages_cleared_no_profile was corrected from null to its default, Skin cleared (no Mojang profile found). 
[06Aug2026 13:12:44.296] [Test worker/WARN] [net.minecraftforge.common.ForgeConfigSpec/CORE]: Incorrect key Messages.messages_no_source was corrected from null to its default, No source available. 
[06Aug2026 13:12:44.296] [Test worker/WARN] [net.minecraftforge.common.ForgeConfigSpec/CORE]: Incorrect key Messages.messages_player_only was corrected from null to its default, Player only command. 
[06Aug2026 13:12:44.296] [Test worker/WARN] [net.minecraftforge.common.ForgeConfigSpec/CORE]: Incorrect key Messages.messages_permission_denied was corrected from null to its default, Permission denied. 
[06Aug2026 13:12:44.296] [Test worker/WARN] [net.minecraftforge.common.ForgeConfigSpec/CORE]: Incorrect key Messages.messages_cooldown was corrected from null to its default, Please wait %ds before using /skin again. 
[06Aug2026 13:12:44.296] [Test worker/WARN] [net.minecraftforge.common.ForgeConfigSpec/CORE]: Incorrect key Messages.messages_rate_limited was corrected from null to its default, Too many /skin commands. Try again later.. 
[06Aug2026 13:12:44.296] [Test worker/WARN] [net.minecraftforge.common.ForgeConfigSpec/CORE]: Incorrect key Messages.messages_no_skin_found was corrected from null to its default, No skin found for "%s". 
[06Aug2026 13:12:44.296] [Test worker/WARN] [net.minecraftforge.common.ForgeConfigSpec/CORE]: Incorrect key Messages.messages_no_skin_found_plain was corrected from null to its default, No skin found. 
[06Aug2026 13:12:44.297] [Test worker/WARN] [net.minecraftforge.common.ForgeConfigSpec/CORE]: Incorrect key Messages.messages_mineskin_rejected was corrected from null to its default, MineSkin rejected the URL. 
[06Aug2026 13:12:44.297] [Test worker/WARN] [net.minecraftforge.common.ForgeConfigSpec/CORE]: Incorrect key Messages.messages_no_random_username was corrected from null to its default, No random username available. 
[06Aug2026 13:12:44.297] [Test worker/WARN] [net.minecraftforge.common.ForgeConfigSpec/CORE]: Incorrect key Messages.messages_provider_no_result was corrected from null to its default, Provider returned no result. 
[06Aug2026 13:12:44.297] [Test worker/WARN] [net.minecraftforge.common.ForgeConfigSpec/CORE]: Incorrect key Messages.messages_metrics_top_players was corrected from null to its default, Top players by refresh count:. 
[06Aug2026 13:12:44.297] [Test worker/WARN] [net.minecraftforge.common.ForgeConfigSpec/CORE]: Incorrect key Messages.messages_metrics_refreshes was corrected from null to its default,  refreshes. 
[06Aug2026 13:12:44.297] [Test worker/WARN] [net.minecraftforge.common.ForgeConfigSpec/CORE]: Incorrect key Messages.messages_metrics_no_refreshes was corrected from null to its default, (no refreshes recorded). 
[06Aug2026 13:12:44.297] [Test worker/WARN] [net.minecraftforge.common.ForgeConfigSpec/CORE]: Incorrect key Messages.messages_metrics_cleanup was corrected from null to its default, Metrics cleanup: pruned %d stale player entries. 
[06Aug2026 13:12:44.297] [Test worker/WARN] [net.minecraftforge.common.ForgeConfigSpec/CORE]: Incorrect key Messages.messages_metrics_reset was corrected from null to its default, Metrics reset. 
[06Aug2026 13:12:44.297] [Test worker/WARN] [net.minecraftforge.common.ForgeConfigSpec/CORE]: Incorrect key Messages.messages_discord_announce was corrected from null to its default, **%s** changed their skin to: `%s`. 
[06Aug2026 13:12:44.297] [Test worker/WARN] [net.minecraftforge.common.ForgeConfigSpec/CORE]: Incorrect key Integration was corrected from null to its default, SimpleCommentedConfig:{}. 
[06Aug2026 13:12:44.297] [Test worker/WARN] [net.minecraftforge.common.ForgeConfigSpec/CORE]: Incorrect key Integration.discordsrv_enabled was corrected from null to its default, false. 
[06Aug2026 13:12:44.297] [Test worker/WARN] [net.minecraftforge.common.ForgeConfigSpec/CORE]: Incorrect key Integration.discordsrv_channel_id was corrected from null to its default, . 
[06Aug2026 13:12:44.298] [Test worker/WARN] [net.minecraftforge.common.ForgeConfigSpec/CORE]: Incorrect key RateLimit was corrected from null to its default, SimpleCommentedConfig:{}. 
[06Aug2026 13:12:44.298] [Test worker/WARN] [net.minecraftforge.common.ForgeConfigSpec/CORE]: Incorrect key RateLimit.cooldown_seconds was corrected from null to its default, 3. 
[06Aug2026 13:12:44.298] [Test worker/WARN] [net.minecraftforge.common.ForgeConfigSpec/CORE]: Incorrect key RateLimit.rate_limit_enabled was corrected from null to its default, true. 
[06Aug2026 13:12:44.298] [Test worker/WARN] [net.minecraftforge.common.ForgeConfigSpec/CORE]: Incorrect key RateLimit.max_commands_per_minute was corrected from null to its default, 5. 
[06Aug2026 13:12:44.298] [Test worker/WARN] [net.minecraftforge.common.ForgeConfigSpec/CORE]: Incorrect key Broadcast was corrected from null to its default, SimpleCommentedConfig:{}. 
[06Aug2026 13:12:44.298] [Test worker/WARN] [net.minecraftforge.common.ForgeConfigSpec/CORE]: Incorrect key Broadcast.dimension_scoped_broadcast was corrected from null to its default, false. 
[06Aug2026 13:12:44.298] [Test worker/WARN] [net.minecraftforge.common.ForgeConfigSpec/CORE]: Incorrect key Broadcast.broadcast_use_bundle was corrected from null to its default, false. 
[06Aug2026 13:12:44.298] [Test worker/WARN] [net.minecraftforge.common.ForgeConfigSpec/CORE]: Incorrect key Broadcast.debounce_millis was corrected from null to its default, 100. 
[06Aug2026 13:12:44.298] [Test worker/WARN] [net.minecraftforge.common.ForgeConfigSpec/CORE]: Incorrect key Broadcast.refresh_via_entity_tracker was corrected from null to its default, true. 
[06Aug2026 13:12:44.298] [Test worker/WARN] [net.minecraftforge.common.ForgeConfigSpec/CORE]: Incorrect key Metrics was corrected from null to its default, SimpleCommentedConfig:{}. 
[06Aug2026 13:12:44.298] [Test worker/WARN] [net.minecraftforge.common.ForgeConfigSpec/CORE]: Incorrect key Metrics.metrics_enabled was corrected from null to its default, true. 
[06Aug2026 13:12:44.298] [Test worker/WARN] [net.minecraftforge.common.ForgeConfigSpec/CORE]: Incorrect key Metrics.metrics_dump_interval_seconds was corrected from null to its default, 60. 
[06Aug2026 13:12:44.298] [Test worker/WARN] [net.minecraftforge.common.ForgeConfigSpec/CORE]: Incorrect key Http was corrected from null to its default, SimpleCommentedConfig:{}. 
[06Aug2026 13:12:44.299] [Test worker/WARN] [net.minecraftforge.common.ForgeConfigSpec/CORE]: Incorrect key Http.http_client_version was corrected from null to its default, HTTP_2. 
[06Aug2026 13:12:44.299] [Test worker/WARN] [net.minecraftforge.common.ForgeConfigSpec/CORE]: Incorrect key Http.http_connect_timeout_seconds was corrected from null to its default, 5. 
[06Aug2026 13:12:44.299] [Test worker/WARN] [net.minecraftforge.common.ForgeConfigSpec/CORE]: Incorrect key MojangCache was corrected from null to its default, SimpleCommentedConfig:{}. 
[06Aug2026 13:12:44.299] [Test worker/WARN] [net.minecraftforge.common.ForgeConfigSpec/CORE]: Incorrect key MojangCache.mojang_profile_cache_enabled was corrected from null to its default, true. 
[06Aug2026 13:12:44.299] [Test worker/WARN] [net.minecraftforge.common.ForgeConfigSpec/CORE]: Incorrect key MojangCache.mojang_profile_cache_ttl_ms was corrected from null to its default, 3600000. 
[06Aug2026 13:12:44.299] [Test worker/WARN] [net.minecraftforge.common.ForgeConfigSpec/CORE]: Incorrect key MojangCache.mojang_profile_cache_max_size was corrected from null to its default, 1000. 
[06Aug2026 13:12:44.299] [Test worker/WARN] [net.minecraftforge.common.ForgeConfigSpec/CORE]: Incorrect key DefaultSkins was corrected from null to its default, SimpleCommentedConfig:{}. 
[06Aug2026 13:12:44.299] [Test worker/WARN] [net.minecraftforge.common.ForgeConfigSpec/CORE]: Incorrect key DefaultSkins.enabled was corrected from null to its default, false. 
[06Aug2026 13:12:44.299] [Test worker/WARN] [net.minecraftforge.common.ForgeConfigSpec/CORE]: Incorrect key DefaultSkins.applyForPremium was corrected from null to its default, false. 
[06Aug2026 13:12:44.299] [Test worker/WARN] [net.minecraftforge.common.ForgeConfigSpec/CORE]: Incorrect key DefaultSkins.list was corrected from null to its default, [Steve, <random>]. 
[06Aug2026 13:12:44.299] [Test worker/WARN] [net.minecraftforge.common.ForgeConfigSpec/CORE]: Incorrect key Security was corrected from null to its default, SimpleCommentedConfig:{}. 
[06Aug2026 13:12:44.299] [Test worker/WARN] [net.minecraftforge.common.ForgeConfigSpec/CORE]: Incorrect key Security.urlAllowlistEnabled was corrected from null to its default, false. 
[06Aug2026 13:12:44.299] [Test worker/WARN] [net.minecraftforge.common.ForgeConfigSpec/CORE]: Incorrect key Security.urlAllowlistDomains was corrected from null to its default, [imgur.com, storage.googleapis.com, cdn.discordapp.com, textures.minecraft.net, namemc.com, crafatar.com, mc-heads.net, githubusercontent.com, minecraftskins.com]. 
[06Aug2026 13:12:44.299] [Test worker/WARN] [net.minecraftforge.common.ForgeConfigSpec/CORE]: Incorrect key Permissions was corrected from null to its default, SimpleCommentedConfig:{}. 
[06Aug2026 13:12:44.299] [Test worker/WARN] [net.minecraftforge.common.ForgeConfigSpec/CORE]: Incorrect key Permissions.op_level was corrected from null to its default, SimpleCommentedConfig:{}. 
[06Aug2026 13:12:44.299] [Test worker/WARN] [net.minecraftforge.common.ForgeConfigSpec/CORE]: Incorrect key Permissions.op_level.mojang was corrected from null to its default, 0. 
[06Aug2026 13:12:44.299] [Test worker/WARN] [net.minecraftforge.common.ForgeConfigSpec/CORE]: Incorrect key Permissions.op_level.url was corrected from null to its default, 2. 
[06Aug2026 13:12:44.299] [Test worker/WARN] [net.minecraftforge.common.ForgeConfigSpec/CORE]: Incorrect key Permissions.op_level.clear was corrected from null to its default, 0. 
[06Aug2026 13:12:44.299] [Test worker/WARN] [net.minecraftforge.common.ForgeConfigSpec/CORE]: Incorrect key Permissions.op_level.random was corrected from null to its default, 0. 
[06Aug2026 13:12:44.299] [Test worker/WARN] [net.minecraftforge.common.ForgeConfigSpec/CORE]: Incorrect key Permissions.op_level.other was corrected from null to its default, 2. 
[06Aug2026 13:12:44.299] [Test worker/WARN] [net.minecraftforge.common.ForgeConfigSpec/CORE]: Incorrect key Permissions.op_level.metrics was corrected from null to its default, 2. 
[06Aug2026 13:12:44.299] [Test worker/WARN] [net.minecraftforge.common.ForgeConfigSpec/CORE]: Incorrect key Permissions.op_level.metrics_reset was corrected from null to its default, 2. 
[06Aug2026 13:12:44.479] [Test worker/INFO] [levosilimo.everlastingskins.forge21.permission.LuckPermsPermissionService/]: LuckPerms detected! Enabling detailed permission support.
[06Aug2026 13:12:44.482] [Test worker/INFO] [levosilimo.everlastingskins.forge21.permission.LuckPermsPermissionService/]: LuckPerms detected! Enabling detailed permission support.
[06Aug2026 13:12:44.487] [Test worker/INFO] [levosilimo.everlastingskins.forge21.permission.LuckPermsPermissionService/]: LuckPerms detected! Enabling detailed permission support.
[06Aug2026 13:12:44.491] [Test worker/INFO] [levosilimo.everlastingskins.forge21.permission.LuckPermsPermissionService/]: LuckPerms detected! Enabling detailed permission support.
[06Aug2026 13:12:44.493] [Test worker/INFO] [levosilimo.everlastingskins.forge21.permission.LuckPermsPermissionService/]: LuckPerms detected! Enabling detailed permission support.
[06Aug2026 13:12:44.496] [Test worker/INFO] [levosilimo.everlastingskins.forge21.permission.LuckPermsPermissionService/]: LuckPerms detected! Enabling detailed permission support.
[06Aug2026 13:12:44.498] [Test worker/INFO] [levosilimo.everlastingskins.forge21.permission.LuckPermsPermissionService/]: LuckPerms detected! Enabling detailed permission support.
[06Aug2026 13:12:44.499] [Test worker/WARN] [levosilimo.everlastingskins.forge21.permission.LuckPermsPermissionService/]: LP user d5b712f0-9ab5-4ce0-9d71-271419b42f44 returned null from getUser, falling back to vanilla per-node levels
[06Aug2026 13:12:44.499] [Test worker/WARN] [levosilimo.everlastingskins.forge21.permission.LuckPermsPermissionService/]: LP user d5b712f0-9ab5-4ce0-9d71-271419b42f44 returned null from getUser, falling back to vanilla per-node levels
[06Aug2026 13:12:44.501] [Test worker/INFO] [levosilimo.everlastingskins.forge21.permission.LuckPermsPermissionService/]: LuckPerms detected! Enabling detailed permission support.
[06Aug2026 13:12:44.503] [Test worker/INFO] [levosilimo.everlastingskins.forge21.permission.LuckPermsPermissionService/]: LuckPerms detected! Enabling detailed permission support.
[06Aug2026 13:12:44.507] [Test worker/INFO] [levosilimo.everlastingskins.forge21.permission.LuckPermsPermissionService/]: LuckPerms detected! Enabling detailed permission support.
[06Aug2026 13:12:44.510] [Test worker/WARN] [net.minecraftforge.common.ForgeConfigSpec/CORE]: Configuration file SimpleCommentedConfig:{} is not correct. Correcting
[06Aug2026 13:12:44.511] [Test worker/WARN] [net.minecraftforge.common.ForgeConfigSpec/CORE]: Incorrect key Messages was corrected from null to its default, SimpleCommentedConfig:{}. 
[06Aug2026 13:12:44.511] [Test worker/WARN] [net.minecraftforge.common.ForgeConfigSpec/CORE]: Incorrect key Messages.localization was corrected from null to its default, en. 
[06Aug2026 13:12:44.511] [Test worker/WARN] [net.minecraftforge.common.ForgeConfigSpec/CORE]: Incorrect key Messages.display was corrected from null to its default, true. 
[06Aug2026 13:12:44.511] [Test worker/WARN] [net.minecraftforge.common.ForgeConfigSpec/CORE]: Incorrect key Messages.key was corrected from null to its default, . 
[06Aug2026 13:12:44.511] [Test worker/WARN] [net.minecraftforge.common.ForgeConfigSpec/CORE]: Incorrect key Messages.messages_change was corrected from null to its default, Skin change queued. 
[06Aug2026 13:12:44.511] [Test worker/WARN] [net.minecraftforge.common.ForgeConfigSpec/CORE]: Incorrect key Messages.messages_fulfilled was corrected from null to its default, Skin has been applied.. 
[06Aug2026 13:12:44.511] [Test worker/WARN] [net.minecraftforge.common.ForgeConfigSpec/CORE]: Incorrect key Messages.messages_timeout was corrected from null to its default, Skin fetch timed out.. 
[06Aug2026 13:12:44.511] [Test worker/WARN] [net.minecraftforge.common.ForgeConfigSpec/CORE]: Incorrect key Messages.messages_error was corrected from null to its default, Skin fetch failed.. 
[06Aug2026 13:12:44.511] [Test worker/WARN] [net.minecraftforge.common.ForgeConfigSpec/CORE]: Incorrect key Messages.messages_restored_from was corrected from null to its default, Skin restored from %s. 
[06Aug2026 13:12:44.511] [Test worker/WARN] [net.minecraftforge.common.ForgeConfigSpec/CORE]: Incorrect key Messages.messages_cleared_no_profile was corrected from null to its default, Skin cleared (no Mojang profile found). 
[06Aug2026 13:12:44.512] [Test worker/WARN] [net.minecraftforge.common.ForgeConfigSpec/CORE]: Incorrect key Messages.messages_no_source was corrected from null to its default, No source available. 
[06Aug2026 13:12:44.512] [Test worker/WARN] [net.minecraftforge.common.ForgeConfigSpec/CORE]: Incorrect key Messages.messages_player_only was corrected from null to its default, Player only command. 
[06Aug2026 13:12:44.512] [Test worker/WARN] [net.minecraftforge.common.ForgeConfigSpec/CORE]: Incorrect key Messages.messages_permission_denied was corrected from null to its default, Permission denied. 
[06Aug2026 13:12:44.512] [Test worker/WARN] [net.minecraftforge.common.ForgeConfigSpec/CORE]: Incorrect key Messages.messages_cooldown was corrected from null to its default, Please wait %ds before using /skin again. 
[06Aug2026 13:12:44.512] [Test worker/WARN] [net.minecraftforge.common.ForgeConfigSpec/CORE]: Incorrect key Messages.messages_rate_limited was corrected from null to its default, Too many /skin commands. Try again later.. 
[06Aug2026 13:12:44.512] [Test worker/WARN] [net.minecraftforge.common.ForgeConfigSpec/CORE]: Incorrect key Messages.messages_no_skin_found was corrected from null to its default, No skin found for "%s". 
[06Aug2026 13:12:44.512] [Test worker/WARN] [net.minecraftforge.common.ForgeConfigSpec/CORE]: Incorrect key Messages.messages_no_skin_found_plain was corrected from null to its default, No skin found. 
[06Aug2026 13:12:44.512] [Test worker/WARN] [net.minecraftforge.common.ForgeConfigSpec/CORE]: Incorrect key Messages.messages_mineskin_rejected was corrected from null to its default, MineSkin rejected the URL. 
[06Aug2026 13:12:44.512] [Test worker/WARN] [net.minecraftforge.common.ForgeConfigSpec/CORE]: Incorrect key Messages.messages_no_random_username was corrected from null to its default, No random username available. 
[06Aug2026 13:12:44.512] [Test worker/WARN] [net.minecraftforge.common.ForgeConfigSpec/CORE]: Incorrect key Messages.messages_provider_no_result was corrected from null to its default, Provider returned no result. 
[06Aug2026 13:12:44.512] [Test worker/WARN] [net.minecraftforge.common.ForgeConfigSpec/CORE]: Incorrect key Messages.messages_metrics_top_players was corrected from null to its default, Top players by refresh count:. 
[06Aug2026 13:12:44.512] [Test worker/WARN] [net.minecraftforge.common.ForgeConfigSpec/CORE]: Incorrect key Messages.messages_metrics_refreshes was corrected from null to its default,  refreshes. 
[06Aug2026 13:12:44.512] [Test worker/WARN] [net.minecraftforge.common.ForgeConfigSpec/CORE]: Incorrect key Messages.messages_metrics_no_refreshes was corrected from null to its default, (no refreshes recorded). 
[06Aug2026 13:12:44.512] [Test worker/WARN] [net.minecraftforge.common.ForgeConfigSpec/CORE]: Incorrect key Messages.messages_metrics_cleanup was corrected from null to its default, Metrics cleanup: pruned %d stale player entries. 
[06Aug2026 13:12:44.512] [Test worker/WARN] [net.minecraftforge.common.ForgeConfigSpec/CORE]: Incorrect key Messages.messages_metrics_reset was corrected from null to its default, Metrics reset. 
[06Aug2026 13:12:44.512] [Test worker/WARN] [net.minecraftforge.common.ForgeConfigSpec/CORE]: Incorrect key Messages.messages_discord_announce was corrected from null to its default, **%s** changed their skin to: `%s`. 
[06Aug2026 13:12:44.512] [Test worker/WARN] [net.minecraftforge.common.ForgeConfigSpec/CORE]: Incorrect key Integration was corrected from null to its default, SimpleCommentedConfig:{}. 
[06Aug2026 13:12:44.512] [Test worker/WARN] [net.minecraftforge.common.ForgeConfigSpec/CORE]: Incorrect key Integration.discordsrv_enabled was corrected from null to its default, false. 
[06Aug2026 13:12:44.512] [Test worker/WARN] [net.minecraftforge.common.ForgeConfigSpec/CORE]: Incorrect key Integration.discordsrv_channel_id was corrected from null to its default, . 
[06Aug2026 13:12:44.512] [Test worker/WARN] [net.minecraftforge.common.ForgeConfigSpec/CORE]: Incorrect key RateLimit was corrected from null to its default, SimpleCommentedConfig:{}. 
[06Aug2026 13:12:44.512] [Test worker/WARN] [net.minecraftforge.common.ForgeConfigSpec/CORE]: Incorrect key RateLimit.cooldown_seconds was corrected from null to its default, 3. 
[06Aug2026 13:12:44.512] [Test worker/WARN] [net.minecraftforge.common.ForgeConfigSpec/CORE]: Incorrect key RateLimit.rate_limit_enabled was corrected from null to its default, true. 
[06Aug2026 13:12:44.512] [Test worker/WARN] [net.minecraftforge.common.ForgeConfigSpec/CORE]: Incorrect key RateLimit.max_commands_per_minute was corrected from null to its default, 5. 
[06Aug2026 13:12:44.513] [Test worker/WARN] [net.minecraftforge.common.ForgeConfigSpec/CORE]: Incorrect key Broadcast was corrected from null to its default, SimpleCommentedConfig:{}. 
[06Aug2026 13:12:44.513] [Test worker/WARN] [net.minecraftforge.common.ForgeConfigSpec/CORE]: Incorrect key Broadcast.dimension_scoped_broadcast was corrected from null to its default, false. 
[06Aug2026 13:12:44.513] [Test worker/WARN] [net.minecraftforge.common.ForgeConfigSpec/CORE]: Incorrect key Broadcast.broadcast_use_bundle was corrected from null to its default, false. 
[06Aug2026 13:12:44.513] [Test worker/WARN] [net.minecraftforge.common.ForgeConfigSpec/CORE]: Incorrect key Broadcast.debounce_millis was corrected from null to its default, 100. 
[06Aug2026 13:12:44.513] [Test worker/WARN] [net.minecraftforge.common.ForgeConfigSpec/CORE]: Incorrect key Broadcast.refresh_via_entity_tracker was corrected from null to its default, true. 
[06Aug2026 13:12:44.513] [Test worker/WARN] [net.minecraftforge.common.ForgeConfigSpec/CORE]: Incorrect key Metrics was corrected from null to its default, SimpleCommentedConfig:{}. 
[06Aug2026 13:12:44.513] [Test worker/WARN] [net.minecraftforge.common.ForgeConfigSpec/CORE]: Incorrect key Metrics.metrics_enabled was corrected from null to its default, true. 
[06Aug2026 13:12:44.513] [Test worker/WARN] [net.minecraftforge.common.ForgeConfigSpec/CORE]: Incorrect key Metrics.metrics_dump_interval_seconds was corrected from null to its default, 60. 
[06Aug2026 13:12:44.513] [Test worker/WARN] [net.minecraftforge.common.ForgeConfigSpec/CORE]: Incorrect key Http was corrected from null to its default, SimpleCommentedConfig:{}. 
[06Aug2026 13:12:44.513] [Test worker/WARN] [net.minecraftforge.common.ForgeConfigSpec/CORE]: Incorrect key Http.http_client_version was corrected from null to its default, HTTP_2. 
[06Aug2026 13:12:44.513] [Test worker/WARN] [net.minecraftforge.common.ForgeConfigSpec/CORE]: Incorrect key Http.http_connect_timeout_seconds was corrected from null to its default, 5. 
[06Aug2026 13:12:44.513] [Test worker/WARN] [net.minecraftforge.common.ForgeConfigSpec/CORE]: Incorrect key MojangCache was corrected from null to its default, SimpleCommentedConfig:{}. 
[06Aug2026 13:12:44.513] [Test worker/WARN] [net.minecraftforge.common.ForgeConfigSpec/CORE]: Incorrect key MojangCache.mojang_profile_cache_enabled was corrected from null to its default, true. 
[06Aug2026 13:12:44.513] [Test worker/WARN] [net.minecraftforge.common.ForgeConfigSpec/CORE]: Incorrect key MojangCache.mojang_profile_cache_ttl_ms was corrected from null to its default, 3600000. 
[06Aug2026 13:12:44.513] [Test worker/WARN] [net.minecraftforge.common.ForgeConfigSpec/CORE]: Incorrect key MojangCache.mojang_profile_cache_max_size was corrected from null to its default, 1000. 
[06Aug2026 13:12:44.513] [Test worker/WARN] [net.minecraftforge.common.ForgeConfigSpec/CORE]: Incorrect key DefaultSkins was corrected from null to its default, SimpleCommentedConfig:{}. 
[06Aug2026 13:12:44.513] [Test worker/WARN] [net.minecraftforge.common.ForgeConfigSpec/CORE]: Incorrect key DefaultSkins.enabled was corrected from null to its default, false. 
[06Aug2026 13:12:44.513] [Test worker/WARN] [net.minecraftforge.common.ForgeConfigSpec/CORE]: Incorrect key DefaultSkins.applyForPremium was corrected from null to its default, false. 
[06Aug2026 13:12:44.513] [Test worker/WARN] [net.minecraftforge.common.ForgeConfigSpec/CORE]: Incorrect key DefaultSkins.list was corrected from null to its default, [Steve, <random>]. 
[06Aug2026 13:12:44.513] [Test worker/WARN] [net.minecraftforge.common.ForgeConfigSpec/CORE]: Incorrect key Security was corrected from null to its default, SimpleCommentedConfig:{}. 
[06Aug2026 13:12:44.513] [Test worker/WARN] [net.minecraftforge.common.ForgeConfigSpec/CORE]: Incorrect key Security.urlAllowlistEnabled was corrected from null to its default, false. 
[06Aug2026 13:12:44.513] [Test worker/WARN] [net.minecraftforge.common.ForgeConfigSpec/CORE]: Incorrect key Security.urlAllowlistDomains was corrected from null to its default, [imgur.com, storage.googleapis.com, cdn.discordapp.com, textures.minecraft.net, namemc.com, crafatar.com, mc-heads.net, githubusercontent.com, minecraftskins.com]. 
[06Aug2026 13:12:44.513] [Test worker/WARN] [net.minecraftforge.common.ForgeConfigSpec/CORE]: Incorrect key Permissions was corrected from null to its default, SimpleCommentedConfig:{}. 
[06Aug2026 13:12:44.514] [Test worker/WARN] [net.minecraftforge.common.ForgeConfigSpec/CORE]: Incorrect key Permissions.op_level was corrected from null to its default, SimpleCommentedConfig:{}. 
[06Aug2026 13:12:44.514] [Test worker/WARN] [net.minecraftforge.common.ForgeConfigSpec/CORE]: Incorrect key Permissions.op_level.mojang was corrected from null to its default, 0. 
[06Aug2026 13:12:44.514] [Test worker/WARN] [net.minecraftforge.common.ForgeConfigSpec/CORE]: Incorrect key Permissions.op_level.url was corrected from null to its default, 2. 
[06Aug2026 13:12:44.514] [Test worker/WARN] [net.minecraftforge.common.ForgeConfigSpec/CORE]: Incorrect key Permissions.op_level.clear was corrected from null to its default, 0. 
[06Aug2026 13:12:44.514] [Test worker/WARN] [net.minecraftforge.common.ForgeConfigSpec/CORE]: Incorrect key Permissions.op_level.random was corrected from null to its default, 0. 
[06Aug2026 13:12:44.514] [Test worker/WARN] [net.minecraftforge.common.ForgeConfigSpec/CORE]: Incorrect key Permissions.op_level.other was corrected from null to its default, 2. 
[06Aug2026 13:12:44.514] [Test worker/WARN] [net.minecraftforge.common.ForgeConfigSpec/CORE]: Incorrect key Permissions.op_level.metrics was corrected from null to its default, 2. 
[06Aug2026 13:12:44.514] [Test worker/WARN] [net.minecraftforge.common.ForgeConfigSpec/CORE]: Incorrect key Permissions.op_level.metrics_reset was corrected from null to its default, 2. 
[06Aug2026 13:12:44.515] [Test worker/INFO] [levosilimo.everlastingskins.permission.PermissionServiceManager/]: Permission backend active: Vanilla (per-command op levels)
[06Aug2026 13:12:44.519] [Test worker/INFO] [levosilimo.everlastingskins.permission.PermissionServiceManager/]: Permission backend active: Vanilla (per-command op levels)
[06Aug2026 13:12:44.555] [Test worker/INFO] [levosilimo.everlastingskins.permission.PermissionServiceManager/]: Permission backend active: MockSvc
[06Aug2026 13:12:44.556] [Test worker/INFO] [levosilimo.everlastingskins.permission.PermissionServiceManager/]: Permission backend active: Vanilla (per-command op levels)
[06Aug2026 13:12:44.557] [Test worker/INFO] [levosilimo.everlastingskins.permission.PermissionServiceManager/]: Permission backend active: MockSvc
[06Aug2026 13:12:44.558] [Test worker/INFO] [levosilimo.everlastingskins.permission.PermissionServiceManager/]: Permission backend active: Vanilla (per-command op levels)
[06Aug2026 13:12:44.559] [Test worker/INFO] [levosilimo.everlastingskins.permission.PermissionServiceManager/]: Permission backend active: Vanilla (per-command op levels)
[06Aug2026 13:12:44.560] [Test worker/INFO] [levosilimo.everlastingskins.permission.PermissionServiceManager/]: Permission backend active: Vanilla (per-command op levels)
[06Aug2026 13:12:44.563] [Test worker/INFO] [levosilimo.everlastingskins.permission.PermissionServiceManager/]: Permission backend active: high
[06Aug2026 13:12:44.566] [Test worker/INFO] [levosilimo.everlastingskins.permission.PermissionServiceManager/]: Permission backend active: prio10
[06Aug2026 13:12:44.567] [Test worker/INFO] [levosilimo.everlastingskins.permission.PermissionServiceManager/]: Permission backend active: svc10
[06Aug2026 13:12:44.568] [Test worker/INFO] [levosilimo.everlastingskins.permission.PermissionServiceManager/]: Permission backend active: svc20
[06Aug2026 13:12:44.569] [Test worker/INFO] [levosilimo.everlastingskins.permission.PermissionServiceManager/]: Permission backend active: Vanilla (per-command op levels)
[06Aug2026 13:12:44.570] [Test worker/INFO] [levosilimo.everlastingskins.permission.PermissionServiceManager/]: Permission backend active: Forge
[06Aug2026 13:12:44.572] [Test worker/WARN] [net.minecraftforge.common.ForgeConfigSpec/CORE]: Configuration file SimpleCommentedConfig:{} is not correct. Correcting
[06Aug2026 13:12:44.572] [Test worker/WARN] [net.minecraftforge.common.ForgeConfigSpec/CORE]: Incorrect key Messages was corrected from null to its default, SimpleCommentedConfig:{}. 
[06Aug2026 13:12:44.572] [Test worker/WARN] [net.minecraftforge.common.ForgeConfigSpec/CORE]: Incorrect key Messages.localization was corrected from null to its default, en. 
[06Aug2026 13:12:44.572] [Test worker/WARN] [net.minecraftforge.common.ForgeConfigSpec/CORE]: Incorrect key Messages.display was corrected from null to its default, true. 
[06Aug2026 13:12:44.572] [Test worker/WARN] [net.minecraftforge.common.ForgeConfigSpec/CORE]: Incorrect key Messages.key was corrected from null to its default, . 
[06Aug2026 13:12:44.572] [Test worker/WARN] [net.minecraftforge.common.ForgeConfigSpec/CORE]: Incorrect key Messages.messages_change was corrected from null to its default, Skin change queued. 
[06Aug2026 13:12:44.572] [Test worker/WARN] [net.minecraftforge.common.ForgeConfigSpec/CORE]: Incorrect key Messages.messages_fulfilled was corrected from null to its default, Skin has been applied.. 
[06Aug2026 13:12:44.572] [Test worker/WARN] [net.minecraftforge.common.ForgeConfigSpec/CORE]: Incorrect key Messages.messages_timeout was corrected from null to its default, Skin fetch timed out.. 
[06Aug2026 13:12:44.572] [Test worker/WARN] [net.minecraftforge.common.ForgeConfigSpec/CORE]: Incorrect key Messages.messages_error was corrected from null to its default, Skin fetch failed.. 
[06Aug2026 13:12:44.572] [Test worker/WARN] [net.minecraftforge.common.ForgeConfigSpec/CORE]: Incorrect key Messages.messages_restored_from was corrected from null to its default, Skin restored from %s. 
[06Aug2026 13:12:44.572] [Test worker/WARN] [net.minecraftforge.common.ForgeConfigSpec/CORE]: Incorrect key Messages.messages_cleared_no_profile was corrected from null to its default, Skin cleared (no Mojang profile found). 
[06Aug2026 13:12:44.572] [Test worker/WARN] [net.minecraftforge.common.ForgeConfigSpec/CORE]: Incorrect key Messages.messages_no_source was corrected from null to its default, No source available. 
[06Aug2026 13:12:44.572] [Test worker/WARN] [net.minecraftforge.common.ForgeConfigSpec/CORE]: Incorrect key Messages.messages_player_only was corrected from null to its default, Player only command. 
[06Aug2026 13:12:44.573] [Test worker/WARN] [net.minecraftforge.common.ForgeConfigSpec/CORE]: Incorrect key Messages.messages_permission_denied was corrected from null to its default, Permission denied. 
[06Aug2026 13:12:44.573] [Test worker/WARN] [net.minecraftforge.common.ForgeConfigSpec/CORE]: Incorrect key Messages.messages_cooldown was corrected from null to its default, Please wait %ds before using /skin again. 
[06Aug2026 13:12:44.573] [Test worker/WARN] [net.minecraftforge.common.ForgeConfigSpec/CORE]: Incorrect key Messages.messages_rate_limited was corrected from null to its default, Too many /skin commands. Try again later.. 
[06Aug2026 13:12:44.573] [Test worker/WARN] [net.minecraftforge.common.ForgeConfigSpec/CORE]: Incorrect key Messages.messages_no_skin_found was corrected from null to its default, No skin found for "%s". 
[06Aug2026 13:12:44.573] [Test worker/WARN] [net.minecraftforge.common.ForgeConfigSpec/CORE]: Incorrect key Messages.messages_no_skin_found_plain was corrected from null to its default, No skin found. 
[06Aug2026 13:12:44.573] [Test worker/WARN] [net.minecraftforge.common.ForgeConfigSpec/CORE]: Incorrect key Messages.messages_mineskin_rejected was corrected from null to its default, MineSkin rejected the URL. 
[06Aug2026 13:12:44.573] [Test worker/WARN] [net.minecraftforge.common.ForgeConfigSpec/CORE]: Incorrect key Messages.messages_no_random_username was corrected from null to its default, No random username available. 
[06Aug2026 13:12:44.573] [Test worker/WARN] [net.minecraftforge.common.ForgeConfigSpec/CORE]: Incorrect key Messages.messages_provider_no_result was corrected from null to its default, Provider returned no result. 
[06Aug2026 13:12:44.573] [Test worker/WARN] [net.minecraftforge.common.ForgeConfigSpec/CORE]: Incorrect key Messages.messages_metrics_top_players was corrected from null to its default, Top players by refresh count:. 
[06Aug2026 13:12:44.573] [Test worker/WARN] [net.minecraftforge.common.ForgeConfigSpec/CORE]: Incorrect key Messages.messages_metrics_refreshes was corrected from null to its default,  refreshes. 
[06Aug2026 13:12:44.573] [Test worker/WARN] [net.minecraftforge.common.ForgeConfigSpec/CORE]: Incorrect key Messages.messages_metrics_no_refreshes was corrected from null to its default, (no refreshes recorded). 
[06Aug2026 13:12:44.573] [Test worker/WARN] [net.minecraftforge.common.ForgeConfigSpec/CORE]: Incorrect key Messages.messages_metrics_cleanup was corrected from null to its default, Metrics cleanup: pruned %d stale player entries. 
[06Aug2026 13:12:44.573] [Test worker/WARN] [net.minecraftforge.common.ForgeConfigSpec/CORE]: Incorrect key Messages.messages_metrics_reset was corrected from null to its default, Metrics reset. 
[06Aug2026 13:12:44.573] [Test worker/WARN] [net.minecraftforge.common.ForgeConfigSpec/CORE]: Incorrect key Messages.messages_discord_announce was corrected from null to its default, **%s** changed their skin to: `%s`. 
[06Aug2026 13:12:44.573] [Test worker/WARN] [net.minecraftforge.common.ForgeConfigSpec/CORE]: Incorrect key Integration was corrected from null to its default, SimpleCommentedConfig:{}. 
[06Aug2026 13:12:44.573] [Test worker/WARN] [net.minecraftforge.common.ForgeConfigSpec/CORE]: Incorrect key Integration.discordsrv_enabled was corrected from null to its default, false. 
[06Aug2026 13:12:44.573] [Test worker/WARN] [net.minecraftforge.common.ForgeConfigSpec/CORE]: Incorrect key Integration.discordsrv_channel_id was corrected from null to its default, . 
[06Aug2026 13:12:44.573] [Test worker/WARN] [net.minecraftforge.common.ForgeConfigSpec/CORE]: Incorrect key RateLimit was corrected from null to its default, SimpleCommentedConfig:{}. 
[06Aug2026 13:12:44.573] [Test worker/WARN] [net.minecraftforge.common.ForgeConfigSpec/CORE]: Incorrect key RateLimit.cooldown_seconds was corrected from null to its default, 3. 
[06Aug2026 13:12:44.573] [Test worker/WARN] [net.minecraftforge.common.ForgeConfigSpec/CORE]: Incorrect key RateLimit.rate_limit_enabled was corrected from null to its default, true. 
[06Aug2026 13:12:44.573] [Test worker/WARN] [net.minecraftforge.common.ForgeConfigSpec/CORE]: Incorrect key RateLimit.max_commands_per_minute was corrected from null to its default, 5. 
[06Aug2026 13:12:44.573] [Test worker/WARN] [net.minecraftforge.common.ForgeConfigSpec/CORE]: Incorrect key Broadcast was corrected from null to its default, SimpleCommentedConfig:{}. 
[06Aug2026 13:12:44.573] [Test worker/WARN] [net.minecraftforge.common.ForgeConfigSpec/CORE]: Incorrect key Broadcast.dimension_scoped_broadcast was corrected from null to its default, false. 
[06Aug2026 13:12:44.573] [Test worker/WARN] [net.minecraftforge.common.ForgeConfigSpec/CORE]: Incorrect key Broadcast.broadcast_use_bundle was corrected from null to its default, false. 
[06Aug2026 13:12:44.573] [Test worker/WARN] [net.minecraftforge.common.ForgeConfigSpec/CORE]: Incorrect key Broadcast.debounce_millis was corrected from null to its default, 100. 
[06Aug2026 13:12:44.573] [Test worker/WARN] [net.minecraftforge.common.ForgeConfigSpec/CORE]: Incorrect key Broadcast.refresh_via_entity_tracker was corrected from null to its default, true. 
[06Aug2026 13:12:44.573] [Test worker/WARN] [net.minecraftforge.common.ForgeConfigSpec/CORE]: Incorrect key Metrics was corrected from null to its default, SimpleCommentedConfig:{}. 
[06Aug2026 13:12:44.574] [Test worker/WARN] [net.minecraftforge.common.ForgeConfigSpec/CORE]: Incorrect key Metrics.metrics_enabled was corrected from null to its default, true. 
[06Aug2026 13:12:44.574] [Test worker/WARN] [net.minecraftforge.common.ForgeConfigSpec/CORE]: Incorrect key Metrics.metrics_dump_interval_seconds was corrected from null to its default, 60. 
[06Aug2026 13:12:44.574] [Test worker/WARN] [net.minecraftforge.common.ForgeConfigSpec/CORE]: Incorrect key Http was corrected from null to its default, SimpleCommentedConfig:{}. 
[06Aug2026 13:12:44.574] [Test worker/WARN] [net.minecraftforge.common.ForgeConfigSpec/CORE]: Incorrect key Http.http_client_version was corrected from null to its default, HTTP_2. 
[06Aug2026 13:12:44.574] [Test worker/WARN] [net.minecraftforge.common.ForgeConfigSpec/CORE]: Incorrect key Http.http_connect_timeout_seconds was corrected from null to its default, 5. 
[06Aug2026 13:12:44.574] [Test worker/WARN] [net.minecraftforge.common.ForgeConfigSpec/CORE]: Incorrect key MojangCache was corrected from null to its default, SimpleCommentedConfig:{}. 
[06Aug2026 13:12:44.574] [Test worker/WARN] [net.minecraftforge.common.ForgeConfigSpec/CORE]: Incorrect key MojangCache.mojang_profile_cache_enabled was corrected from null to its default, true. 
[06Aug2026 13:12:44.574] [Test worker/WARN] [net.minecraftforge.common.ForgeConfigSpec/CORE]: Incorrect key MojangCache.mojang_profile_cache_ttl_ms was corrected from null to its default, 3600000. 
[06Aug2026 13:12:44.574] [Test worker/WARN] [net.minecraftforge.common.ForgeConfigSpec/CORE]: Incorrect key MojangCache.mojang_profile_cache_max_size was corrected from null to its default, 1000. 
[06Aug2026 13:12:44.574] [Test worker/WARN] [net.minecraftforge.common.ForgeConfigSpec/CORE]: Incorrect key DefaultSkins was corrected from null to its default, SimpleCommentedConfig:{}. 
[06Aug2026 13:12:44.574] [Test worker/WARN] [net.minecraftforge.common.ForgeConfigSpec/CORE]: Incorrect key DefaultSkins.enabled was corrected from null to its default, false. 
[06Aug2026 13:12:44.574] [Test worker/WARN] [net.minecraftforge.common.ForgeConfigSpec/CORE]: Incorrect key DefaultSkins.applyForPremium was corrected from null to its default, false. 
[06Aug2026 13:12:44.574] [Test worker/WARN] [net.minecraftforge.common.ForgeConfigSpec/CORE]: Incorrect key DefaultSkins.list was corrected from null to its default, [Steve, <random>]. 
[06Aug2026 13:12:44.574] [Test worker/WARN] [net.minecraftforge.common.ForgeConfigSpec/CORE]: Incorrect key Security was corrected from null to its default, SimpleCommentedConfig:{}. 
[06Aug2026 13:12:44.574] [Test worker/WARN] [net.minecraftforge.common.ForgeConfigSpec/CORE]: Incorrect key Security.urlAllowlistEnabled was corrected from null to its default, false. 
[06Aug2026 13:12:44.574] [Test worker/WARN] [net.minecraftforge.common.ForgeConfigSpec/CORE]: Incorrect key Security.urlAllowlistDomains was corrected from null to its default, [imgur.com, storage.googleapis.com, cdn.discordapp.com, textures.minecraft.net, namemc.com, crafatar.com, mc-heads.net, githubusercontent.com, minecraftskins.com]. 
[06Aug2026 13:12:44.574] [Test worker/WARN] [net.minecraftforge.common.ForgeConfigSpec/CORE]: Incorrect key Permissions was corrected from null to its default, SimpleCommentedConfig:{}. 
[06Aug2026 13:12:44.574] [Test worker/WARN] [net.minecraftforge.common.ForgeConfigSpec/CORE]: Incorrect key Permissions.op_level was corrected from null to its default, SimpleCommentedConfig:{}. 
[06Aug2026 13:12:44.574] [Test worker/WARN] [net.minecraftforge.common.ForgeConfigSpec/CORE]: Incorrect key Permissions.op_level.mojang was corrected from null to its default, 0. 
[06Aug2026 13:12:44.574] [Test worker/WARN] [net.minecraftforge.common.ForgeConfigSpec/CORE]: Incorrect key Permissions.op_level.url was corrected from null to its default, 2. 
[06Aug2026 13:12:44.574] [Test worker/WARN] [net.minecraftforge.common.ForgeConfigSpec/CORE]: Incorrect key Permissions.op_level.clear was corrected from null to its default, 0. 
[06Aug2026 13:12:44.574] [Test worker/WARN] [net.minecraftforge.common.ForgeConfigSpec/CORE]: Incorrect key Permissions.op_level.random was corrected from null to its default, 0. 
[06Aug2026 13:12:44.574] [Test worker/WARN] [net.minecraftforge.common.ForgeConfigSpec/CORE]: Incorrect key Permissions.op_level.other was corrected from null to its default, 2. 
[06Aug2026 13:12:44.574] [Test worker/WARN] [net.minecraftforge.common.ForgeConfigSpec/CORE]: Incorrect key Permissions.op_level.metrics was corrected from null to its default, 2. 
[06Aug2026 13:12:44.574] [Test worker/WARN] [net.minecraftforge.common.ForgeConfigSpec/CORE]: Incorrect key Permissions.op_level.metrics_reset was corrected from null to its default, 2. 
[06Aug2026 13:12:44.582] [Test worker/WARN] [net.minecraftforge.common.ForgeConfigSpec/CORE]: Configuration file SimpleCommentedConfig:{} is not correct. Correcting
[06Aug2026 13:12:44.582] [Test worker/WARN] [net.minecraftforge.common.ForgeConfigSpec/CORE]: Incorrect key Messages was corrected from null to its default, SimpleCommentedConfig:{}. 
[06Aug2026 13:12:44.582] [Test worker/WARN] [net.minecraftforge.common.ForgeConfigSpec/CORE]: Incorrect key Messages.localization was corrected from null to its default, en. 
[06Aug2026 13:12:44.582] [Test worker/WARN] [net.minecraftforge.common.ForgeConfigSpec/CORE]: Incorrect key Messages.display was corrected from null to its default, true. 
[06Aug2026 13:12:44.582] [Test worker/WARN] [net.minecraftforge.common.ForgeConfigSpec/CORE]: Incorrect key Messages.key was corrected from null to its default, . 
[06Aug2026 13:12:44.582] [Test worker/WARN] [net.minecraftforge.common.ForgeConfigSpec/CORE]: Incorrect key Messages.messages_change was corrected from null to its default, Skin change queued. 
[06Aug2026 13:12:44.582] [Test worker/WARN] [net.minecraftforge.common.ForgeConfigSpec/CORE]: Incorrect key Messages.messages_fulfilled was corrected from null to its default, Skin has been applied.. 
[06Aug2026 13:12:44.582] [Test worker/WARN] [net.minecraftforge.common.ForgeConfigSpec/CORE]: Incorrect key Messages.messages_timeout was corrected from null to its default, Skin fetch timed out.. 
[06Aug2026 13:12:44.582] [Test worker/WARN] [net.minecraftforge.common.ForgeConfigSpec/CORE]: Incorrect key Messages.messages_error was corrected from null to its default, Skin fetch failed.. 
[06Aug2026 13:12:44.583] [Test worker/WARN] [net.minecraftforge.common.ForgeConfigSpec/CORE]: Incorrect key Messages.messages_restored_from was corrected from null to its default, Skin restored from %s. 
[06Aug2026 13:12:44.583] [Test worker/WARN] [net.minecraftforge.common.ForgeConfigSpec/CORE]: Incorrect key Messages.messages_cleared_no_profile was corrected from null to its default, Skin cleared (no Mojang profile found). 
[06Aug2026 13:12:44.583] [Test worker/WARN] [net.minecraftforge.common.ForgeConfigSpec/CORE]: Incorrect key Messages.messages_no_source was corrected from null to its default, No source available. 
[06Aug2026 13:12:44.583] [Test worker/WARN] [net.minecraftforge.common.ForgeConfigSpec/CORE]: Incorrect key Messages.messages_player_only was corrected from null to its default, Player only command. 
[06Aug2026 13:12:44.583] [Test worker/WARN] [net.minecraftforge.common.ForgeConfigSpec/CORE]: Incorrect key Messages.messages_permission_denied was corrected from null to its default, Permission denied. 
[06Aug2026 13:12:44.583] [Test worker/WARN] [net.minecraftforge.common.ForgeConfigSpec/CORE]: Incorrect key Messages.messages_cooldown was corrected from null to its default, Please wait %ds before using /skin again. 
[06Aug2026 13:12:44.583] [Test worker/WARN] [net.minecraftforge.common.ForgeConfigSpec/CORE]: Incorrect key Messages.messages_rate_limited was corrected from null to its default, Too many /skin commands. Try again later.. 
[06Aug2026 13:12:44.583] [Test worker/WARN] [net.minecraftforge.common.ForgeConfigSpec/CORE]: Incorrect key Messages.messages_no_skin_found was corrected from null to its default, No skin found for "%s". 
[06Aug2026 13:12:44.583] [Test worker/WARN] [net.minecraftforge.common.ForgeConfigSpec/CORE]: Incorrect key Messages.messages_no_skin_found_plain was corrected from null to its default, No skin found. 
[06Aug2026 13:12:44.583] [Test worker/WARN] [net.minecraftforge.common.ForgeConfigSpec/CORE]: Incorrect key Messages.messages_mineskin_rejected was corrected from null to its default, MineSkin rejected the URL. 
[06Aug2026 13:12:44.583] [Test worker/WARN] [net.minecraftforge.common.ForgeConfigSpec/CORE]: Incorrect key Messages.messages_no_random_username was corrected from null to its default, No random username available. 
[06Aug2026 13:12:44.583] [Test worker/WARN] [net.minecraftforge.common.ForgeConfigSpec/CORE]: Incorrect key Messages.messages_provider_no_result was corrected from null to its default, Provider returned no result. 
[06Aug2026 13:12:44.583] [Test worker/WARN] [net.minecraftforge.common.ForgeConfigSpec/CORE]: Incorrect key Messages.messages_metrics_top_players was corrected from null to its default, Top players by refresh count:. 
[06Aug2026 13:12:44.583] [Test worker/WARN] [net.minecraftforge.common.ForgeConfigSpec/CORE]: Incorrect key Messages.messages_metrics_refreshes was corrected from null to its default,  refreshes. 
[06Aug2026 13:12:44.583] [Test worker/WARN] [net.minecraftforge.common.ForgeConfigSpec/CORE]: Incorrect key Messages.messages_metrics_no_refreshes was corrected from null to its default, (no refreshes recorded). 
[06Aug2026 13:12:44.583] [Test worker/WARN] [net.minecraftforge.common.ForgeConfigSpec/CORE]: Incorrect key Messages.messages_metrics_cleanup was corrected from null to its default, Metrics cleanup: pruned %d stale player entries. 
[06Aug2026 13:12:44.583] [Test worker/WARN] [net.minecraftforge.common.ForgeConfigSpec/CORE]: Incorrect key Messages.messages_metrics_reset was corrected from null to its default, Metrics reset. 
[06Aug2026 13:12:44.584] [Test worker/WARN] [net.minecraftforge.common.ForgeConfigSpec/CORE]: Incorrect key Messages.messages_discord_announce was corrected from null to its default, **%s** changed their skin to: `%s`. 
[06Aug2026 13:12:44.584] [Test worker/WARN] [net.minecraftforge.common.ForgeConfigSpec/CORE]: Incorrect key Integration was corrected from null to its default, SimpleCommentedConfig:{}. 
[06Aug2026 13:12:44.584] [Test worker/WARN] [net.minecraftforge.common.ForgeConfigSpec/CORE]: Incorrect key Integration.discordsrv_enabled was corrected from null to its default, false. 
[06Aug2026 13:12:44.584] [Test worker/WARN] [net.minecraftforge.common.ForgeConfigSpec/CORE]: Incorrect key Integration.discordsrv_channel_id was corrected from null to its default, . 
[06Aug2026 13:12:44.584] [Test worker/WARN] [net.minecraftforge.common.ForgeConfigSpec/CORE]: Incorrect key RateLimit was corrected from null to its default, SimpleCommentedConfig:{}. 
[06Aug2026 13:12:44.584] [Test worker/WARN] [net.minecraftforge.common.ForgeConfigSpec/CORE]: Incorrect key RateLimit.cooldown_seconds was corrected from null to its default, 3. 
[06Aug2026 13:12:44.584] [Test worker/WARN] [net.minecraftforge.common.ForgeConfigSpec/CORE]: Incorrect key RateLimit.rate_limit_enabled was corrected from null to its default, true. 
[06Aug2026 13:12:44.584] [Test worker/WARN] [net.minecraftforge.common.ForgeConfigSpec/CORE]: Incorrect key RateLimit.max_commands_per_minute was corrected from null to its default, 5. 
[06Aug2026 13:12:44.584] [Test worker/WARN] [net.minecraftforge.common.ForgeConfigSpec/CORE]: Incorrect key Broadcast was corrected from null to its default, SimpleCommentedConfig:{}. 
[06Aug2026 13:12:44.584] [Test worker/WARN] [net.minecraftforge.common.ForgeConfigSpec/CORE]: Incorrect key Broadcast.dimension_scoped_broadcast was corrected from null to its default, false. 
[06Aug2026 13:12:44.584] [Test worker/WARN] [net.minecraftforge.common.ForgeConfigSpec/CORE]: Incorrect key Broadcast.broadcast_use_bundle was corrected from null to its default, false. 
[06Aug2026 13:12:44.584] [Test worker/WARN] [net.minecraftforge.common.ForgeConfigSpec/CORE]: Incorrect key Broadcast.debounce_millis was corrected from null to its default, 100. 
[06Aug2026 13:12:44.584] [Test worker/WARN] [net.minecraftforge.common.ForgeConfigSpec/CORE]: Incorrect key Broadcast.refresh_via_entity_tracker was corrected from null to its default, true. 
[06Aug2026 13:12:44.584] [Test worker/WARN] [net.minecraftforge.common.ForgeConfigSpec/CORE]: Incorrect key Metrics was corrected from null to its default, SimpleCommentedConfig:{}. 
[06Aug2026 13:12:44.584] [Test worker/WARN] [net.minecraftforge.common.ForgeConfigSpec/CORE]: Incorrect key Metrics.metrics_enabled was corrected from null to its default, true. 
[06Aug2026 13:12:44.584] [Test worker/WARN] [net.minecraftforge.common.ForgeConfigSpec/CORE]: Incorrect key Metrics.metrics_dump_interval_seconds was corrected from null to its default, 60. 
[06Aug2026 13:12:44.584] [Test worker/WARN] [net.minecraftforge.common.ForgeConfigSpec/CORE]: Incorrect key Http was corrected from null to its default, SimpleCommentedConfig:{}. 
[06Aug2026 13:12:44.584] [Test worker/WARN] [net.minecraftforge.common.ForgeConfigSpec/CORE]: Incorrect key Http.http_client_version was corrected from null to its default, HTTP_2. 
[06Aug2026 13:12:44.584] [Test worker/WARN] [net.minecraftforge.common.ForgeConfigSpec/CORE]: Incorrect key Http.http_connect_timeout_seconds was corrected from null to its default, 5. 
[06Aug2026 13:12:44.585] [Test worker/WARN] [net.minecraftforge.common.ForgeConfigSpec/CORE]: Incorrect key MojangCache was corrected from null to its default, SimpleCommentedConfig:{}. 
[06Aug2026 13:12:44.585] [Test worker/WARN] [net.minecraftforge.common.ForgeConfigSpec/CORE]: Incorrect key MojangCache.mojang_profile_cache_enabled was corrected from null to its default, true. 
[06Aug2026 13:12:44.585] [Test worker/WARN] [net.minecraftforge.common.ForgeConfigSpec/CORE]: Incorrect key MojangCache.mojang_profile_cache_ttl_ms was corrected from null to its default, 3600000. 
[06Aug2026 13:12:44.585] [Test worker/WARN] [net.minecraftforge.common.ForgeConfigSpec/CORE]: Incorrect key MojangCache.mojang_profile_cache_max_size was corrected from null to its default, 1000. 
[06Aug2026 13:12:44.585] [Test worker/WARN] [net.minecraftforge.common.ForgeConfigSpec/CORE]: Incorrect key DefaultSkins was corrected from null to its default, SimpleCommentedConfig:{}. 
[06Aug2026 13:12:44.585] [Test worker/WARN] [net.minecraftforge.common.ForgeConfigSpec/CORE]: Incorrect key DefaultSkins.enabled was corrected from null to its default, false. 
[06Aug2026 13:12:44.585] [Test worker/WARN] [net.minecraftforge.common.ForgeConfigSpec/CORE]: Incorrect key DefaultSkins.applyForPremium was corrected from null to its default, false. 
[06Aug2026 13:12:44.585] [Test worker/WARN] [net.minecraftforge.common.ForgeConfigSpec/CORE]: Incorrect key DefaultSkins.list was corrected from null to its default, [Steve, <random>]. 
[06Aug2026 13:12:44.585] [Test worker/WARN] [net.minecraftforge.common.ForgeConfigSpec/CORE]: Incorrect key Security was corrected from null to its default, SimpleCommentedConfig:{}. 
[06Aug2026 13:12:44.585] [Test worker/WARN] [net.minecraftforge.common.ForgeConfigSpec/CORE]: Incorrect key Security.urlAllowlistEnabled was corrected from null to its default, false. 
[06Aug2026 13:12:44.585] [Test worker/WARN] [net.minecraftforge.common.ForgeConfigSpec/CORE]: Incorrect key Security.urlAllowlistDomains was corrected from null to its default, [imgur.com, storage.googleapis.com, cdn.discordapp.com, textures.minecraft.net, namemc.com, crafatar.com, mc-heads.net, githubusercontent.com, minecraftskins.com]. 
[06Aug2026 13:12:44.585] [Test worker/WARN] [net.minecraftforge.common.ForgeConfigSpec/CORE]: Incorrect key Permissions was corrected from null to its default, SimpleCommentedConfig:{}. 
[06Aug2026 13:12:44.585] [Test worker/WARN] [net.minecraftforge.common.ForgeConfigSpec/CORE]: Incorrect key Permissions.op_level was corrected from null to its default, SimpleCommentedConfig:{}. 
[06Aug2026 13:12:44.585] [Test worker/WARN] [net.minecraftforge.common.ForgeConfigSpec/CORE]: Incorrect key Permissions.op_level.mojang was corrected from null to its default, 0. 
[06Aug2026 13:12:44.585] [Test worker/WARN] [net.minecraftforge.common.ForgeConfigSpec/CORE]: Incorrect key Permissions.op_level.url was corrected from null to its default, 2. 
[06Aug2026 13:12:44.585] [Test worker/WARN] [net.minecraftforge.common.ForgeConfigSpec/CORE]: Incorrect key Permissions.op_level.clear was corrected from null to its default, 0. 
[06Aug2026 13:12:44.585] [Test worker/WARN] [net.minecraftforge.common.ForgeConfigSpec/CORE]: Incorrect key Permissions.op_level.random was corrected from null to its default, 0. 
[06Aug2026 13:12:44.585] [Test worker/WARN] [net.minecraftforge.common.ForgeConfigSpec/CORE]: Incorrect key Permissions.op_level.other was corrected from null to its default, 2. 
[06Aug2026 13:12:44.585] [Test worker/WARN] [net.minecraftforge.common.ForgeConfigSpec/CORE]: Incorrect key Permissions.op_level.metrics was corrected from null to its default, 2. 
[06Aug2026 13:12:44.585] [Test worker/WARN] [net.minecraftforge.common.ForgeConfigSpec/CORE]: Incorrect key Permissions.op_level.metrics_reset was corrected from null to its default, 2. 
[06Aug2026 13:12:44.718] [Test worker/WARN] [net.minecraftforge.common.ForgeConfigSpec/CORE]: Configuration file SimpleCommentedConfig:{} is not correct. Correcting
[06Aug2026 13:12:44.718] [Test worker/WARN] [net.minecraftforge.common.ForgeConfigSpec/CORE]: Incorrect key Messages was corrected from null to its default, SimpleCommentedConfig:{}. 
[06Aug2026 13:12:44.718] [Test worker/WARN] [net.minecraftforge.common.ForgeConfigSpec/CORE]: Incorrect key Messages.localization was corrected from null to its default, en. 
[06Aug2026 13:12:44.718] [Test worker/WARN] [net.minecraftforge.common.ForgeConfigSpec/CORE]: Incorrect key Messages.display was corrected from null to its default, true. 
[06Aug2026 13:12:44.718] [Test worker/WARN] [net.minecraftforge.common.ForgeConfigSpec/CORE]: Incorrect key Messages.key was corrected from null to its default, . 
[06Aug2026 13:12:44.719] [Test worker/WARN] [net.minecraftforge.common.ForgeConfigSpec/CORE]: Incorrect key Messages.messages_change was corrected from null to its default, Skin change queued. 
[06Aug2026 13:12:44.719] [Test worker/WARN] [net.minecraftforge.common.ForgeConfigSpec/CORE]: Incorrect key Messages.messages_fulfilled was corrected from null to its default, Skin has been applied.. 
[06Aug2026 13:12:44.719] [Test worker/WARN] [net.minecraftforge.common.ForgeConfigSpec/CORE]: Incorrect key Messages.messages_timeout was corrected from null to its default, Skin fetch timed out.. 
[06Aug2026 13:12:44.719] [Test worker/WARN] [net.minecraftforge.common.ForgeConfigSpec/CORE]: Incorrect key Messages.messages_error was corrected from null to its default, Skin fetch failed.. 
[06Aug2026 13:12:44.719] [Test worker/WARN] [net.minecraftforge.common.ForgeConfigSpec/CORE]: Incorrect key Messages.messages_restored_from was corrected from null to its default, Skin restored from %s. 
[06Aug2026 13:12:44.719] [Test worker/WARN] [net.minecraftforge.common.ForgeConfigSpec/CORE]: Incorrect key Messages.messages_cleared_no_profile was corrected from null to its default, Skin cleared (no Mojang profile found). 
[06Aug2026 13:12:44.719] [Test worker/WARN] [net.minecraftforge.common.ForgeConfigSpec/CORE]: Incorrect key Messages.messages_no_source was corrected from null to its default, No source available. 
[06Aug2026 13:12:44.719] [Test worker/WARN] [net.minecraftforge.common.ForgeConfigSpec/CORE]: Incorrect key Messages.messages_player_only was corrected from null to its default, Player only command. 
[06Aug2026 13:12:44.719] [Test worker/WARN] [net.minecraftforge.common.ForgeConfigSpec/CORE]: Incorrect key Messages.messages_permission_denied was corrected from null to its default, Permission denied. 
[06Aug2026 13:12:44.719] [Test worker/WARN] [net.minecraftforge.common.ForgeConfigSpec/CORE]: Incorrect key Messages.messages_cooldown was corrected from null to its default, Please wait %ds before using /skin again. 
[06Aug2026 13:12:44.720] [Test worker/WARN] [net.minecraftforge.common.ForgeConfigSpec/CORE]: Incorrect key Messages.messages_rate_limited was corrected from null to its default, Too many /skin commands. Try again later.. 
[06Aug2026 13:12:44.720] [Test worker/WARN] [net.minecraftforge.common.ForgeConfigSpec/CORE]: Incorrect key Messages.messages_no_skin_found was corrected from null to its default, No skin found for "%s". 
[06Aug2026 13:12:44.720] [Test worker/WARN] [net.minecraftforge.common.ForgeConfigSpec/CORE]: Incorrect key Messages.messages_no_skin_found_plain was corrected from null to its default, No skin found. 
[06Aug2026 13:12:44.720] [Test worker/WARN] [net.minecraftforge.common.ForgeConfigSpec/CORE]: Incorrect key Messages.messages_mineskin_rejected was corrected from null to its default, MineSkin rejected the URL. 
[06Aug2026 13:12:44.720] [Test worker/WARN] [net.minecraftforge.common.ForgeConfigSpec/CORE]: Incorrect key Messages.messages_no_random_username was corrected from null to its default, No random username available. 
[06Aug2026 13:12:44.720] [Test worker/WARN] [net.minecraftforge.common.ForgeConfigSpec/CORE]: Incorrect key Messages.messages_provider_no_result was corrected from null to its default, Provider returned no result. 
[06Aug2026 13:12:44.720] [Test worker/WARN] [net.minecraftforge.common.ForgeConfigSpec/CORE]: Incorrect key Messages.messages_metrics_top_players was corrected from null to its default, Top players by refresh count:. 
[06Aug2026 13:12:44.720] [Test worker/WARN] [net.minecraftforge.common.ForgeConfigSpec/CORE]: Incorrect key Messages.messages_metrics_refreshes was corrected from null to its default,  refreshes. 
[06Aug2026 13:12:44.720] [Test worker/WARN] [net.minecraftforge.common.ForgeConfigSpec/CORE]: Incorrect key Messages.messages_metrics_no_refreshes was corrected from null to its default, (no refreshes recorded). 
[06Aug2026 13:12:44.720] [Test worker/WARN] [net.minecraftforge.common.ForgeConfigSpec/CORE]: Incorrect key Messages.messages_metrics_cleanup was corrected from null to its default, Metrics cleanup: pruned %d stale player entries. 
[06Aug2026 13:12:44.720] [Test worker/WARN] [net.minecraftforge.common.ForgeConfigSpec/CORE]: Incorrect key Messages.messages_metrics_reset was corrected from null to its default, Metrics reset. 
[06Aug2026 13:12:44.721] [Test worker/WARN] [net.minecraftforge.common.ForgeConfigSpec/CORE]: Incorrect key Messages.messages_discord_announce was corrected from null to its default, **%s** changed their skin to: `%s`. 
[06Aug2026 13:12:44.721] [Test worker/WARN] [net.minecraftforge.common.ForgeConfigSpec/CORE]: Incorrect key Integration was corrected from null to its default, SimpleCommentedConfig:{}. 
[06Aug2026 13:12:44.721] [Test worker/WARN] [net.minecraftforge.common.ForgeConfigSpec/CORE]: Incorrect key Integration.discordsrv_enabled was corrected from null to its default, false. 
[06Aug2026 13:12:44.721] [Test worker/WARN] [net.minecraftforge.common.ForgeConfigSpec/CORE]: Incorrect key Integration.discordsrv_channel_id was corrected from null to its default, . 
[06Aug2026 13:12:44.721] [Test worker/WARN] [net.minecraftforge.common.ForgeConfigSpec/CORE]: Incorrect key RateLimit was corrected from null to its default, SimpleCommentedConfig:{}. 
[06Aug2026 13:12:44.721] [Test worker/WARN] [net.minecraftforge.common.ForgeConfigSpec/CORE]: Incorrect key RateLimit.cooldown_seconds was corrected from null to its default, 3. 
[06Aug2026 13:12:44.721] [Test worker/WARN] [net.minecraftforge.common.ForgeConfigSpec/CORE]: Incorrect key RateLimit.rate_limit_enabled was corrected from null to its default, true. 
[06Aug2026 13:12:44.721] [Test worker/WARN] [net.minecraftforge.common.ForgeConfigSpec/CORE]: Incorrect key RateLimit.max_commands_per_minute was corrected from null to its default, 5. 
[06Aug2026 13:12:44.721] [Test worker/WARN] [net.minecraftforge.common.ForgeConfigSpec/CORE]: Incorrect key Broadcast was corrected from null to its default, SimpleCommentedConfig:{}. 
[06Aug2026 13:12:44.721] [Test worker/WARN] [net.minecraftforge.common.ForgeConfigSpec/CORE]: Incorrect key Broadcast.dimension_scoped_broadcast was corrected from null to its default, false. 
[06Aug2026 13:12:44.721] [Test worker/WARN] [net.minecraftforge.common.ForgeConfigSpec/CORE]: Incorrect key Broadcast.broadcast_use_bundle was corrected from null to its default, false. 
[06Aug2026 13:12:44.721] [Test worker/WARN] [net.minecraftforge.common.ForgeConfigSpec/CORE]: Incorrect key Broadcast.debounce_millis was corrected from null to its default, 100. 
[06Aug2026 13:12:44.722] [Test worker/WARN] [net.minecraftforge.common.ForgeConfigSpec/CORE]: Incorrect key Broadcast.refresh_via_entity_tracker was corrected from null to its default, true. 
[06Aug2026 13:12:44.722] [Test worker/WARN] [net.minecraftforge.common.ForgeConfigSpec/CORE]: Incorrect key Metrics was corrected from null to its default, SimpleCommentedConfig:{}. 
[06Aug2026 13:12:44.722] [Test worker/WARN] [net.minecraftforge.common.ForgeConfigSpec/CORE]: Incorrect key Metrics.metrics_enabled was corrected from null to its default, true. 
[06Aug2026 13:12:44.722] [Test worker/WARN] [net.minecraftforge.common.ForgeConfigSpec/CORE]: Incorrect key Metrics.metrics_dump_interval_seconds was corrected from null to its default, 60. 
[06Aug2026 13:12:44.722] [Test worker/WARN] [net.minecraftforge.common.ForgeConfigSpec/CORE]: Incorrect key Http was corrected from null to its default, SimpleCommentedConfig:{}. 
[06Aug2026 13:12:44.722] [Test worker/WARN] [net.minecraftforge.common.ForgeConfigSpec/CORE]: Incorrect key Http.http_client_version was corrected from null to its default, HTTP_2. 
[06Aug2026 13:12:44.722] [Test worker/WARN] [net.minecraftforge.common.ForgeConfigSpec/CORE]: Incorrect key Http.http_connect_timeout_seconds was corrected from null to its default, 5. 
[06Aug2026 13:12:44.722] [Test worker/WARN] [net.minecraftforge.common.ForgeConfigSpec/CORE]: Incorrect key MojangCache was corrected from null to its default, SimpleCommentedConfig:{}. 
[06Aug2026 13:12:44.722] [Test worker/WARN] [net.minecraftforge.common.ForgeConfigSpec/CORE]: Incorrect key MojangCache.mojang_profile_cache_enabled was corrected from null to its default, true. 
[06Aug2026 13:12:44.722] [Test worker/WARN] [net.minecraftforge.common.ForgeConfigSpec/CORE]: Incorrect key MojangCache.mojang_profile_cache_ttl_ms was corrected from null to its default, 3600000. 
[06Aug2026 13:12:44.722] [Test worker/WARN] [net.minecraftforge.common.ForgeConfigSpec/CORE]: Incorrect key MojangCache.mojang_profile_cache_max_size was corrected from null to its default, 1000. 
[06Aug2026 13:12:44.722] [Test worker/WARN] [net.minecraftforge.common.ForgeConfigSpec/CORE]: Incorrect key DefaultSkins was corrected from null to its default, SimpleCommentedConfig:{}. 
[06Aug2026 13:12:44.723] [Test worker/WARN] [net.minecraftforge.common.ForgeConfigSpec/CORE]: Incorrect key DefaultSkins.enabled was corrected from null to its default, false. 
[06Aug2026 13:12:44.723] [Test worker/WARN] [net.minecraftforge.common.ForgeConfigSpec/CORE]: Incorrect key DefaultSkins.applyForPremium was corrected from null to its default, false. 
[06Aug2026 13:12:44.723] [Test worker/WARN] [net.minecraftforge.common.ForgeConfigSpec/CORE]: Incorrect key DefaultSkins.list was corrected from null to its default, [Steve, <random>]. 
[06Aug2026 13:12:44.723] [Test worker/WARN] [net.minecraftforge.common.ForgeConfigSpec/CORE]: Incorrect key Security was corrected from null to its default, SimpleCommentedConfig:{}. 
[06Aug2026 13:12:44.723] [Test worker/WARN] [net.minecraftforge.common.ForgeConfigSpec/CORE]: Incorrect key Security.urlAllowlistEnabled was corrected from null to its default, false. 
[06Aug2026 13:12:44.723] [Test worker/WARN] [net.minecraftforge.common.ForgeConfigSpec/CORE]: Incorrect key Security.urlAllowlistDomains was corrected from null to its default, [imgur.com, storage.googleapis.com, cdn.discordapp.com, textures.minecraft.net, namemc.com, crafatar.com, mc-heads.net, githubusercontent.com, minecraftskins.com]. 
[06Aug2026 13:12:44.723] [Test worker/WARN] [net.minecraftforge.common.ForgeConfigSpec/CORE]: Incorrect key Permissions was corrected from null to its default, SimpleCommentedConfig:{}. 
[06Aug2026 13:12:44.723] [Test worker/WARN] [net.minecraftforge.common.ForgeConfigSpec/CORE]: Incorrect key Permissions.op_level was corrected from null to its default, SimpleCommentedConfig:{}. 
[06Aug2026 13:12:44.723] [Test worker/WARN] [net.minecraftforge.common.ForgeConfigSpec/CORE]: Incorrect key Permissions.op_level.mojang was corrected from null to its default, 0. 
[06Aug2026 13:12:44.723] [Test worker/WARN] [net.minecraftforge.common.ForgeConfigSpec/CORE]: Incorrect key Permissions.op_level.url was corrected from null to its default, 2. 
[06Aug2026 13:12:44.723] [Test worker/WARN] [net.minecraftforge.common.ForgeConfigSpec/CORE]: Incorrect key Permissions.op_level.clear was corrected from null to its default, 0. 
[06Aug2026 13:12:44.723] [Test worker/WARN] [net.minecraftforge.common.ForgeConfigSpec/CORE]: Incorrect key Permissions.op_level.random was corrected from null to its default, 0. 
[06Aug2026 13:12:44.724] [Test worker/WARN] [net.minecraftforge.common.ForgeConfigSpec/CORE]: Incorrect key Permissions.op_level.other was corrected from null to its default, 2. 
[06Aug2026 13:12:44.724] [Test worker/WARN] [net.minecraftforge.common.ForgeConfigSpec/CORE]: Incorrect key Permissions.op_level.metrics was corrected from null to its default, 2. 
[06Aug2026 13:12:44.724] [Test worker/WARN] [net.minecraftforge.common.ForgeConfigSpec/CORE]: Incorrect key Permissions.op_level.metrics_reset was corrected from null to its default, 2. 
[06Aug2026 13:12:44.739] [Test worker/WARN] [net.minecraftforge.common.ForgeConfigSpec/CORE]: Configuration file SimpleCommentedConfig:{} is not correct. Correcting
[06Aug2026 13:12:44.739] [Test worker/WARN] [net.minecraftforge.common.ForgeConfigSpec/CORE]: Incorrect key Messages was corrected from null to its default, SimpleCommentedConfig:{}. 
[06Aug2026 13:12:44.739] [Test worker/WARN] [net.minecraftforge.common.ForgeConfigSpec/CORE]: Incorrect key Messages.localization was corrected from null to its default, en. 
[06Aug2026 13:12:44.739] [Test worker/WARN] [net.minecraftforge.common.ForgeConfigSpec/CORE]: Incorrect key Messages.display was corrected from null to its default, true. 
[06Aug2026 13:12:44.739] [Test worker/WARN] [net.minecraftforge.common.ForgeConfigSpec/CORE]: Incorrect key Messages.key was corrected from null to its default, . 
[06Aug2026 13:12:44.739] [Test worker/WARN] [net.minecraftforge.common.ForgeConfigSpec/CORE]: Incorrect key Messages.messages_change was corrected from null to its default, Skin change queued. 
[06Aug2026 13:12:44.739] [Test worker/WARN] [net.minecraftforge.common.ForgeConfigSpec/CORE]: Incorrect key Messages.messages_fulfilled was corrected from null to its default, Skin has been applied.. 
[06Aug2026 13:12:44.739] [Test worker/WARN] [net.minecraftforge.common.ForgeConfigSpec/CORE]: Incorrect key Messages.messages_timeout was corrected from null to its default, Skin fetch timed out.. 
[06Aug2026 13:12:44.739] [Test worker/WARN] [net.minecraftforge.common.ForgeConfigSpec/CORE]: Incorrect key Messages.messages_error was corrected from null to its default, Skin fetch failed.. 
[06Aug2026 13:12:44.739] [Test worker/WARN] [net.minecraftforge.common.ForgeConfigSpec/CORE]: Incorrect key Messages.messages_restored_from was corrected from null to its default, Skin restored from %s. 
[06Aug2026 13:12:44.739] [Test worker/WARN] [net.minecraftforge.common.ForgeConfigSpec/CORE]: Incorrect key Messages.messages_cleared_no_profile was corrected from null to its default, Skin cleared (no Mojang profile found). 
[06Aug2026 13:12:44.739] [Test worker/WARN] [net.minecraftforge.common.ForgeConfigSpec/CORE]: Incorrect key Messages.messages_no_source was corrected from null to its default, No source available. 
[06Aug2026 13:12:44.739] [Test worker/WARN] [net.minecraftforge.common.ForgeConfigSpec/CORE]: Incorrect key Messages.messages_player_only was corrected from null to its default, Player only command. 
[06Aug2026 13:12:44.739] [Test worker/WARN] [net.minecraftforge.common.ForgeConfigSpec/CORE]: Incorrect key Messages.messages_permission_denied was corrected from null to its default, Permission denied. 
[06Aug2026 13:12:44.739] [Test worker/WARN] [net.minecraftforge.common.ForgeConfigSpec/CORE]: Incorrect key Messages.messages_cooldown was corrected from null to its default, Please wait %ds before using /skin again. 
[06Aug2026 13:12:44.739] [Test worker/WARN] [net.minecraftforge.common.ForgeConfigSpec/CORE]: Incorrect key Messages.messages_rate_limited was corrected from null to its default, Too many /skin commands. Try again later.. 
[06Aug2026 13:12:44.739] [Test worker/WARN] [net.minecraftforge.common.ForgeConfigSpec/CORE]: Incorrect key Messages.messages_no_skin_found was corrected from null to its default, No skin found for "%s". 
[06Aug2026 13:12:44.740] [Test worker/WARN] [net.minecraftforge.common.ForgeConfigSpec/CORE]: Incorrect key Messages.messages_no_skin_found_plain was corrected from null to its default, No skin found. 
[06Aug2026 13:12:44.740] [Test worker/WARN] [net.minecraftforge.common.ForgeConfigSpec/CORE]: Incorrect key Messages.messages_mineskin_rejected was corrected from null to its default, MineSkin rejected the URL. 
[06Aug2026 13:12:44.740] [Test worker/WARN] [net.minecraftforge.common.ForgeConfigSpec/CORE]: Incorrect key Messages.messages_no_random_username was corrected from null to its default, No random username available. 
[06Aug2026 13:12:44.740] [Test worker/WARN] [net.minecraftforge.common.ForgeConfigSpec/CORE]: Incorrect key Messages.messages_provider_no_result was corrected from null to its default, Provider returned no result. 
[06Aug2026 13:12:44.740] [Test worker/WARN] [net.minecraftforge.common.ForgeConfigSpec/CORE]: Incorrect key Messages.messages_metrics_top_players was corrected from null to its default, Top players by refresh count:. 
[06Aug2026 13:12:44.740] [Test worker/WARN] [net.minecraftforge.common.ForgeConfigSpec/CORE]: Incorrect key Messages.messages_metrics_refreshes was corrected from null to its default,  refreshes. 
[06Aug2026 13:12:44.740] [Test worker/WARN] [net.minecraftforge.common.ForgeConfigSpec/CORE]: Incorrect key Messages.messages_metrics_no_refreshes was corrected from null to its default, (no refreshes recorded). 
[06Aug2026 13:12:44.740] [Test worker/WARN] [net.minecraftforge.common.ForgeConfigSpec/CORE]: Incorrect key Messages.messages_metrics_cleanup was corrected from null to its default, Metrics cleanup: pruned %d stale player entries. 
[06Aug2026 13:12:44.740] [Test worker/WARN] [net.minecraftforge.common.ForgeConfigSpec/CORE]: Incorrect key Messages.messages_metrics_reset was corrected from null to its default, Metrics reset. 
[06Aug2026 13:12:44.740] [Test worker/WARN] [net.minecraftforge.common.ForgeConfigSpec/CORE]: Incorrect key Messages.messages_discord_announce was corrected from null to its default, **%s** changed their skin to: `%s`. 
[06Aug2026 13:12:44.740] [Test worker/WARN] [net.minecraftforge.common.ForgeConfigSpec/CORE]: Incorrect key Integration was corrected from null to its default, SimpleCommentedConfig:{}. 
[06Aug2026 13:12:44.740] [Test worker/WARN] [net.minecraftforge.common.ForgeConfigSpec/CORE]: Incorrect key Integration.discordsrv_enabled was corrected from null to its default, false. 
[06Aug2026 13:12:44.740] [Test worker/WARN] [net.minecraftforge.common.ForgeConfigSpec/CORE]: Incorrect key Integration.discordsrv_channel_id was corrected from null to its default, . 
[06Aug2026 13:12:44.740] [Test worker/WARN] [net.minecraftforge.common.ForgeConfigSpec/CORE]: Incorrect key RateLimit was corrected from null to its default, SimpleCommentedConfig:{}. 
[06Aug2026 13:12:44.740] [Test worker/WARN] [net.minecraftforge.common.ForgeConfigSpec/CORE]: Incorrect key RateLimit.cooldown_seconds was corrected from null to its default, 3. 
[06Aug2026 13:12:44.740] [Test worker/WARN] [net.minecraftforge.common.ForgeConfigSpec/CORE]: Incorrect key RateLimit.rate_limit_enabled was corrected from null to its default, true. 
[06Aug2026 13:12:44.740] [Test worker/WARN] [net.minecraftforge.common.ForgeConfigSpec/CORE]: Incorrect key RateLimit.max_commands_per_minute was corrected from null to its default, 5. 
[06Aug2026 13:12:44.740] [Test worker/WARN] [net.minecraftforge.common.ForgeConfigSpec/CORE]: Incorrect key Broadcast was corrected from null to its default, SimpleCommentedConfig:{}. 
[06Aug2026 13:12:44.741] [Test worker/WARN] [net.minecraftforge.common.ForgeConfigSpec/CORE]: Incorrect key Broadcast.dimension_scoped_broadcast was corrected from null to its default, false. 
[06Aug2026 13:12:44.741] [Test worker/WARN] [net.minecraftforge.common.ForgeConfigSpec/CORE]: Incorrect key Broadcast.broadcast_use_bundle was corrected from null to its default, false. 
[06Aug2026 13:12:44.741] [Test worker/WARN] [net.minecraftforge.common.ForgeConfigSpec/CORE]: Incorrect key Broadcast.debounce_millis was corrected from null to its default, 100. 
[06Aug2026 13:12:44.741] [Test worker/WARN] [net.minecraftforge.common.ForgeConfigSpec/CORE]: Incorrect key Broadcast.refresh_via_entity_tracker was corrected from null to its default, true. 
[06Aug2026 13:12:44.741] [Test worker/WARN] [net.minecraftforge.common.ForgeConfigSpec/CORE]: Incorrect key Metrics was corrected from null to its default, SimpleCommentedConfig:{}. 
[06Aug2026 13:12:44.741] [Test worker/WARN] [net.minecraftforge.common.ForgeConfigSpec/CORE]: Incorrect key Metrics.metrics_enabled was corrected from null to its default, true. 
[06Aug2026 13:12:44.741] [Test worker/WARN] [net.minecraftforge.common.ForgeConfigSpec/CORE]: Incorrect key Metrics.metrics_dump_interval_seconds was corrected from null to its default, 60. 
[06Aug2026 13:12:44.741] [Test worker/WARN] [net.minecraftforge.common.ForgeConfigSpec/CORE]: Incorrect key Http was corrected from null to its default, SimpleCommentedConfig:{}. 
[06Aug2026 13:12:44.741] [Test worker/WARN] [net.minecraftforge.common.ForgeConfigSpec/CORE]: Incorrect key Http.http_client_version was corrected from null to its default, HTTP_2. 
[06Aug2026 13:12:44.741] [Test worker/WARN] [net.minecraftforge.common.ForgeConfigSpec/CORE]: Incorrect key Http.http_connect_timeout_seconds was corrected from null to its default, 5. 
[06Aug2026 13:12:44.741] [Test worker/WARN] [net.minecraftforge.common.ForgeConfigSpec/CORE]: Incorrect key MojangCache was corrected from null to its default, SimpleCommentedConfig:{}. 
[06Aug2026 13:12:44.741] [Test worker/WARN] [net.minecraftforge.common.ForgeConfigSpec/CORE]: Incorrect key MojangCache.mojang_profile_cache_enabled was corrected from null to its default, true. 
[06Aug2026 13:12:44.741] [Test worker/WARN] [net.minecraftforge.common.ForgeConfigSpec/CORE]: Incorrect key MojangCache.mojang_profile_cache_ttl_ms was corrected from null to its default, 3600000. 
[06Aug2026 13:12:44.741] [Test worker/WARN] [net.minecraftforge.common.ForgeConfigSpec/CORE]: Incorrect key MojangCache.mojang_profile_cache_max_size was corrected from null to its default, 1000. 
[06Aug2026 13:12:44.742] [Test worker/WARN] [net.minecraftforge.common.ForgeConfigSpec/CORE]: Incorrect key DefaultSkins was corrected from null to its default, SimpleCommentedConfig:{}. 
[06Aug2026 13:12:44.742] [Test worker/WARN] [net.minecraftforge.common.ForgeConfigSpec/CORE]: Incorrect key DefaultSkins.enabled was corrected from null to its default, false. 
[06Aug2026 13:12:44.742] [Test worker/WARN] [net.minecraftforge.common.ForgeConfigSpec/CORE]: Incorrect key DefaultSkins.applyForPremium was corrected from null to its default, false. 
[06Aug2026 13:12:44.742] [Test worker/WARN] [net.minecraftforge.common.ForgeConfigSpec/CORE]: Incorrect key DefaultSkins.list was corrected from null to its default, [Steve, <random>]. 
[06Aug2026 13:12:44.742] [Test worker/WARN] [net.minecraftforge.common.ForgeConfigSpec/CORE]: Incorrect key Security was corrected from null to its default, SimpleCommentedConfig:{}. 
[06Aug2026 13:12:44.742] [Test worker/WARN] [net.minecraftforge.common.ForgeConfigSpec/CORE]: Incorrect key Security.urlAllowlistEnabled was corrected from null to its default, false. 
[06Aug2026 13:12:44.742] [Test worker/WARN] [net.minecraftforge.common.ForgeConfigSpec/CORE]: Incorrect key Security.urlAllowlistDomains was corrected from null to its default, [imgur.com, storage.googleapis.com, cdn.discordapp.com, textures.minecraft.net, namemc.com, crafatar.com, mc-heads.net, githubusercontent.com, minecraftskins.com]. 
[06Aug2026 13:12:44.742] [Test worker/WARN] [net.minecraftforge.common.ForgeConfigSpec/CORE]: Incorrect key Permissions was corrected from null to its default, SimpleCommentedConfig:{}. 
[06Aug2026 13:12:44.742] [Test worker/WARN] [net.minecraftforge.common.ForgeConfigSpec/CORE]: Incorrect key Permissions.op_level was corrected from null to its default, SimpleCommentedConfig:{}. 
[06Aug2026 13:12:44.742] [Test worker/WARN] [net.minecraftforge.common.ForgeConfigSpec/CORE]: Incorrect key Permissions.op_level.mojang was corrected from null to its default, 0. 
[06Aug2026 13:12:44.742] [Test worker/WARN] [net.minecraftforge.common.ForgeConfigSpec/CORE]: Incorrect key Permissions.op_level.url was corrected from null to its default, 2. 
[06Aug2026 13:12:44.742] [Test worker/WARN] [net.minecraftforge.common.ForgeConfigSpec/CORE]: Incorrect key Permissions.op_level.clear was corrected from null to its default, 0. 
[06Aug2026 13:12:44.742] [Test worker/WARN] [net.minecraftforge.common.ForgeConfigSpec/CORE]: Incorrect key Permissions.op_level.random was corrected from null to its default, 0. 
[06Aug2026 13:12:44.742] [Test worker/WARN] [net.minecraftforge.common.ForgeConfigSpec/CORE]: Incorrect key Permissions.op_level.other was corrected from null to its default, 2. 
[06Aug2026 13:12:44.742] [Test worker/WARN] [net.minecraftforge.common.ForgeConfigSpec/CORE]: Incorrect key Permissions.op_level.metrics was corrected from null to its default, 2. 
[06Aug2026 13:12:44.742] [Test worker/WARN] [net.minecraftforge.common.ForgeConfigSpec/CORE]: Incorrect key Permissions.op_level.metrics_reset was corrected from null to its default, 2. 
[06Aug2026 13:12:44.781] [Test worker/WARN] [net.minecraftforge.common.ForgeConfigSpec/CORE]: Configuration file SimpleCommentedConfig:{} is not correct. Correcting
[06Aug2026 13:12:44.781] [Test worker/WARN] [net.minecraftforge.common.ForgeConfigSpec/CORE]: Incorrect key Messages was corrected from null to its default, SimpleCommentedConfig:{}. 
[06Aug2026 13:12:44.781] [Test worker/WARN] [net.minecraftforge.common.ForgeConfigSpec/CORE]: Incorrect key Messages.localization was corrected from null to its default, en. 
[06Aug2026 13:12:44.781] [Test worker/WARN] [net.minecraftforge.common.ForgeConfigSpec/CORE]: Incorrect key Messages.display was corrected from null to its default, true. 
[06Aug2026 13:12:44.781] [Test worker/WARN] [net.minecraftforge.common.ForgeConfigSpec/CORE]: Incorrect key Messages.key was corrected from null to its default, . 
[06Aug2026 13:12:44.781] [Test worker/WARN] [net.minecraftforge.common.ForgeConfigSpec/CORE]: Incorrect key Messages.messages_change was corrected from null to its default, Skin change queued. 
[06Aug2026 13:12:44.781] [Test worker/WARN] [net.minecraftforge.common.ForgeConfigSpec/CORE]: Incorrect key Messages.messages_fulfilled was corrected from null to its default, Skin has been applied.. 
[06Aug2026 13:12:44.781] [Test worker/WARN] [net.minecraftforge.common.ForgeConfigSpec/CORE]: Incorrect key Messages.messages_timeout was corrected from null to its default, Skin fetch timed out.. 
[06Aug2026 13:12:44.781] [Test worker/WARN] [net.minecraftforge.common.ForgeConfigSpec/CORE]: Incorrect key Messages.messages_error was corrected from null to its default, Skin fetch failed.. 
[06Aug2026 13:12:44.781] [Test worker/WARN] [net.minecraftforge.common.ForgeConfigSpec/CORE]: Incorrect key Messages.messages_restored_from was corrected from null to its default, Skin restored from %s. 
[06Aug2026 13:12:44.781] [Test worker/WARN] [net.minecraftforge.common.ForgeConfigSpec/CORE]: Incorrect key Messages.messages_cleared_no_profile was corrected from null to its default, Skin cleared (no Mojang profile found). 
[06Aug2026 13:12:44.781] [Test worker/WARN] [net.minecraftforge.common.ForgeConfigSpec/CORE]: Incorrect key Messages.messages_no_source was corrected from null to its default, No source available. 
[06Aug2026 13:12:44.781] [Test worker/WARN] [net.minecraftforge.common.ForgeConfigSpec/CORE]: Incorrect key Messages.messages_player_only was corrected from null to its default, Player only command. 
[06Aug2026 13:12:44.781] [Test worker/WARN] [net.minecraftforge.common.ForgeConfigSpec/CORE]: Incorrect key Messages.messages_permission_denied was corrected from null to its default, Permission denied. 
[06Aug2026 13:12:44.781] [Test worker/WARN] [net.minecraftforge.common.ForgeConfigSpec/CORE]: Incorrect key Messages.messages_cooldown was corrected from null to its default, Please wait %ds before using /skin again. 
[06Aug2026 13:12:44.781] [Test worker/WARN] [net.minecraftforge.common.ForgeConfigSpec/CORE]: Incorrect key Messages.messages_rate_limited was corrected from null to its default, Too many /skin commands. Try again later.. 
[06Aug2026 13:12:44.782] [Test worker/WARN] [net.minecraftforge.common.ForgeConfigSpec/CORE]: Incorrect key Messages.messages_no_skin_found was corrected from null to its default, No skin found for "%s". 
[06Aug2026 13:12:44.782] [Test worker/WARN] [net.minecraftforge.common.ForgeConfigSpec/CORE]: Incorrect key Messages.messages_no_skin_found_plain was corrected from null to its default, No skin found. 
[06Aug2026 13:12:44.782] [Test worker/WARN] [net.minecraftforge.common.ForgeConfigSpec/CORE]: Incorrect key Messages.messages_mineskin_rejected was corrected from null to its default, MineSkin rejected the URL. 
[06Aug2026 13:12:44.782] [Test worker/WARN] [net.minecraftforge.common.ForgeConfigSpec/CORE]: Incorrect key Messages.messages_no_random_username was corrected from null to its default, No random username available. 
[06Aug2026 13:12:44.782] [Test worker/WARN] [net.minecraftforge.common.ForgeConfigSpec/CORE]: Incorrect key Messages.messages_provider_no_result was corrected from null to its default, Provider returned no result. 
[06Aug2026 13:12:44.782] [Test worker/WARN] [net.minecraftforge.common.ForgeConfigSpec/CORE]: Incorrect key Messages.messages_metrics_top_players was corrected from null to its default, Top players by refresh count:. 
[06Aug2026 13:12:44.782] [Test worker/WARN] [net.minecraftforge.common.ForgeConfigSpec/CORE]: Incorrect key Messages.messages_metrics_refreshes was corrected from null to its default,  refreshes. 
[06Aug2026 13:12:44.782] [Test worker/WARN] [net.minecraftforge.common.ForgeConfigSpec/CORE]: Incorrect key Messages.messages_metrics_no_refreshes was corrected from null to its default, (no refreshes recorded). 
[06Aug2026 13:12:44.782] [Test worker/WARN] [net.minecraftforge.common.ForgeConfigSpec/CORE]: Incorrect key Messages.messages_metrics_cleanup was corrected from null to its default, Metrics cleanup: pruned %d stale player entries. 
[06Aug2026 13:12:44.782] [Test worker/WARN] [net.minecraftforge.common.ForgeConfigSpec/CORE]: Incorrect key Messages.messages_metrics_reset was corrected from null to its default, Metrics reset. 
[06Aug2026 13:12:44.782] [Test worker/WARN] [net.minecraftforge.common.ForgeConfigSpec/CORE]: Incorrect key Messages.messages_discord_announce was corrected from null to its default, **%s** changed their skin to: `%s`. 
[06Aug2026 13:12:44.782] [Test worker/WARN] [net.minecraftforge.common.ForgeConfigSpec/CORE]: Incorrect key Integration was corrected from null to its default, SimpleCommentedConfig:{}. 
[06Aug2026 13:12:44.783] [Test worker/WARN] [net.minecraftforge.common.ForgeConfigSpec/CORE]: Incorrect key Integration.discordsrv_enabled was corrected from null to its default, false. 
[06Aug2026 13:12:44.783] [Test worker/WARN] [net.minecraftforge.common.ForgeConfigSpec/CORE]: Incorrect key Integration.discordsrv_channel_id was corrected from null to its default, . 
[06Aug2026 13:12:44.783] [Test worker/WARN] [net.minecraftforge.common.ForgeConfigSpec/CORE]: Incorrect key RateLimit was corrected from null to its default, SimpleCommentedConfig:{}. 
[06Aug2026 13:12:44.783] [Test worker/WARN] [net.minecraftforge.common.ForgeConfigSpec/CORE]: Incorrect key RateLimit.cooldown_seconds was corrected from null to its default, 3. 
[06Aug2026 13:12:44.783] [Test worker/WARN] [net.minecraftforge.common.ForgeConfigSpec/CORE]: Incorrect key RateLimit.rate_limit_enabled was corrected from null to its default, true. 
[06Aug2026 13:12:44.783] [Test worker/WARN] [net.minecraftforge.common.ForgeConfigSpec/CORE]: Incorrect key RateLimit.max_commands_per_minute was corrected from null to its default, 5. 
[06Aug2026 13:12:44.783] [Test worker/WARN] [net.minecraftforge.common.ForgeConfigSpec/CORE]: Incorrect key Broadcast was corrected from null to its default, SimpleCommentedConfig:{}. 
[06Aug2026 13:12:44.783] [Test worker/WARN] [net.minecraftforge.common.ForgeConfigSpec/CORE]: Incorrect key Broadcast.dimension_scoped_broadcast was corrected from null to its default, false. 
[06Aug2026 13:12:44.783] [Test worker/WARN] [net.minecraftforge.common.ForgeConfigSpec/CORE]: Incorrect key Broadcast.broadcast_use_bundle was corrected from null to its default, false. 
[06Aug2026 13:12:44.783] [Test worker/WARN] [net.minecraftforge.common.ForgeConfigSpec/CORE]: Incorrect key Broadcast.debounce_millis was corrected from null to its default, 100. 
[06Aug2026 13:12:44.784] [Test worker/WARN] [net.minecraftforge.common.ForgeConfigSpec/CORE]: Incorrect key Broadcast.refresh_via_entity_tracker was corrected from null to its default, true. 
[06Aug2026 13:12:44.784] [Test worker/WARN] [net.minecraftforge.common.ForgeConfigSpec/CORE]: Incorrect key Metrics was corrected from null to its default, SimpleCommentedConfig:{}. 
[06Aug2026 13:12:44.784] [Test worker/WARN] [net.minecraftforge.common.ForgeConfigSpec/CORE]: Incorrect key Metrics.metrics_enabled was corrected from null to its default, true. 
[06Aug2026 13:12:44.784] [Test worker/WARN] [net.minecraftforge.common.ForgeConfigSpec/CORE]: Incorrect key Metrics.metrics_dump_interval_seconds was corrected from null to its default, 60. 
[06Aug2026 13:12:44.784] [Test worker/WARN] [net.minecraftforge.common.ForgeConfigSpec/CORE]: Incorrect key Http was corrected from null to its default, SimpleCommentedConfig:{}. 
[06Aug2026 13:12:44.784] [Test worker/WARN] [net.minecraftforge.common.ForgeConfigSpec/CORE]: Incorrect key Http.http_client_version was corrected from null to its default, HTTP_2. 
[06Aug2026 13:12:44.784] [Test worker/WARN] [net.minecraftforge.common.ForgeConfigSpec/CORE]: Incorrect key Http.http_connect_timeout_seconds was corrected from null to its default, 5. 
[06Aug2026 13:12:44.784] [Test worker/WARN] [net.minecraftforge.common.ForgeConfigSpec/CORE]: Incorrect key MojangCache was corrected from null to its default, SimpleCommentedConfig:{}. 
[06Aug2026 13:12:44.784] [Test worker/WARN] [net.minecraftforge.common.ForgeConfigSpec/CORE]: Incorrect key MojangCache.mojang_profile_cache_enabled was corrected from null to its default, true. 
[06Aug2026 13:12:44.784] [Test worker/WARN] [net.minecraftforge.common.ForgeConfigSpec/CORE]: Incorrect key MojangCache.mojang_profile_cache_ttl_ms was corrected from null to its default, 3600000. 
[06Aug2026 13:12:44.784] [Test worker/WARN] [net.minecraftforge.common.ForgeConfigSpec/CORE]: Incorrect key MojangCache.mojang_profile_cache_max_size was corrected from null to its default, 1000. 
[06Aug2026 13:12:44.784] [Test worker/WARN] [net.minecraftforge.common.ForgeConfigSpec/CORE]: Incorrect key DefaultSkins was corrected from null to its default, SimpleCommentedConfig:{}. 
[06Aug2026 13:12:44.784] [Test worker/WARN] [net.minecraftforge.common.ForgeConfigSpec/CORE]: Incorrect key DefaultSkins.enabled was corrected from null to its default, false. 
[06Aug2026 13:12:44.784] [Test worker/WARN] [net.minecraftforge.common.ForgeConfigSpec/CORE]: Incorrect key DefaultSkins.applyForPremium was corrected from null to its default, false. 
[06Aug2026 13:12:44.785] [Test worker/WARN] [net.minecraftforge.common.ForgeConfigSpec/CORE]: Incorrect key DefaultSkins.list was corrected from null to its default, [Steve, <random>]. 
[06Aug2026 13:12:44.785] [Test worker/WARN] [net.minecraftforge.common.ForgeConfigSpec/CORE]: Incorrect key Security was corrected from null to its default, SimpleCommentedConfig:{}. 
[06Aug2026 13:12:44.785] [Test worker/WARN] [net.minecraftforge.common.ForgeConfigSpec/CORE]: Incorrect key Security.urlAllowlistEnabled was corrected from null to its default, false. 
[06Aug2026 13:12:44.785] [Test worker/WARN] [net.minecraftforge.common.ForgeConfigSpec/CORE]: Incorrect key Security.urlAllowlistDomains was corrected from null to its default, [imgur.com, storage.googleapis.com, cdn.discordapp.com, textures.minecraft.net, namemc.com, crafatar.com, mc-heads.net, githubusercontent.com, minecraftskins.com]. 
[06Aug2026 13:12:44.785] [Test worker/WARN] [net.minecraftforge.common.ForgeConfigSpec/CORE]: Incorrect key Permissions was corrected from null to its default, SimpleCommentedConfig:{}. 
[06Aug2026 13:12:44.785] [Test worker/WARN] [net.minecraftforge.common.ForgeConfigSpec/CORE]: Incorrect key Permissions.op_level was corrected from null to its default, SimpleCommentedConfig:{}. 
[06Aug2026 13:12:44.785] [Test worker/WARN] [net.minecraftforge.common.ForgeConfigSpec/CORE]: Incorrect key Permissions.op_level.mojang was corrected from null to its default, 0. 
[06Aug2026 13:12:44.785] [Test worker/WARN] [net.minecraftforge.common.ForgeConfigSpec/CORE]: Incorrect key Permissions.op_level.url was corrected from null to its default, 2. 
[06Aug2026 13:12:44.785] [Test worker/WARN] [net.minecraftforge.common.ForgeConfigSpec/CORE]: Incorrect key Permissions.op_level.clear was corrected from null to its default, 0. 
[06Aug2026 13:12:44.785] [Test worker/WARN] [net.minecraftforge.common.ForgeConfigSpec/CORE]: Incorrect key Permissions.op_level.random was corrected from null to its default, 0. 
[06Aug2026 13:12:44.785] [Test worker/WARN] [net.minecraftforge.common.ForgeConfigSpec/CORE]: Incorrect key Permissions.op_level.other was corrected from null to its default, 2. 
[06Aug2026 13:12:44.785] [Test worker/WARN] [net.minecraftforge.common.ForgeConfigSpec/CORE]: Incorrect key Permissions.op_level.metrics was corrected from null to its default, 2. 
[06Aug2026 13:12:44.785] [Test worker/WARN] [net.minecraftforge.common.ForgeConfigSpec/CORE]: Incorrect key Permissions.op_level.metrics_reset was corrected from null to its default, 2. 
[06Aug2026 13:12:44.786] [Test worker/INFO] [levosilimo.everlastingskins.permission.PermissionServiceManager/]: Permission backend active: Vanilla (per-command op levels)
[06Aug2026 13:12:44.810] [Test worker/WARN] [net.minecraftforge.common.ForgeConfigSpec/CORE]: Configuration file SimpleCommentedConfig:{} is not correct. Correcting
[06Aug2026 13:12:44.811] [Test worker/WARN] [net.minecraftforge.common.ForgeConfigSpec/CORE]: Incorrect key Messages was corrected from null to its default, SimpleCommentedConfig:{}. 
[06Aug2026 13:12:44.811] [Test worker/WARN] [net.minecraftforge.common.ForgeConfigSpec/CORE]: Incorrect key Messages.localization was corrected from null to its default, en. 
[06Aug2026 13:12:44.811] [Test worker/WARN] [net.minecraftforge.common.ForgeConfigSpec/CORE]: Incorrect key Messages.display was corrected from null to its default, true. 
[06Aug2026 13:12:44.811] [Test worker/WARN] [net.minecraftforge.common.ForgeConfigSpec/CORE]: Incorrect key Messages.key was corrected from null to its default, . 
[06Aug2026 13:12:44.811] [Test worker/WARN] [net.minecraftforge.common.ForgeConfigSpec/CORE]: Incorrect key Messages.messages_change was corrected from null to its default, Skin change queued. 
[06Aug2026 13:12:44.811] [Test worker/WARN] [net.minecraftforge.common.ForgeConfigSpec/CORE]: Incorrect key Messages.messages_fulfilled was corrected from null to its default, Skin has been applied.. 
[06Aug2026 13:12:44.811] [Test worker/WARN] [net.minecraftforge.common.ForgeConfigSpec/CORE]: Incorrect key Messages.messages_timeout was corrected from null to its default, Skin fetch timed out.. 
[06Aug2026 13:12:44.811] [Test worker/WARN] [net.minecraftforge.common.ForgeConfigSpec/CORE]: Incorrect key Messages.messages_error was corrected from null to its default, Skin fetch failed.. 
[06Aug2026 13:12:44.811] [Test worker/WARN] [net.minecraftforge.common.ForgeConfigSpec/CORE]: Incorrect key Messages.messages_restored_from was corrected from null to its default, Skin restored from %s. 
[06Aug2026 13:12:44.811] [Test worker/WARN] [net.minecraftforge.common.ForgeConfigSpec/CORE]: Incorrect key Messages.messages_cleared_no_profile was corrected from null to its default, Skin cleared (no Mojang profile found). 
[06Aug2026 13:12:44.812] [Test worker/WARN] [net.minecraftforge.common.ForgeConfigSpec/CORE]: Incorrect key Messages.messages_no_source was corrected from null to its default, No source available. 
[06Aug2026 13:12:44.812] [Test worker/WARN] [net.minecraftforge.common.ForgeConfigSpec/CORE]: Incorrect key Messages.messages_player_only was corrected from null to its default, Player only command. 
[06Aug2026 13:12:44.812] [Test worker/WARN] [net.minecraftforge.common.ForgeConfigSpec/CORE]: Incorrect key Messages.messages_permission_denied was corrected from null to its default, Permission denied. 
[06Aug2026 13:12:44.812] [Test worker/WARN] [net.minecraftforge.common.ForgeConfigSpec/CORE]: Incorrect key Messages.messages_cooldown was corrected from null to its default, Please wait %ds before using /skin again. 
[06Aug2026 13:12:44.812] [Test worker/WARN] [net.minecraftforge.common.ForgeConfigSpec/CORE]: Incorrect key Messages.messages_rate_limited was corrected from null to its default, Too many /skin commands. Try again later.. 
[06Aug2026 13:12:44.812] [Test worker/WARN] [net.minecraftforge.common.ForgeConfigSpec/CORE]: Incorrect key Messages.messages_no_skin_found was corrected from null to its default, No skin found for "%s". 
[06Aug2026 13:12:44.812] [Test worker/WARN] [net.minecraftforge.common.ForgeConfigSpec/CORE]: Incorrect key Messages.messages_no_skin_found_plain was corrected from null to its default, No skin found. 
[06Aug2026 13:12:44.812] [Test worker/WARN] [net.minecraftforge.common.ForgeConfigSpec/CORE]: Incorrect key Messages.messages_mineskin_rejected was corrected from null to its default, MineSkin rejected the URL. 
[06Aug2026 13:12:44.812] [Test worker/WARN] [net.minecraftforge.common.ForgeConfigSpec/CORE]: Incorrect key Messages.messages_no_random_username was corrected from null to its default, No random username available. 
[06Aug2026 13:12:44.812] [Test worker/WARN] [net.minecraftforge.common.ForgeConfigSpec/CORE]: Incorrect key Messages.messages_provider_no_result was corrected from null to its default, Provider returned no result. 
[06Aug2026 13:12:44.812] [Test worker/WARN] [net.minecraftforge.common.ForgeConfigSpec/CORE]: Incorrect key Messages.messages_metrics_top_players was corrected from null to its default, Top players by refresh count:. 
[06Aug2026 13:12:44.812] [Test worker/WARN] [net.minecraftforge.common.ForgeConfigSpec/CORE]: Incorrect key Messages.messages_metrics_refreshes was corrected from null to its default,  refreshes. 
[06Aug2026 13:12:44.812] [Test worker/WARN] [net.minecraftforge.common.ForgeConfigSpec/CORE]: Incorrect key Messages.messages_metrics_no_refreshes was corrected from null to its default, (no refreshes recorded). 
[06Aug2026 13:12:44.812] [Test worker/WARN] [net.minecraftforge.common.ForgeConfigSpec/CORE]: Incorrect key Messages.messages_metrics_cleanup was corrected from null to its default, Metrics cleanup: pruned %d stale player entries. 
[06Aug2026 13:12:44.812] [Test worker/WARN] [net.minecraftforge.common.ForgeConfigSpec/CORE]: Incorrect key Messages.messages_metrics_reset was corrected from null to its default, Metrics reset. 
[06Aug2026 13:12:44.812] [Test worker/WARN] [net.minecraftforge.common.ForgeConfigSpec/CORE]: Incorrect key Messages.messages_discord_announce was corrected from null to its default, **%s** changed their skin to: `%s`. 
[06Aug2026 13:12:44.812] [Test worker/WARN] [net.minecraftforge.common.ForgeConfigSpec/CORE]: Incorrect key Integration was corrected from null to its default, SimpleCommentedConfig:{}. 
[06Aug2026 13:12:44.812] [Test worker/WARN] [net.minecraftforge.common.ForgeConfigSpec/CORE]: Incorrect key Integration.discordsrv_enabled was corrected from null to its default, false. 
[06Aug2026 13:12:44.813] [Test worker/WARN] [net.minecraftforge.common.ForgeConfigSpec/CORE]: Incorrect key Integration.discordsrv_channel_id was corrected from null to its default, . 
[06Aug2026 13:12:44.813] [Test worker/WARN] [net.minecraftforge.common.ForgeConfigSpec/CORE]: Incorrect key RateLimit was corrected from null to its default, SimpleCommentedConfig:{}. 
[06Aug2026 13:12:44.813] [Test worker/WARN] [net.minecraftforge.common.ForgeConfigSpec/CORE]: Incorrect key RateLimit.cooldown_seconds was corrected from null to its default, 3. 
[06Aug2026 13:12:44.813] [Test worker/WARN] [net.minecraftforge.common.ForgeConfigSpec/CORE]: Incorrect key RateLimit.rate_limit_enabled was corrected from null to its default, true. 
[06Aug2026 13:12:44.813] [Test worker/WARN] [net.minecraftforge.common.ForgeConfigSpec/CORE]: Incorrect key RateLimit.max_commands_per_minute was corrected from null to its default, 5. 
[06Aug2026 13:12:44.813] [Test worker/WARN] [net.minecraftforge.common.ForgeConfigSpec/CORE]: Incorrect key Broadcast was corrected from null to its default, SimpleCommentedConfig:{}. 
[06Aug2026 13:12:44.813] [Test worker/WARN] [net.minecraftforge.common.ForgeConfigSpec/CORE]: Incorrect key Broadcast.dimension_scoped_broadcast was corrected from null to its default, false. 
[06Aug2026 13:12:44.813] [Test worker/WARN] [net.minecraftforge.common.ForgeConfigSpec/CORE]: Incorrect key Broadcast.broadcast_use_bundle was corrected from null to its default, false. 
[06Aug2026 13:12:44.813] [Test worker/WARN] [net.minecraftforge.common.ForgeConfigSpec/CORE]: Incorrect key Broadcast.debounce_millis was corrected from null to its default, 100. 
[06Aug2026 13:12:44.813] [Test worker/WARN] [net.minecraftforge.common.ForgeConfigSpec/CORE]: Incorrect key Broadcast.refresh_via_entity_tracker was corrected from null to its default, true. 
[06Aug2026 13:12:44.813] [Test worker/WARN] [net.minecraftforge.common.ForgeConfigSpec/CORE]: Incorrect key Metrics was corrected from null to its default, SimpleCommentedConfig:{}. 
[06Aug2026 13:12:44.813] [Test worker/WARN] [net.minecraftforge.common.ForgeConfigSpec/CORE]: Incorrect key Metrics.metrics_enabled was corrected from null to its default, true. 
[06Aug2026 13:12:44.813] [Test worker/WARN] [net.minecraftforge.common.ForgeConfigSpec/CORE]: Incorrect key Metrics.metrics_dump_interval_seconds was corrected from null to its default, 60. 
[06Aug2026 13:12:44.813] [Test worker/WARN] [net.minecraftforge.common.ForgeConfigSpec/CORE]: Incorrect key Http was corrected from null to its default, SimpleCommentedConfig:{}. 
[06Aug2026 13:12:44.813] [Test worker/WARN] [net.minecraftforge.common.ForgeConfigSpec/CORE]: Incorrect key Http.http_client_version was corrected from null to its default, HTTP_2. 
[06Aug2026 13:12:44.813] [Test worker/WARN] [net.minecraftforge.common.ForgeConfigSpec/CORE]: Incorrect key Http.http_connect_timeout_seconds was corrected from null to its default, 5. 
[06Aug2026 13:12:44.813] [Test worker/WARN] [net.minecraftforge.common.ForgeConfigSpec/CORE]: Incorrect key MojangCache was corrected from null to its default, SimpleCommentedConfig:{}. 
[06Aug2026 13:12:44.813] [Test worker/WARN] [net.minecraftforge.common.ForgeConfigSpec/CORE]: Incorrect key MojangCache.mojang_profile_cache_enabled was corrected from null to its default, true. 
[06Aug2026 13:12:44.813] [Test worker/WARN] [net.minecraftforge.common.ForgeConfigSpec/CORE]: Incorrect key MojangCache.mojang_profile_cache_ttl_ms was corrected from null to its default, 3600000. 
[06Aug2026 13:12:44.813] [Test worker/WARN] [net.minecraftforge.common.ForgeConfigSpec/CORE]: Incorrect key MojangCache.mojang_profile_cache_max_size was corrected from null to its default, 1000. 
[06Aug2026 13:12:44.813] [Test worker/WARN] [net.minecraftforge.common.ForgeConfigSpec/CORE]: Incorrect key DefaultSkins was corrected from null to its default, SimpleCommentedConfig:{}. 
[06Aug2026 13:12:44.813] [Test worker/WARN] [net.minecraftforge.common.ForgeConfigSpec/CORE]: Incorrect key DefaultSkins.enabled was corrected from null to its default, false. 
[06Aug2026 13:12:44.813] [Test worker/WARN] [net.minecraftforge.common.ForgeConfigSpec/CORE]: Incorrect key DefaultSkins.applyForPremium was corrected from null to its default, false. 
[06Aug2026 13:12:44.813] [Test worker/WARN] [net.minecraftforge.common.ForgeConfigSpec/CORE]: Incorrect key DefaultSkins.list was corrected from null to its default, [Steve, <random>]. 
[06Aug2026 13:12:44.813] [Test worker/WARN] [net.minecraftforge.common.ForgeConfigSpec/CORE]: Incorrect key Security was corrected from null to its default, SimpleCommentedConfig:{}. 
[06Aug2026 13:12:44.813] [Test worker/WARN] [net.minecraftforge.common.ForgeConfigSpec/CORE]: Incorrect key Security.urlAllowlistEnabled was corrected from null to its default, false. 
[06Aug2026 13:12:44.814] [Test worker/WARN] [net.minecraftforge.common.ForgeConfigSpec/CORE]: Incorrect key Security.urlAllowlistDomains was corrected from null to its default, [imgur.com, storage.googleapis.com, cdn.discordapp.com, textures.minecraft.net, namemc.com, crafatar.com, mc-heads.net, githubusercontent.com, minecraftskins.com]. 
[06Aug2026 13:12:44.814] [Test worker/WARN] [net.minecraftforge.common.ForgeConfigSpec/CORE]: Incorrect key Permissions was corrected from null to its default, SimpleCommentedConfig:{}. 
[06Aug2026 13:12:44.814] [Test worker/WARN] [net.minecraftforge.common.ForgeConfigSpec/CORE]: Incorrect key Permissions.op_level was corrected from null to its default, SimpleCommentedConfig:{}. 
[06Aug2026 13:12:44.814] [Test worker/WARN] [net.minecraftforge.common.ForgeConfigSpec/CORE]: Incorrect key Permissions.op_level.mojang was corrected from null to its default, 0. 
[06Aug2026 13:12:44.814] [Test worker/WARN] [net.minecraftforge.common.ForgeConfigSpec/CORE]: Incorrect key Permissions.op_level.url was corrected from null to its default, 2. 
[06Aug2026 13:12:44.814] [Test worker/WARN] [net.minecraftforge.common.ForgeConfigSpec/CORE]: Incorrect key Permissions.op_level.clear was corrected from null to its default, 0. 
[06Aug2026 13:12:44.814] [Test worker/WARN] [net.minecraftforge.common.ForgeConfigSpec/CORE]: Incorrect key Permissions.op_level.random was corrected from null to its default, 0. 
[06Aug2026 13:12:44.814] [Test worker/WARN] [net.minecraftforge.common.ForgeConfigSpec/CORE]: Incorrect key Permissions.op_level.other was corrected from null to its default, 2. 
[06Aug2026 13:12:44.814] [Test worker/WARN] [net.minecraftforge.common.ForgeConfigSpec/CORE]: Incorrect key Permissions.op_level.metrics was corrected from null to its default, 2. 
[06Aug2026 13:12:44.814] [Test worker/WARN] [net.minecraftforge.common.ForgeConfigSpec/CORE]: Incorrect key Permissions.op_level.metrics_reset was corrected from null to its default, 2. 
[06Aug2026 13:12:44.893] [Test worker/WARN] [net.minecraftforge.common.ForgeConfigSpec/CORE]: Configuration file SimpleCommentedConfig:{} is not correct. Correcting
[06Aug2026 13:12:44.893] [Test worker/WARN] [net.minecraftforge.common.ForgeConfigSpec/CORE]: Incorrect key Messages was corrected from null to its default, SimpleCommentedConfig:{}. 
[06Aug2026 13:12:44.893] [Test worker/WARN] [net.minecraftforge.common.ForgeConfigSpec/CORE]: Incorrect key Messages.localization was corrected from null to its default, en. 
[06Aug2026 13:12:44.893] [Test worker/WARN] [net.minecraftforge.common.ForgeConfigSpec/CORE]: Incorrect key Messages.display was corrected from null to its default, true. 
[06Aug2026 13:12:44.893] [Test worker/WARN] [net.minecraftforge.common.ForgeConfigSpec/CORE]: Incorrect key Messages.key was corrected from null to its default, . 
[06Aug2026 13:12:44.894] [Test worker/WARN] [net.minecraftforge.common.ForgeConfigSpec/CORE]: Incorrect key Messages.messages_change was corrected from null to its default, Skin change queued. 
[06Aug2026 13:12:44.894] [Test worker/WARN] [net.minecraftforge.common.ForgeConfigSpec/CORE]: Incorrect key Messages.messages_fulfilled was corrected from null to its default, Skin has been applied.. 
[06Aug2026 13:12:44.894] [Test worker/WARN] [net.minecraftforge.common.ForgeConfigSpec/CORE]: Incorrect key Messages.messages_timeout was corrected from null to its default, Skin fetch timed out.. 
[06Aug2026 13:12:44.894] [Test worker/WARN] [net.minecraftforge.common.ForgeConfigSpec/CORE]: Incorrect key Messages.messages_error was corrected from null to its default, Skin fetch failed.. 
[06Aug2026 13:12:44.894] [Test worker/WARN] [net.minecraftforge.common.ForgeConfigSpec/CORE]: Incorrect key Messages.messages_restored_from was corrected from null to its default, Skin restored from %s. 
[06Aug2026 13:12:44.894] [Test worker/WARN] [net.minecraftforge.common.ForgeConfigSpec/CORE]: Incorrect key Messages.messages_cleared_no_profile was corrected from null to its default, Skin cleared (no Mojang profile found). 
[06Aug2026 13:12:44.894] [Test worker/WARN] [net.minecraftforge.common.ForgeConfigSpec/CORE]: Incorrect key Messages.messages_no_source was corrected from null to its default, No source available. 
[06Aug2026 13:12:44.894] [Test worker/WARN] [net.minecraftforge.common.ForgeConfigSpec/CORE]: Incorrect key Messages.messages_player_only was corrected from null to its default, Player only command. 
[06Aug2026 13:12:44.894] [Test worker/WARN] [net.minecraftforge.common.ForgeConfigSpec/CORE]: Incorrect key Messages.messages_permission_denied was corrected from null to its default, Permission denied. 
[06Aug2026 13:12:44.894] [Test worker/WARN] [net.minecraftforge.common.ForgeConfigSpec/CORE]: Incorrect key Messages.messages_cooldown was corrected from null to its default, Please wait %ds before using /skin again. 
[06Aug2026 13:12:44.894] [Test worker/WARN] [net.minecraftforge.common.ForgeConfigSpec/CORE]: Incorrect key Messages.messages_rate_limited was corrected from null to its default, Too many /skin commands. Try again later.. 
[06Aug2026 13:12:44.894] [Test worker/WARN] [net.minecraftforge.common.ForgeConfigSpec/CORE]: Incorrect key Messages.messages_no_skin_found was corrected from null to its default, No skin found for "%s". 
[06Aug2026 13:12:44.894] [Test worker/WARN] [net.minecraftforge.common.ForgeConfigSpec/CORE]: Incorrect key Messages.messages_no_skin_found_plain was corrected from null to its default, No skin found. 
[06Aug2026 13:12:44.894] [Test worker/WARN] [net.minecraftforge.common.ForgeConfigSpec/CORE]: Incorrect key Messages.messages_mineskin_rejected was corrected from null to its default, MineSkin rejected the URL. 
[06Aug2026 13:12:44.894] [Test worker/WARN] [net.minecraftforge.common.ForgeConfigSpec/CORE]: Incorrect key Messages.messages_no_random_username was corrected from null to its default, No random username available. 
[06Aug2026 13:12:44.894] [Test worker/WARN] [net.minecraftforge.common.ForgeConfigSpec/CORE]: Incorrect key Messages.messages_provider_no_result was corrected from null to its default, Provider returned no result. 
[06Aug2026 13:12:44.894] [Test worker/WARN] [net.minecraftforge.common.ForgeConfigSpec/CORE]: Incorrect key Messages.messages_metrics_top_players was corrected from null to its default, Top players by refresh count:. 
[06Aug2026 13:12:44.894] [Test worker/WARN] [net.minecraftforge.common.ForgeConfigSpec/CORE]: Incorrect key Messages.messages_metrics_refreshes was corrected from null to its default,  refreshes. 
[06Aug2026 13:12:44.894] [Test worker/WARN] [net.minecraftforge.common.ForgeConfigSpec/CORE]: Incorrect key Messages.messages_metrics_no_refreshes was corrected from null to its default, (no refreshes recorded). 
[06Aug2026 13:12:44.895] [Test worker/WARN] [net.minecraftforge.common.ForgeConfigSpec/CORE]: Incorrect key Messages.messages_metrics_cleanup was corrected from null to its default, Metrics cleanup: pruned %d stale player entries. 
[06Aug2026 13:12:44.895] [Test worker/WARN] [net.minecraftforge.common.ForgeConfigSpec/CORE]: Incorrect key Messages.messages_metrics_reset was corrected from null to its default, Metrics reset. 
[06Aug2026 13:12:44.895] [Test worker/WARN] [net.minecraftforge.common.ForgeConfigSpec/CORE]: Incorrect key Messages.messages_discord_announce was corrected from null to its default, **%s** changed their skin to: `%s`. 
[06Aug2026 13:12:44.895] [Test worker/WARN] [net.minecraftforge.common.ForgeConfigSpec/CORE]: Incorrect key Integration was corrected from null to its default, SimpleCommentedConfig:{}. 
[06Aug2026 13:12:44.895] [Test worker/WARN] [net.minecraftforge.common.ForgeConfigSpec/CORE]: Incorrect key Integration.discordsrv_enabled was corrected from null to its default, false. 
[06Aug2026 13:12:44.895] [Test worker/WARN] [net.minecraftforge.common.ForgeConfigSpec/CORE]: Incorrect key Integration.discordsrv_channel_id was corrected from null to its default, . 
[06Aug2026 13:12:44.895] [Test worker/WARN] [net.minecraftforge.common.ForgeConfigSpec/CORE]: Incorrect key RateLimit was corrected from null to its default, SimpleCommentedConfig:{}. 
[06Aug2026 13:12:44.895] [Test worker/WARN] [net.minecraftforge.common.ForgeConfigSpec/CORE]: Incorrect key RateLimit.cooldown_seconds was corrected from null to its default, 3. 
[06Aug2026 13:12:44.895] [Test worker/WARN] [net.minecraftforge.common.ForgeConfigSpec/CORE]: Incorrect key RateLimit.rate_limit_enabled was corrected from null to its default, true. 
[06Aug2026 13:12:44.895] [Test worker/WARN] [net.minecraftforge.common.ForgeConfigSpec/CORE]: Incorrect key RateLimit.max_commands_per_minute was corrected from null to its default, 5. 
[06Aug2026 13:12:44.895] [Test worker/WARN] [net.minecraftforge.common.ForgeConfigSpec/CORE]: Incorrect key Broadcast was corrected from null to its default, SimpleCommentedConfig:{}. 
[06Aug2026 13:12:44.895] [Test worker/WARN] [net.minecraftforge.common.ForgeConfigSpec/CORE]: Incorrect key Broadcast.dimension_scoped_broadcast was corrected from null to its default, false. 
[06Aug2026 13:12:44.895] [Test worker/WARN] [net.minecraftforge.common.ForgeConfigSpec/CORE]: Incorrect key Broadcast.broadcast_use_bundle was corrected from null to its default, false. 
[06Aug2026 13:12:44.895] [Test worker/WARN] [net.minecraftforge.common.ForgeConfigSpec/CORE]: Incorrect key Broadcast.debounce_millis was corrected from null to its default, 100. 
[06Aug2026 13:12:44.896] [Test worker/WARN] [net.minecraftforge.common.ForgeConfigSpec/CORE]: Incorrect key Broadcast.refresh_via_entity_tracker was corrected from null to its default, true. 
[06Aug2026 13:12:44.896] [Test worker/WARN] [net.minecraftforge.common.ForgeConfigSpec/CORE]: Incorrect key Metrics was corrected from null to its default, SimpleCommentedConfig:{}. 
[06Aug2026 13:12:44.896] [Test worker/WARN] [net.minecraftforge.common.ForgeConfigSpec/CORE]: Incorrect key Metrics.metrics_enabled was corrected from null to its default, true. 
[06Aug2026 13:12:44.896] [Test worker/WARN] [net.minecraftforge.common.ForgeConfigSpec/CORE]: Incorrect key Metrics.metrics_dump_interval_seconds was corrected from null to its default, 60. 
[06Aug2026 13:12:44.896] [Test worker/WARN] [net.minecraftforge.common.ForgeConfigSpec/CORE]: Incorrect key Http was corrected from null to its default, SimpleCommentedConfig:{}. 
[06Aug2026 13:12:44.896] [Test worker/WARN] [net.minecraftforge.common.ForgeConfigSpec/CORE]: Incorrect key Http.http_client_version was corrected from null to its default, HTTP_2. 
[06Aug2026 13:12:44.896] [Test worker/WARN] [net.minecraftforge.common.ForgeConfigSpec/CORE]: Incorrect key Http.http_connect_timeout_seconds was corrected from null to its default, 5. 
[06Aug2026 13:12:44.896] [Test worker/WARN] [net.minecraftforge.common.ForgeConfigSpec/CORE]: Incorrect key MojangCache was corrected from null to its default, SimpleCommentedConfig:{}. 
[06Aug2026 13:12:44.897] [Test worker/WARN] [net.minecraftforge.common.ForgeConfigSpec/CORE]: Incorrect key MojangCache.mojang_profile_cache_enabled was corrected from null to its default, true. 
[06Aug2026 13:12:44.897] [Test worker/WARN] [net.minecraftforge.common.ForgeConfigSpec/CORE]: Incorrect key MojangCache.mojang_profile_cache_ttl_ms was corrected from null to its default, 3600000. 
[06Aug2026 13:12:44.897] [Test worker/WARN] [net.minecraftforge.common.ForgeConfigSpec/CORE]: Incorrect key MojangCache.mojang_profile_cache_max_size was corrected from null to its default, 1000. 
[06Aug2026 13:12:44.897] [Test worker/WARN] [net.minecraftforge.common.ForgeConfigSpec/CORE]: Incorrect key DefaultSkins was corrected from null to its default, SimpleCommentedConfig:{}. 
[06Aug2026 13:12:44.897] [Test worker/WARN] [net.minecraftforge.common.ForgeConfigSpec/CORE]: Incorrect key DefaultSkins.enabled was corrected from null to its default, false. 
[06Aug2026 13:12:44.897] [Test worker/WARN] [net.minecraftforge.common.ForgeConfigSpec/CORE]: Incorrect key DefaultSkins.applyForPremium was corrected from null to its default, false. 
[06Aug2026 13:12:44.897] [Test worker/WARN] [net.minecraftforge.common.ForgeConfigSpec/CORE]: Incorrect key DefaultSkins.list was corrected from null to its default, [Steve, <random>]. 
[06Aug2026 13:12:44.897] [Test worker/WARN] [net.minecraftforge.common.ForgeConfigSpec/CORE]: Incorrect key Security was corrected from null to its default, SimpleCommentedConfig:{}. 
[06Aug2026 13:12:44.897] [Test worker/WARN] [net.minecraftforge.common.ForgeConfigSpec/CORE]: Incorrect key Security.urlAllowlistEnabled was corrected from null to its default, false. 
[06Aug2026 13:12:44.897] [Test worker/WARN] [net.minecraftforge.common.ForgeConfigSpec/CORE]: Incorrect key Security.urlAllowlistDomains was corrected from null to its default, [imgur.com, storage.googleapis.com, cdn.discordapp.com, textures.minecraft.net, namemc.com, crafatar.com, mc-heads.net, githubusercontent.com, minecraftskins.com]. 
[06Aug2026 13:12:44.897] [Test worker/WARN] [net.minecraftforge.common.ForgeConfigSpec/CORE]: Incorrect key Permissions was corrected from null to its default, SimpleCommentedConfig:{}. 
[06Aug2026 13:12:44.897] [Test worker/WARN] [net.minecraftforge.common.ForgeConfigSpec/CORE]: Incorrect key Permissions.op_level was corrected from null to its default, SimpleCommentedConfig:{}. 
[06Aug2026 13:12:44.897] [Test worker/WARN] [net.minecraftforge.common.ForgeConfigSpec/CORE]: Incorrect key Permissions.op_level.mojang was corrected from null to its default, 0. 
[06Aug2026 13:12:44.897] [Test worker/WARN] [net.minecraftforge.common.ForgeConfigSpec/CORE]: Incorrect key Permissions.op_level.url was corrected from null to its default, 2. 
[06Aug2026 13:12:44.897] [Test worker/WARN] [net.minecraftforge.common.ForgeConfigSpec/CORE]: Incorrect key Permissions.op_level.clear was corrected from null to its default, 0. 
[06Aug2026 13:12:44.897] [Test worker/WARN] [net.minecraftforge.common.ForgeConfigSpec/CORE]: Incorrect key Permissions.op_level.random was corrected from null to its default, 0. 
[06Aug2026 13:12:44.897] [Test worker/WARN] [net.minecraftforge.common.ForgeConfigSpec/CORE]: Incorrect key Permissions.op_level.other was corrected from null to its default, 2. 
[06Aug2026 13:12:44.897] [Test worker/WARN] [net.minecraftforge.common.ForgeConfigSpec/CORE]: Incorrect key Permissions.op_level.metrics was corrected from null to its default, 2. 
[06Aug2026 13:12:44.897] [Test worker/WARN] [net.minecraftforge.common.ForgeConfigSpec/CORE]: Incorrect key Permissions.op_level.metrics_reset was corrected from null to its default, 2. 
[06Aug2026 13:12:44.898] [Test worker/WARN] [net.minecraftforge.common.ForgeConfigSpec/CORE]: Configuration file SimpleCommentedConfig:{} is not correct. Correcting
[06Aug2026 13:12:44.898] [Test worker/WARN] [net.minecraftforge.common.ForgeConfigSpec/CORE]: Incorrect key Messages was corrected from null to its default, SimpleCommentedConfig:{}. 
[06Aug2026 13:12:44.898] [Test worker/WARN] [net.minecraftforge.common.ForgeConfigSpec/CORE]: Incorrect key Messages.localization was corrected from null to its default, en. 
[06Aug2026 13:12:44.898] [Test worker/WARN] [net.minecraftforge.common.ForgeConfigSpec/CORE]: Incorrect key Messages.display was corrected from null to its default, true. 
[06Aug2026 13:12:44.898] [Test worker/WARN] [net.minecraftforge.common.ForgeConfigSpec/CORE]: Incorrect key Messages.key was corrected from null to its default, . 
[06Aug2026 13:12:44.898] [Test worker/WARN] [net.minecraftforge.common.ForgeConfigSpec/CORE]: Incorrect key Messages.messages_change was corrected from null to its default, Skin change queued. 
[06Aug2026 13:12:44.899] [Test worker/WARN] [net.minecraftforge.common.ForgeConfigSpec/CORE]: Incorrect key Messages.messages_fulfilled was corrected from null to its default, Skin has been applied.. 
[06Aug2026 13:12:44.899] [Test worker/WARN] [net.minecraftforge.common.ForgeConfigSpec/CORE]: Incorrect key Messages.messages_timeout was corrected from null to its default, Skin fetch timed out.. 
[06Aug2026 13:12:44.899] [Test worker/WARN] [net.minecraftforge.common.ForgeConfigSpec/CORE]: Incorrect key Messages.messages_error was corrected from null to its default, Skin fetch failed.. 
[06Aug2026 13:12:44.899] [Test worker/WARN] [net.minecraftforge.common.ForgeConfigSpec/CORE]: Incorrect key Messages.messages_restored_from was corrected from null to its default, Skin restored from %s. 
[06Aug2026 13:12:44.899] [Test worker/WARN] [net.minecraftforge.common.ForgeConfigSpec/CORE]: Incorrect key Messages.messages_cleared_no_profile was corrected from null to its default, Skin cleared (no Mojang profile found). 
[06Aug2026 13:12:44.899] [Test worker/WARN] [net.minecraftforge.common.ForgeConfigSpec/CORE]: Incorrect key Messages.messages_no_source was corrected from null to its default, No source available. 
[06Aug2026 13:12:44.899] [Test worker/WARN] [net.minecraftforge.common.ForgeConfigSpec/CORE]: Incorrect key Messages.messages_player_only was corrected from null to its default, Player only command. 
[06Aug2026 13:12:44.899] [Test worker/WARN] [net.minecraftforge.common.ForgeConfigSpec/CORE]: Incorrect key Messages.messages_permission_denied was corrected from null to its default, Permission denied. 
[06Aug2026 13:12:44.899] [Test worker/WARN] [net.minecraftforge.common.ForgeConfigSpec/CORE]: Incorrect key Messages.messages_cooldown was corrected from null to its default, Please wait %ds before using /skin again. 
[06Aug2026 13:12:44.899] [Test worker/WARN] [net.minecraftforge.common.ForgeConfigSpec/CORE]: Incorrect key Messages.messages_rate_limited was corrected from null to its default, Too many /skin commands. Try again later.. 
[06Aug2026 13:12:44.899] [Test worker/WARN] [net.minecraftforge.common.ForgeConfigSpec/CORE]: Incorrect key Messages.messages_no_skin_found was corrected from null to its default, No skin found for "%s". 
[06Aug2026 13:12:44.899] [Test worker/WARN] [net.minecraftforge.common.ForgeConfigSpec/CORE]: Incorrect key Messages.messages_no_skin_found_plain was corrected from null to its default, No skin found. 
[06Aug2026 13:12:44.899] [Test worker/WARN] [net.minecraftforge.common.ForgeConfigSpec/CORE]: Incorrect key Messages.messages_mineskin_rejected was corrected from null to its default, MineSkin rejected the URL. 
[06Aug2026 13:12:44.899] [Test worker/WARN] [net.minecraftforge.common.ForgeConfigSpec/CORE]: Incorrect key Messages.messages_no_random_username was corrected from null to its default, No random username available. 
[06Aug2026 13:12:44.899] [Test worker/WARN] [net.minecraftforge.common.ForgeConfigSpec/CORE]: Incorrect key Messages.messages_provider_no_result was corrected from null to its default, Provider returned no result. 
[06Aug2026 13:12:44.899] [Test worker/WARN] [net.minecraftforge.common.ForgeConfigSpec/CORE]: Incorrect key Messages.messages_metrics_top_players was corrected from null to its default, Top players by refresh count:. 
[06Aug2026 13:12:44.899] [Test worker/WARN] [net.minecraftforge.common.ForgeConfigSpec/CORE]: Incorrect key Messages.messages_metrics_refreshes was corrected from null to its default,  refreshes. 
[06Aug2026 13:12:44.899] [Test worker/WARN] [net.minecraftforge.common.ForgeConfigSpec/CORE]: Incorrect key Messages.messages_metrics_no_refreshes was corrected from null to its default, (no refreshes recorded). 
[06Aug2026 13:12:44.899] [Test worker/WARN] [net.minecraftforge.common.ForgeConfigSpec/CORE]: Incorrect key Messages.messages_metrics_cleanup was corrected from null to its default, Metrics cleanup: pruned %d stale player entries. 
[06Aug2026 13:12:44.899] [Test worker/WARN] [net.minecraftforge.common.ForgeConfigSpec/CORE]: Incorrect key Messages.messages_metrics_reset was corrected from null to its default, Metrics reset. 
[06Aug2026 13:12:44.899] [Test worker/WARN] [net.minecraftforge.common.ForgeConfigSpec/CORE]: Incorrect key Messages.messages_discord_announce was corrected from null to its default, **%s** changed their skin to: `%s`. 
[06Aug2026 13:12:44.899] [Test worker/WARN] [net.minecraftforge.common.ForgeConfigSpec/CORE]: Incorrect key Integration was corrected from null to its default, SimpleCommentedConfig:{}. 
[06Aug2026 13:12:44.899] [Test worker/WARN] [net.minecraftforge.common.ForgeConfigSpec/CORE]: Incorrect key Integration.discordsrv_enabled was corrected from null to its default, false. 
[06Aug2026 13:12:44.899] [Test worker/WARN] [net.minecraftforge.common.ForgeConfigSpec/CORE]: Incorrect key Integration.discordsrv_channel_id was corrected from null to its default, . 
[06Aug2026 13:12:44.900] [Test worker/WARN] [net.minecraftforge.common.ForgeConfigSpec/CORE]: Incorrect key RateLimit was corrected from null to its default, SimpleCommentedConfig:{}. 
[06Aug2026 13:12:44.900] [Test worker/WARN] [net.minecraftforge.common.ForgeConfigSpec/CORE]: Incorrect key RateLimit.cooldown_seconds was corrected from null to its default, 3. 
[06Aug2026 13:12:44.900] [Test worker/WARN] [net.minecraftforge.common.ForgeConfigSpec/CORE]: Incorrect key RateLimit.rate_limit_enabled was corrected from null to its default, true. 
[06Aug2026 13:12:44.900] [Test worker/WARN] [net.minecraftforge.common.ForgeConfigSpec/CORE]: Incorrect key RateLimit.max_commands_per_minute was corrected from null to its default, 5. 
[06Aug2026 13:12:44.900] [Test worker/WARN] [net.minecraftforge.common.ForgeConfigSpec/CORE]: Incorrect key Broadcast was corrected from null to its default, SimpleCommentedConfig:{}. 
[06Aug2026 13:12:44.900] [Test worker/WARN] [net.minecraftforge.common.ForgeConfigSpec/CORE]: Incorrect key Broadcast.dimension_scoped_broadcast was corrected from null to its default, false. 
[06Aug2026 13:12:44.900] [Test worker/WARN] [net.minecraftforge.common.ForgeConfigSpec/CORE]: Incorrect key Broadcast.broadcast_use_bundle was corrected from null to its default, false. 
[06Aug2026 13:12:44.900] [Test worker/WARN] [net.minecraftforge.common.ForgeConfigSpec/CORE]: Incorrect key Broadcast.debounce_millis was corrected from null to its default, 100. 
[06Aug2026 13:12:44.900] [Test worker/WARN] [net.minecraftforge.common.ForgeConfigSpec/CORE]: Incorrect key Broadcast.refresh_via_entity_tracker was corrected from null to its default, true. 
[06Aug2026 13:12:44.900] [Test worker/WARN] [net.minecraftforge.common.ForgeConfigSpec/CORE]: Incorrect key Metrics was corrected from null to its default, SimpleCommentedConfig:{}. 
[06Aug2026 13:12:44.900] [Test worker/WARN] [net.minecraftforge.common.ForgeConfigSpec/CORE]: Incorrect key Metrics.metrics_enabled was corrected from null to its default, true. 
[06Aug2026 13:12:44.900] [Test worker/WARN] [net.minecraftforge.common.ForgeConfigSpec/CORE]: Incorrect key Metrics.metrics_dump_interval_seconds was corrected from null to its default, 60. 
[06Aug2026 13:12:44.900] [Test worker/WARN] [net.minecraftforge.common.ForgeConfigSpec/CORE]: Incorrect key Http was corrected from null to its default, SimpleCommentedConfig:{}. 
[06Aug2026 13:12:44.900] [Test worker/WARN] [net.minecraftforge.common.ForgeConfigSpec/CORE]: Incorrect key Http.http_client_version was corrected from null to its default, HTTP_2. 
[06Aug2026 13:12:44.900] [Test worker/WARN] [net.minecraftforge.common.ForgeConfigSpec/CORE]: Incorrect key Http.http_connect_timeout_seconds was corrected from null to its default, 5. 
[06Aug2026 13:12:44.900] [Test worker/WARN] [net.minecraftforge.common.ForgeConfigSpec/CORE]: Incorrect key MojangCache was corrected from null to its default, SimpleCommentedConfig:{}. 
[06Aug2026 13:12:44.900] [Test worker/WARN] [net.minecraftforge.common.ForgeConfigSpec/CORE]: Incorrect key MojangCache.mojang_profile_cache_enabled was corrected from null to its default, true. 
[06Aug2026 13:12:44.900] [Test worker/WARN] [net.minecraftforge.common.ForgeConfigSpec/CORE]: Incorrect key MojangCache.mojang_profile_cache_ttl_ms was corrected from null to its default, 3600000. 
[06Aug2026 13:12:44.900] [Test worker/WARN] [net.minecraftforge.common.ForgeConfigSpec/CORE]: Incorrect key MojangCache.mojang_profile_cache_max_size was corrected from null to its default, 1000. 
[06Aug2026 13:12:44.900] [Test worker/WARN] [net.minecraftforge.common.ForgeConfigSpec/CORE]: Incorrect key DefaultSkins was corrected from null to its default, SimpleCommentedConfig:{}. 
[06Aug2026 13:12:44.900] [Test worker/WARN] [net.minecraftforge.common.ForgeConfigSpec/CORE]: Incorrect key DefaultSkins.enabled was corrected from null to its default, false. 
[06Aug2026 13:12:44.900] [Test worker/WARN] [net.minecraftforge.common.ForgeConfigSpec/CORE]: Incorrect key DefaultSkins.applyForPremium was corrected from null to its default, false. 
[06Aug2026 13:12:44.900] [Test worker/WARN] [net.minecraftforge.common.ForgeConfigSpec/CORE]: Incorrect key DefaultSkins.list was corrected from null to its default, [Steve, <random>]. 
[06Aug2026 13:12:44.900] [Test worker/WARN] [net.minecraftforge.common.ForgeConfigSpec/CORE]: Incorrect key Security was corrected from null to its default, SimpleCommentedConfig:{}. 
[06Aug2026 13:12:44.900] [Test worker/WARN] [net.minecraftforge.common.ForgeConfigSpec/CORE]: Incorrect key Security.urlAllowlistEnabled was corrected from null to its default, false. 
[06Aug2026 13:12:44.900] [Test worker/WARN] [net.minecraftforge.common.ForgeConfigSpec/CORE]: Incorrect key Security.urlAllowlistDomains was corrected from null to its default, [imgur.com, storage.googleapis.com, cdn.discordapp.com, textures.minecraft.net, namemc.com, crafatar.com, mc-heads.net, githubusercontent.com, minecraftskins.com]. 
[06Aug2026 13:12:44.900] [Test worker/WARN] [net.minecraftforge.common.ForgeConfigSpec/CORE]: Incorrect key Permissions was corrected from null to its default, SimpleCommentedConfig:{}. 
[06Aug2026 13:12:44.901] [Test worker/WARN] [net.minecraftforge.common.ForgeConfigSpec/CORE]: Incorrect key Permissions.op_level was corrected from null to its default, SimpleCommentedConfig:{}. 
[06Aug2026 13:12:44.901] [Test worker/WARN] [net.minecraftforge.common.ForgeConfigSpec/CORE]: Incorrect key Permissions.op_level.mojang was corrected from null to its default, 0. 
[06Aug2026 13:12:44.901] [Test worker/WARN] [net.minecraftforge.common.ForgeConfigSpec/CORE]: Incorrect key Permissions.op_level.url was corrected from null to its default, 2. 
[06Aug2026 13:12:44.901] [Test worker/WARN] [net.minecraftforge.common.ForgeConfigSpec/CORE]: Incorrect key Permissions.op_level.clear was corrected from null to its default, 0. 
[06Aug2026 13:12:44.901] [Test worker/WARN] [net.minecraftforge.common.ForgeConfigSpec/CORE]: Incorrect key Permissions.op_level.random was corrected from null to its default, 0. 
[06Aug2026 13:12:44.901] [Test worker/WARN] [net.minecraftforge.common.ForgeConfigSpec/CORE]: Incorrect key Permissions.op_level.other was corrected from null to its default, 2. 
[06Aug2026 13:12:44.901] [Test worker/WARN] [net.minecraftforge.common.ForgeConfigSpec/CORE]: Incorrect key Permissions.op_level.metrics was corrected from null to its default, 2. 
[06Aug2026 13:12:44.901] [Test worker/WARN] [net.minecraftforge.common.ForgeConfigSpec/CORE]: Incorrect key Permissions.op_level.metrics_reset was corrected from null to its default, 2. 
[06Aug2026 13:12:44.903] [Test worker/WARN] [net.minecraftforge.common.ForgeConfigSpec/CORE]: Configuration file SimpleCommentedConfig:{} is not correct. Correcting
[06Aug2026 13:12:44.904] [Test worker/WARN] [net.minecraftforge.common.ForgeConfigSpec/CORE]: Incorrect key Messages was corrected from null to its default, SimpleCommentedConfig:{}. 
[06Aug2026 13:12:44.904] [Test worker/WARN] [net.minecraftforge.common.ForgeConfigSpec/CORE]: Incorrect key Messages.localization was corrected from null to its default, en. 
[06Aug2026 13:12:44.904] [Test worker/WARN] [net.minecraftforge.common.ForgeConfigSpec/CORE]: Incorrect key Messages.display was corrected from null to its default, true. 
[06Aug2026 13:12:44.904] [Test worker/WARN] [net.minecraftforge.common.ForgeConfigSpec/CORE]: Incorrect key Messages.key was corrected from null to its default, . 
[06Aug2026 13:12:44.904] [Test worker/WARN] [net.minecraftforge.common.ForgeConfigSpec/CORE]: Incorrect key Messages.messages_change was corrected from null to its default, Skin change queued. 
[06Aug2026 13:12:44.904] [Test worker/WARN] [net.minecraftforge.common.ForgeConfigSpec/CORE]: Incorrect key Messages.messages_fulfilled was corrected from null to its default, Skin has been applied.. 
[06Aug2026 13:12:44.904] [Test worker/WARN] [net.minecraftforge.common.ForgeConfigSpec/CORE]: Incorrect key Messages.messages_timeout was corrected from null to its default, Skin fetch timed out.. 
[06Aug2026 13:12:44.904] [Test worker/WARN] [net.minecraftforge.common.ForgeConfigSpec/CORE]: Incorrect key Messages.messages_error was corrected from null to its default, Skin fetch failed.. 
[06Aug2026 13:12:44.904] [Test worker/WARN] [net.minecraftforge.common.ForgeConfigSpec/CORE]: Incorrect key Messages.messages_restored_from was corrected from null to its default, Skin restored from %s. 
[06Aug2026 13:12:44.904] [Test worker/WARN] [net.minecraftforge.common.ForgeConfigSpec/CORE]: Incorrect key Messages.messages_cleared_no_profile was corrected from null to its default, Skin cleared (no Mojang profile found). 
[06Aug2026 13:12:44.904] [Test worker/WARN] [net.minecraftforge.common.ForgeConfigSpec/CORE]: Incorrect key Messages.messages_no_source was corrected from null to its default, No source available. 
[06Aug2026 13:12:44.904] [Test worker/WARN] [net.minecraftforge.common.ForgeConfigSpec/CORE]: Incorrect key Messages.messages_player_only was corrected from null to its default, Player only command. 
[06Aug2026 13:12:44.904] [Test worker/WARN] [net.minecraftforge.common.ForgeConfigSpec/CORE]: Incorrect key Messages.messages_permission_denied was corrected from null to its default, Permission denied. 
[06Aug2026 13:12:44.904] [Test worker/WARN] [net.minecraftforge.common.ForgeConfigSpec/CORE]: Incorrect key Messages.messages_cooldown was corrected from null to its default, Please wait %ds before using /skin again. 
[06Aug2026 13:12:44.904] [Test worker/WARN] [net.minecraftforge.common.ForgeConfigSpec/CORE]: Incorrect key Messages.messages_rate_limited was corrected from null to its default, Too many /skin commands. Try again later.. 
[06Aug2026 13:12:44.905] [Test worker/WARN] [net.minecraftforge.common.ForgeConfigSpec/CORE]: Incorrect key Messages.messages_no_skin_found was corrected from null to its default, No skin found for "%s". 
[06Aug2026 13:12:44.905] [Test worker/WARN] [net.minecraftforge.common.ForgeConfigSpec/CORE]: Incorrect key Messages.messages_no_skin_found_plain was corrected from null to its default, No skin found. 
[06Aug2026 13:12:44.905] [Test worker/WARN] [net.minecraftforge.common.ForgeConfigSpec/CORE]: Incorrect key Messages.messages_mineskin_rejected was corrected from null to its default, MineSkin rejected the URL. 
[06Aug2026 13:12:44.905] [Test worker/WARN] [net.minecraftforge.common.ForgeConfigSpec/CORE]: Incorrect key Messages.messages_no_random_username was corrected from null to its default, No random username available. 
[06Aug2026 13:12:44.905] [Test worker/WARN] [net.minecraftforge.common.ForgeConfigSpec/CORE]: Incorrect key Messages.messages_provider_no_result was corrected from null to its default, Provider returned no result. 
[06Aug2026 13:12:44.905] [Test worker/WARN] [net.minecraftforge.common.ForgeConfigSpec/CORE]: Incorrect key Messages.messages_metrics_top_players was corrected from null to its default, Top players by refresh count:. 
[06Aug2026 13:12:44.905] [Test worker/WARN] [net.minecraftforge.common.ForgeConfigSpec/CORE]: Incorrect key Messages.messages_metrics_refreshes was corrected from null to its default,  refreshes. 
[06Aug2026 13:12:44.905] [Test worker/WARN] [net.minecraftforge.common.ForgeConfigSpec/CORE]: Incorrect key Messages.messages_metrics_no_refreshes was corrected from null to its default, (no refreshes recorded). 
[06Aug2026 13:12:44.905] [Test worker/WARN] [net.minecraftforge.common.ForgeConfigSpec/CORE]: Incorrect key Messages.messages_metrics_cleanup was corrected from null to its default, Metrics cleanup: pruned %d stale player entries. 
[06Aug2026 13:12:44.905] [Test worker/WARN] [net.minecraftforge.common.ForgeConfigSpec/CORE]: Incorrect key Messages.messages_metrics_reset was corrected from null to its default, Metrics reset. 
[06Aug2026 13:12:44.905] [Test worker/WARN] [net.minecraftforge.common.ForgeConfigSpec/CORE]: Incorrect key Messages.messages_discord_announce was corrected from null to its default, **%s** changed their skin to: `%s`. 
[06Aug2026 13:12:44.905] [Test worker/WARN] [net.minecraftforge.common.ForgeConfigSpec/CORE]: Incorrect key Integration was corrected from null to its default, SimpleCommentedConfig:{}. 
[06Aug2026 13:12:44.905] [Test worker/WARN] [net.minecraftforge.common.ForgeConfigSpec/CORE]: Incorrect key Integration.discordsrv_enabled was corrected from null to its default, false. 
[06Aug2026 13:12:44.905] [Test worker/WARN] [net.minecraftforge.common.ForgeConfigSpec/CORE]: Incorrect key Integration.discordsrv_channel_id was corrected from null to its default, . 
[06Aug2026 13:12:44.905] [Test worker/WARN] [net.minecraftforge.common.ForgeConfigSpec/CORE]: Incorrect key RateLimit was corrected from null to its default, SimpleCommentedConfig:{}. 
[06Aug2026 13:12:44.905] [Test worker/WARN] [net.minecraftforge.common.ForgeConfigSpec/CORE]: Incorrect key RateLimit.cooldown_seconds was corrected from null to its default, 3. 
[06Aug2026 13:12:44.906] [Test worker/WARN] [net.minecraftforge.common.ForgeConfigSpec/CORE]: Incorrect key RateLimit.rate_limit_enabled was corrected from null to its default, true. 
[06Aug2026 13:12:44.906] [Test worker/WARN] [net.minecraftforge.common.ForgeConfigSpec/CORE]: Incorrect key RateLimit.max_commands_per_minute was corrected from null to its default, 5. 
[06Aug2026 13:12:44.906] [Test worker/WARN] [net.minecraftforge.common.ForgeConfigSpec/CORE]: Incorrect key Broadcast was corrected from null to its default, SimpleCommentedConfig:{}. 
[06Aug2026 13:12:44.906] [Test worker/WARN] [net.minecraftforge.common.ForgeConfigSpec/CORE]: Incorrect key Broadcast.dimension_scoped_broadcast was corrected from null to its default, false. 
[06Aug2026 13:12:44.906] [Test worker/WARN] [net.minecraftforge.common.ForgeConfigSpec/CORE]: Incorrect key Broadcast.broadcast_use_bundle was corrected from null to its default, false. 
[06Aug2026 13:12:44.906] [Test worker/WARN] [net.minecraftforge.common.ForgeConfigSpec/CORE]: Incorrect key Broadcast.debounce_millis was corrected from null to its default, 100. 
[06Aug2026 13:12:44.906] [Test worker/WARN] [net.minecraftforge.common.ForgeConfigSpec/CORE]: Incorrect key Broadcast.refresh_via_entity_tracker was corrected from null to its default, true. 
[06Aug2026 13:12:44.906] [Test worker/WARN] [net.minecraftforge.common.ForgeConfigSpec/CORE]: Incorrect key Metrics was corrected from null to its default, SimpleCommentedConfig:{}. 
[06Aug2026 13:12:44.906] [Test worker/WARN] [net.minecraftforge.common.ForgeConfigSpec/CORE]: Incorrect key Metrics.metrics_enabled was corrected from null to its default, true. 
[06Aug2026 13:12:44.906] [Test worker/WARN] [net.minecraftforge.common.ForgeConfigSpec/CORE]: Incorrect key Metrics.metrics_dump_interval_seconds was corrected from null to its default, 60. 
[06Aug2026 13:12:44.906] [Test worker/WARN] [net.minecraftforge.common.ForgeConfigSpec/CORE]: Incorrect key Http was corrected from null to its default, SimpleCommentedConfig:{}. 
[06Aug2026 13:12:44.906] [Test worker/WARN] [net.minecraftforge.common.ForgeConfigSpec/CORE]: Incorrect key Http.http_client_version was corrected from null to its default, HTTP_2. 
[06Aug2026 13:12:44.906] [Test worker/WARN] [net.minecraftforge.common.ForgeConfigSpec/CORE]: Incorrect key Http.http_connect_timeout_seconds was corrected from null to its default, 5. 
[06Aug2026 13:12:44.906] [Test worker/WARN] [net.minecraftforge.common.ForgeConfigSpec/CORE]: Incorrect key MojangCache was corrected from null to its default, SimpleCommentedConfig:{}. 
[06Aug2026 13:12:44.906] [Test worker/WARN] [net.minecraftforge.common.ForgeConfigSpec/CORE]: Incorrect key MojangCache.mojang_profile_cache_enabled was corrected from null to its default, true. 
[06Aug2026 13:12:44.906] [Test worker/WARN] [net.minecraftforge.common.ForgeConfigSpec/CORE]: Incorrect key MojangCache.mojang_profile_cache_ttl_ms was corrected from null to its default, 3600000. 
[06Aug2026 13:12:44.907] [Test worker/WARN] [net.minecraftforge.common.ForgeConfigSpec/CORE]: Incorrect key MojangCache.mojang_profile_cache_max_size was corrected from null to its default, 1000. 
[06Aug2026 13:12:44.907] [Test worker/WARN] [net.minecraftforge.common.ForgeConfigSpec/CORE]: Incorrect key DefaultSkins was corrected from null to its default, SimpleCommentedConfig:{}. 
[06Aug2026 13:12:44.907] [Test worker/WARN] [net.minecraftforge.common.ForgeConfigSpec/CORE]: Incorrect key DefaultSkins.enabled was corrected from null to its default, false. 
[06Aug2026 13:12:44.907] [Test worker/WARN] [net.minecraftforge.common.ForgeConfigSpec/CORE]: Incorrect key DefaultSkins.applyForPremium was corrected from null to its default, false. 
[06Aug2026 13:12:44.907] [Test worker/WARN] [net.minecraftforge.common.ForgeConfigSpec/CORE]: Incorrect key DefaultSkins.list was corrected from null to its default, [Steve, <random>]. 
[06Aug2026 13:12:44.907] [Test worker/WARN] [net.minecraftforge.common.ForgeConfigSpec/CORE]: Incorrect key Security was corrected from null to its default, SimpleCommentedConfig:{}. 
[06Aug2026 13:12:44.907] [Test worker/WARN] [net.minecraftforge.common.ForgeConfigSpec/CORE]: Incorrect key Security.urlAllowlistEnabled was corrected from null to its default, false. 
[06Aug2026 13:12:44.907] [Test worker/WARN] [net.minecraftforge.common.ForgeConfigSpec/CORE]: Incorrect key Security.urlAllowlistDomains was corrected from null to its default, [imgur.com, storage.googleapis.com, cdn.discordapp.com, textures.minecraft.net, namemc.com, crafatar.com, mc-heads.net, githubusercontent.com, minecraftskins.com]. 
[06Aug2026 13:12:44.907] [Test worker/WARN] [net.minecraftforge.common.ForgeConfigSpec/CORE]: Incorrect key Permissions was corrected from null to its default, SimpleCommentedConfig:{}. 
[06Aug2026 13:12:44.907] [Test worker/WARN] [net.minecraftforge.common.ForgeConfigSpec/CORE]: Incorrect key Permissions.op_level was corrected from null to its default, SimpleCommentedConfig:{}. 
[06Aug2026 13:12:44.907] [Test worker/WARN] [net.minecraftforge.common.ForgeConfigSpec/CORE]: Incorrect key Permissions.op_level.mojang was corrected from null to its default, 0. 
[06Aug2026 13:12:44.907] [Test worker/WARN] [net.minecraftforge.common.ForgeConfigSpec/CORE]: Incorrect key Permissions.op_level.url was corrected from null to its default, 2. 
[06Aug2026 13:12:44.907] [Test worker/WARN] [net.minecraftforge.common.ForgeConfigSpec/CORE]: Incorrect key Permissions.op_level.clear was corrected from null to its default, 0. 
[06Aug2026 13:12:44.907] [Test worker/WARN] [net.minecraftforge.common.ForgeConfigSpec/CORE]: Incorrect key Permissions.op_level.random was corrected from null to its default, 0. 
[06Aug2026 13:12:44.907] [Test worker/WARN] [net.minecraftforge.common.ForgeConfigSpec/CORE]: Incorrect key Permissions.op_level.other was corrected from null to its default, 2. 
[06Aug2026 13:12:44.908] [Test worker/WARN] [net.minecraftforge.common.ForgeConfigSpec/CORE]: Incorrect key Permissions.op_level.metrics was corrected from null to its default, 2. 
[06Aug2026 13:12:44.908] [Test worker/WARN] [net.minecraftforge.common.ForgeConfigSpec/CORE]: Incorrect key Permissions.op_level.metrics_reset was corrected from null to its default, 2. 
[06Aug2026 13:12:44.909] [Test worker/WARN] [net.minecraftforge.common.ForgeConfigSpec/CORE]: Configuration file SimpleCommentedConfig:{} is not correct. Correcting
[06Aug2026 13:12:44.909] [Test worker/WARN] [net.minecraftforge.common.ForgeConfigSpec/CORE]: Incorrect key Messages was corrected from null to its default, SimpleCommentedConfig:{}. 
[06Aug2026 13:12:44.909] [Test worker/WARN] [net.minecraftforge.common.ForgeConfigSpec/CORE]: Incorrect key Messages.localization was corrected from null to its default, en. 
[06Aug2026 13:12:44.909] [Test worker/WARN] [net.minecraftforge.common.ForgeConfigSpec/CORE]: Incorrect key Messages.display was corrected from null to its default, true. 
[06Aug2026 13:12:44.909] [Test worker/WARN] [net.minecraftforge.common.ForgeConfigSpec/CORE]: Incorrect key Messages.key was corrected from null to its default, . 
[06Aug2026 13:12:44.909] [Test worker/WARN] [net.minecraftforge.common.ForgeConfigSpec/CORE]: Incorrect key Messages.messages_change was corrected from null to its default, Skin change queued. 
[06Aug2026 13:12:44.909] [Test worker/WARN] [net.minecraftforge.common.ForgeConfigSpec/CORE]: Incorrect key Messages.messages_fulfilled was corrected from null to its default, Skin has been applied.. 
[06Aug2026 13:12:44.909] [Test worker/WARN] [net.minecraftforge.common.ForgeConfigSpec/CORE]: Incorrect key Messages.messages_timeout was corrected from null to its default, Skin fetch timed out.. 
[06Aug2026 13:12:44.909] [Test worker/WARN] [net.minecraftforge.common.ForgeConfigSpec/CORE]: Incorrect key Messages.messages_error was corrected from null to its default, Skin fetch failed.. 
[06Aug2026 13:12:44.909] [Test worker/WARN] [net.minecraftforge.common.ForgeConfigSpec/CORE]: Incorrect key Messages.messages_restored_from was corrected from null to its default, Skin restored from %s. 
[06Aug2026 13:12:44.909] [Test worker/WARN] [net.minecraftforge.common.ForgeConfigSpec/CORE]: Incorrect key Messages.messages_cleared_no_profile was corrected from null to its default, Skin cleared (no Mojang profile found). 
[06Aug2026 13:12:44.909] [Test worker/WARN] [net.minecraftforge.common.ForgeConfigSpec/CORE]: Incorrect key Messages.messages_no_source was corrected from null to its default, No source available. 
[06Aug2026 13:12:44.910] [Test worker/WARN] [net.minecraftforge.common.ForgeConfigSpec/CORE]: Incorrect key Messages.messages_player_only was corrected from null to its default, Player only command. 
[06Aug2026 13:12:44.910] [Test worker/WARN] [net.minecraftforge.common.ForgeConfigSpec/CORE]: Incorrect key Messages.messages_permission_denied was corrected from null to its default, Permission denied. 
[06Aug2026 13:12:44.910] [Test worker/WARN] [net.minecraftforge.common.ForgeConfigSpec/CORE]: Incorrect key Messages.messages_cooldown was corrected from null to its default, Please wait %ds before using /skin again. 
[06Aug2026 13:12:44.910] [Test worker/WARN] [net.minecraftforge.common.ForgeConfigSpec/CORE]: Incorrect key Messages.messages_rate_limited was corrected from null to its default, Too many /skin commands. Try again later.. 
[06Aug2026 13:12:44.910] [Test worker/WARN] [net.minecraftforge.common.ForgeConfigSpec/CORE]: Incorrect key Messages.messages_no_skin_found was corrected from null to its default, No skin found for "%s". 
[06Aug2026 13:12:44.910] [Test worker/WARN] [net.minecraftforge.common.ForgeConfigSpec/CORE]: Incorrect key Messages.messages_no_skin_found_plain was corrected from null to its default, No skin found. 
[06Aug2026 13:12:44.910] [Test worker/WARN] [net.minecraftforge.common.ForgeConfigSpec/CORE]: Incorrect key Messages.messages_mineskin_rejected was corrected from null to its default, MineSkin rejected the URL. 
[06Aug2026 13:12:44.910] [Test worker/WARN] [net.minecraftforge.common.ForgeConfigSpec/CORE]: Incorrect key Messages.messages_no_random_username was corrected from null to its default, No random username available. 
[06Aug2026 13:12:44.910] [Test worker/WARN] [net.minecraftforge.common.ForgeConfigSpec/CORE]: Incorrect key Messages.messages_provider_no_result was corrected from null to its default, Provider returned no result. 
[06Aug2026 13:12:44.910] [Test worker/WARN] [net.minecraftforge.common.ForgeConfigSpec/CORE]: Incorrect key Messages.messages_metrics_top_players was corrected from null to its default, Top players by refresh count:. 
[06Aug2026 13:12:44.910] [Test worker/WARN] [net.minecraftforge.common.ForgeConfigSpec/CORE]: Incorrect key Messages.messages_metrics_refreshes was corrected from null to its default,  refreshes. 
[06Aug2026 13:12:44.910] [Test worker/WARN] [net.minecraftforge.common.ForgeConfigSpec/CORE]: Incorrect key Messages.messages_metrics_no_refreshes was corrected from null to its default, (no refreshes recorded). 
[06Aug2026 13:12:44.910] [Test worker/WARN] [net.minecraftforge.common.ForgeConfigSpec/CORE]: Incorrect key Messages.messages_metrics_cleanup was corrected from null to its default, Metrics cleanup: pruned %d stale player entries. 
[06Aug2026 13:12:44.910] [Test worker/WARN] [net.minecraftforge.common.ForgeConfigSpec/CORE]: Incorrect key Messages.messages_metrics_reset was corrected from null to its default, Metrics reset. 
[06Aug2026 13:12:44.910] [Test worker/WARN] [net.minecraftforge.common.ForgeConfigSpec/CORE]: Incorrect key Messages.messages_discord_announce was corrected from null to its default, **%s** changed their skin to: `%s`. 
[06Aug2026 13:12:44.910] [Test worker/WARN] [net.minecraftforge.common.ForgeConfigSpec/CORE]: Incorrect key Integration was corrected from null to its default, SimpleCommentedConfig:{}. 
[06Aug2026 13:12:44.910] [Test worker/WARN] [net.minecraftforge.common.ForgeConfigSpec/CORE]: Incorrect key Integration.discordsrv_enabled was corrected from null to its default, false. 
[06Aug2026 13:12:44.910] [Test worker/WARN] [net.minecraftforge.common.ForgeConfigSpec/CORE]: Incorrect key Integration.discordsrv_channel_id was corrected from null to its default, . 
[06Aug2026 13:12:44.910] [Test worker/WARN] [net.minecraftforge.common.ForgeConfigSpec/CORE]: Incorrect key RateLimit was corrected from null to its default, SimpleCommentedConfig:{}. 
[06Aug2026 13:12:44.910] [Test worker/WARN] [net.minecraftforge.common.ForgeConfigSpec/CORE]: Incorrect key RateLimit.cooldown_seconds was corrected from null to its default, 3. 
[06Aug2026 13:12:44.910] [Test worker/WARN] [net.minecraftforge.common.ForgeConfigSpec/CORE]: Incorrect key RateLimit.rate_limit_enabled was corrected from null to its default, true. 
[06Aug2026 13:12:44.911] [Test worker/WARN] [net.minecraftforge.common.ForgeConfigSpec/CORE]: Incorrect key RateLimit.max_commands_per_minute was corrected from null to its default, 5. 
[06Aug2026 13:12:44.911] [Test worker/WARN] [net.minecraftforge.common.ForgeConfigSpec/CORE]: Incorrect key Broadcast was corrected from null to its default, SimpleCommentedConfig:{}. 
[06Aug2026 13:12:44.911] [Test worker/WARN] [net.minecraftforge.common.ForgeConfigSpec/CORE]: Incorrect key Broadcast.dimension_scoped_broadcast was corrected from null to its default, false. 
[06Aug2026 13:12:44.911] [Test worker/WARN] [net.minecraftforge.common.ForgeConfigSpec/CORE]: Incorrect key Broadcast.broadcast_use_bundle was corrected from null to its default, false. 
[06Aug2026 13:12:44.911] [Test worker/WARN] [net.minecraftforge.common.ForgeConfigSpec/CORE]: Incorrect key Broadcast.debounce_millis was corrected from null to its default, 100. 
[06Aug2026 13:12:44.911] [Test worker/WARN] [net.minecraftforge.common.ForgeConfigSpec/CORE]: Incorrect key Broadcast.refresh_via_entity_tracker was corrected from null to its default, true. 
[06Aug2026 13:12:44.911] [Test worker/WARN] [net.minecraftforge.common.ForgeConfigSpec/CORE]: Incorrect key Metrics was corrected from null to its default, SimpleCommentedConfig:{}. 
[06Aug2026 13:12:44.911] [Test worker/WARN] [net.minecraftforge.common.ForgeConfigSpec/CORE]: Incorrect key Metrics.metrics_enabled was corrected from null to its default, true. 
[06Aug2026 13:12:44.911] [Test worker/WARN] [net.minecraftforge.common.ForgeConfigSpec/CORE]: Incorrect key Metrics.metrics_dump_interval_seconds was corrected from null to its default, 60. 
[06Aug2026 13:12:44.911] [Test worker/WARN] [net.minecraftforge.common.ForgeConfigSpec/CORE]: Incorrect key Http was corrected from null to its default, SimpleCommentedConfig:{}. 
[06Aug2026 13:12:44.911] [Test worker/WARN] [net.minecraftforge.common.ForgeConfigSpec/CORE]: Incorrect key Http.http_client_version was corrected from null to its default, HTTP_2. 
[06Aug2026 13:12:44.911] [Test worker/WARN] [net.minecraftforge.common.ForgeConfigSpec/CORE]: Incorrect key Http.http_connect_timeout_seconds was corrected from null to its default, 5. 
[06Aug2026 13:12:44.911] [Test worker/WARN] [net.minecraftforge.common.ForgeConfigSpec/CORE]: Incorrect key MojangCache was corrected from null to its default, SimpleCommentedConfig:{}. 
[06Aug2026 13:12:44.911] [Test worker/WARN] [net.minecraftforge.common.ForgeConfigSpec/CORE]: Incorrect key MojangCache.mojang_profile_cache_enabled was corrected from null to its default, true. 
[06Aug2026 13:12:44.911] [Test worker/WARN] [net.minecraftforge.common.ForgeConfigSpec/CORE]: Incorrect key MojangCache.mojang_profile_cache_ttl_ms was corrected from null to its default, 3600000. 
[06Aug2026 13:12:44.911] [Test worker/WARN] [net.minecraftforge.common.ForgeConfigSpec/CORE]: Incorrect key MojangCache.mojang_profile_cache_max_size was corrected from null to its default, 1000. 
[06Aug2026 13:12:44.911] [Test worker/WARN] [net.minecraftforge.common.ForgeConfigSpec/CORE]: Incorrect key DefaultSkins was corrected from null to its default, SimpleCommentedConfig:{}. 
[06Aug2026 13:12:44.911] [Test worker/WARN] [net.minecraftforge.common.ForgeConfigSpec/CORE]: Incorrect key DefaultSkins.enabled was corrected from null to its default, false. 
[06Aug2026 13:12:44.911] [Test worker/WARN] [net.minecraftforge.common.ForgeConfigSpec/CORE]: Incorrect key DefaultSkins.applyForPremium was corrected from null to its default, false. 
[06Aug2026 13:12:44.911] [Test worker/WARN] [net.minecraftforge.common.ForgeConfigSpec/CORE]: Incorrect key DefaultSkins.list was corrected from null to its default, [Steve, <random>]. 
[06Aug2026 13:12:44.912] [Test worker/WARN] [net.minecraftforge.common.ForgeConfigSpec/CORE]: Incorrect key Security was corrected from null to its default, SimpleCommentedConfig:{}. 
[06Aug2026 13:12:44.912] [Test worker/WARN] [net.minecraftforge.common.ForgeConfigSpec/CORE]: Incorrect key Security.urlAllowlistEnabled was corrected from null to its default, false. 
[06Aug2026 13:12:44.912] [Test worker/WARN] [net.minecraftforge.common.ForgeConfigSpec/CORE]: Incorrect key Security.urlAllowlistDomains was corrected from null to its default, [imgur.com, storage.googleapis.com, cdn.discordapp.com, textures.minecraft.net, namemc.com, crafatar.com, mc-heads.net, githubusercontent.com, minecraftskins.com]. 
[06Aug2026 13:12:44.912] [Test worker/WARN] [net.minecraftforge.common.ForgeConfigSpec/CORE]: Incorrect key Permissions was corrected from null to its default, SimpleCommentedConfig:{}. 
[06Aug2026 13:12:44.912] [Test worker/WARN] [net.minecraftforge.common.ForgeConfigSpec/CORE]: Incorrect key Permissions.op_level was corrected from null to its default, SimpleCommentedConfig:{}. 
[06Aug2026 13:12:44.912] [Test worker/WARN] [net.minecraftforge.common.ForgeConfigSpec/CORE]: Incorrect key Permissions.op_level.mojang was corrected from null to its default, 0. 
[06Aug2026 13:12:44.912] [Test worker/WARN] [net.minecraftforge.common.ForgeConfigSpec/CORE]: Incorrect key Permissions.op_level.url was corrected from null to its default, 2. 
[06Aug2026 13:12:44.912] [Test worker/WARN] [net.minecraftforge.common.ForgeConfigSpec/CORE]: Incorrect key Permissions.op_level.clear was corrected from null to its default, 0. 
[06Aug2026 13:12:44.912] [Test worker/WARN] [net.minecraftforge.common.ForgeConfigSpec/CORE]: Incorrect key Permissions.op_level.random was corrected from null to its default, 0. 
[06Aug2026 13:12:44.912] [Test worker/WARN] [net.minecraftforge.common.ForgeConfigSpec/CORE]: Incorrect key Permissions.op_level.other was corrected from null to its default, 2. 
[06Aug2026 13:12:44.912] [Test worker/WARN] [net.minecraftforge.common.ForgeConfigSpec/CORE]: Incorrect key Permissions.op_level.metrics was corrected from null to its default, 2. 
[06Aug2026 13:12:44.912] [Test worker/WARN] [net.minecraftforge.common.ForgeConfigSpec/CORE]: Incorrect key Permissions.op_level.metrics_reset was corrected from null to its default, 2. 
[06Aug2026 13:12:44.915] [Test worker/WARN] [net.minecraftforge.common.ForgeConfigSpec/CORE]: Configuration file SimpleCommentedConfig:{} is not correct. Correcting
[06Aug2026 13:12:44.915] [Test worker/WARN] [net.minecraftforge.common.ForgeConfigSpec/CORE]: Incorrect key Messages was corrected from null to its default, SimpleCommentedConfig:{}. 
[06Aug2026 13:12:44.915] [Test worker/WARN] [net.minecraftforge.common.ForgeConfigSpec/CORE]: Incorrect key Messages.localization was corrected from null to its default, en. 
[06Aug2026 13:12:44.915] [Test worker/WARN] [net.minecraftforge.common.ForgeConfigSpec/CORE]: Incorrect key Messages.display was corrected from null to its default, true. 
[06Aug2026 13:12:44.915] [Test worker/WARN] [net.minecraftforge.common.ForgeConfigSpec/CORE]: Incorrect key Messages.key was corrected from null to its default, . 
[06Aug2026 13:12:44.915] [Test worker/WARN] [net.minecraftforge.common.ForgeConfigSpec/CORE]: Incorrect key Messages.messages_change was corrected from null to its default, Skin change queued. 
[06Aug2026 13:12:44.915] [Test worker/WARN] [net.minecraftforge.common.ForgeConfigSpec/CORE]: Incorrect key Messages.messages_fulfilled was corrected from null to its default, Skin has been applied.. 
[06Aug2026 13:12:44.915] [Test worker/WARN] [net.minecraftforge.common.ForgeConfigSpec/CORE]: Incorrect key Messages.messages_timeout was corrected from null to its default, Skin fetch timed out.. 
[06Aug2026 13:12:44.916] [Test worker/WARN] [net.minecraftforge.common.ForgeConfigSpec/CORE]: Incorrect key Messages.messages_error was corrected from null to its default, Skin fetch failed.. 
[06Aug2026 13:12:44.916] [Test worker/WARN] [net.minecraftforge.common.ForgeConfigSpec/CORE]: Incorrect key Messages.messages_restored_from was corrected from null to its default, Skin restored from %s. 
[06Aug2026 13:12:44.916] [Test worker/WARN] [net.minecraftforge.common.ForgeConfigSpec/CORE]: Incorrect key Messages.messages_cleared_no_profile was corrected from null to its default, Skin cleared (no Mojang profile found). 
[06Aug2026 13:12:44.916] [Test worker/WARN] [net.minecraftforge.common.ForgeConfigSpec/CORE]: Incorrect key Messages.messages_no_source was corrected from null to its default, No source available. 
[06Aug2026 13:12:44.916] [Test worker/WARN] [net.minecraftforge.common.ForgeConfigSpec/CORE]: Incorrect key Messages.messages_player_only was corrected from null to its default, Player only command. 
[06Aug2026 13:12:44.916] [Test worker/WARN] [net.minecraftforge.common.ForgeConfigSpec/CORE]: Incorrect key Messages.messages_permission_denied was corrected from null to its default, Permission denied. 
[06Aug2026 13:12:44.916] [Test worker/WARN] [net.minecraftforge.common.ForgeConfigSpec/CORE]: Incorrect key Messages.messages_cooldown was corrected from null to its default, Please wait %ds before using /skin again. 
[06Aug2026 13:12:44.916] [Test worker/WARN] [net.minecraftforge.common.ForgeConfigSpec/CORE]: Incorrect key Messages.messages_rate_limited was corrected from null to its default, Too many /skin commands. Try again later.. 
[06Aug2026 13:12:44.916] [Test worker/WARN] [net.minecraftforge.common.ForgeConfigSpec/CORE]: Incorrect key Messages.messages_no_skin_found was corrected from null to its default, No skin found for "%s". 
[06Aug2026 13:12:44.916] [Test worker/WARN] [net.minecraftforge.common.ForgeConfigSpec/CORE]: Incorrect key Messages.messages_no_skin_found_plain was corrected from null to its default, No skin found. 
[06Aug2026 13:12:44.916] [Test worker/WARN] [net.minecraftforge.common.ForgeConfigSpec/CORE]: Incorrect key Messages.messages_mineskin_rejected was corrected from null to its default, MineSkin rejected the URL. 
[06Aug2026 13:12:44.916] [Test worker/WARN] [net.minecraftforge.common.ForgeConfigSpec/CORE]: Incorrect key Messages.messages_no_random_username was corrected from null to its default, No random username available. 
[06Aug2026 13:12:44.916] [Test worker/WARN] [net.minecraftforge.common.ForgeConfigSpec/CORE]: Incorrect key Messages.messages_provider_no_result was corrected from null to its default, Provider returned no result. 
[06Aug2026 13:12:44.916] [Test worker/WARN] [net.minecraftforge.common.ForgeConfigSpec/CORE]: Incorrect key Messages.messages_metrics_top_players was corrected from null to its default, Top players by refresh count:. 
[06Aug2026 13:12:44.916] [Test worker/WARN] [net.minecraftforge.common.ForgeConfigSpec/CORE]: Incorrect key Messages.messages_metrics_refreshes was corrected from null to its default,  refreshes. 
[06Aug2026 13:12:44.916] [Test worker/WARN] [net.minecraftforge.common.ForgeConfigSpec/CORE]: Incorrect key Messages.messages_metrics_no_refreshes was corrected from null to its default, (no refreshes recorded). 
[06Aug2026 13:12:44.916] [Test worker/WARN] [net.minecraftforge.common.ForgeConfigSpec/CORE]: Incorrect key Messages.messages_metrics_cleanup was corrected from null to its default, Metrics cleanup: pruned %d stale player entries. 
[06Aug2026 13:12:44.916] [Test worker/WARN] [net.minecraftforge.common.ForgeConfigSpec/CORE]: Incorrect key Messages.messages_metrics_reset was corrected from null to its default, Metrics reset. 
[06Aug2026 13:12:44.916] [Test worker/WARN] [net.minecraftforge.common.ForgeConfigSpec/CORE]: Incorrect key Messages.messages_discord_announce was corrected from null to its default, **%s** changed their skin to: `%s`. 
[06Aug2026 13:12:44.916] [Test worker/WARN] [net.minecraftforge.common.ForgeConfigSpec/CORE]: Incorrect key Integration was corrected from null to its default, SimpleCommentedConfig:{}. 
[06Aug2026 13:12:44.916] [Test worker/WARN] [net.minecraftforge.common.ForgeConfigSpec/CORE]: Incorrect key Integration.discordsrv_enabled was corrected from null to its default, false. 
[06Aug2026 13:12:44.916] [Test worker/WARN] [net.minecraftforge.common.ForgeConfigSpec/CORE]: Incorrect key Integration.discordsrv_channel_id was corrected from null to its default, . 
[06Aug2026 13:12:44.917] [Test worker/WARN] [net.minecraftforge.common.ForgeConfigSpec/CORE]: Incorrect key RateLimit was corrected from null to its default, SimpleCommentedConfig:{}. 
[06Aug2026 13:12:44.917] [Test worker/WARN] [net.minecraftforge.common.ForgeConfigSpec/CORE]: Incorrect key RateLimit.cooldown_seconds was corrected from null to its default, 3. 
[06Aug2026 13:12:44.917] [Test worker/WARN] [net.minecraftforge.common.ForgeConfigSpec/CORE]: Incorrect key RateLimit.rate_limit_enabled was corrected from null to its default, true. 
[06Aug2026 13:12:44.917] [Test worker/WARN] [net.minecraftforge.common.ForgeConfigSpec/CORE]: Incorrect key RateLimit.max_commands_per_minute was corrected from null to its default, 5. 
[06Aug2026 13:12:44.917] [Test worker/WARN] [net.minecraftforge.common.ForgeConfigSpec/CORE]: Incorrect key Broadcast was corrected from null to its default, SimpleCommentedConfig:{}. 
[06Aug2026 13:12:44.917] [Test worker/WARN] [net.minecraftforge.common.ForgeConfigSpec/CORE]: Incorrect key Broadcast.dimension_scoped_broadcast was corrected from null to its default, false. 
[06Aug2026 13:12:44.917] [Test worker/WARN] [net.minecraftforge.common.ForgeConfigSpec/CORE]: Incorrect key Broadcast.broadcast_use_bundle was corrected from null to its default, false. 
[06Aug2026 13:12:44.917] [Test worker/WARN] [net.minecraftforge.common.ForgeConfigSpec/CORE]: Incorrect key Broadcast.debounce_millis was corrected from null to its default, 100. 
[06Aug2026 13:12:44.917] [Test worker/WARN] [net.minecraftforge.common.ForgeConfigSpec/CORE]: Incorrect key Broadcast.refresh_via_entity_tracker was corrected from null to its default, true. 
[06Aug2026 13:12:44.917] [Test worker/WARN] [net.minecraftforge.common.ForgeConfigSpec/CORE]: Incorrect key Metrics was corrected from null to its default, SimpleCommentedConfig:{}. 
[06Aug2026 13:12:44.917] [Test worker/WARN] [net.minecraftforge.common.ForgeConfigSpec/CORE]: Incorrect key Metrics.metrics_enabled was corrected from null to its default, true. 
[06Aug2026 13:12:44.917] [Test worker/WARN] [net.minecraftforge.common.ForgeConfigSpec/CORE]: Incorrect key Metrics.metrics_dump_interval_seconds was corrected from null to its default, 60. 
[06Aug2026 13:12:44.917] [Test worker/WARN] [net.minecraftforge.common.ForgeConfigSpec/CORE]: Incorrect key Http was corrected from null to its default, SimpleCommentedConfig:{}. 
[06Aug2026 13:12:44.917] [Test worker/WARN] [net.minecraftforge.common.ForgeConfigSpec/CORE]: Incorrect key Http.http_client_version was corrected from null to its default, HTTP_2. 
[06Aug2026 13:12:44.918] [Test worker/WARN] [net.minecraftforge.common.ForgeConfigSpec/CORE]: Incorrect key Http.http_connect_timeout_seconds was corrected from null to its default, 5. 
[06Aug2026 13:12:44.918] [Test worker/WARN] [net.minecraftforge.common.ForgeConfigSpec/CORE]: Incorrect key MojangCache was corrected from null to its default, SimpleCommentedConfig:{}. 
[06Aug2026 13:12:44.918] [Test worker/WARN] [net.minecraftforge.common.ForgeConfigSpec/CORE]: Incorrect key MojangCache.mojang_profile_cache_enabled was corrected from null to its default, true. 
[06Aug2026 13:12:44.918] [Test worker/WARN] [net.minecraftforge.common.ForgeConfigSpec/CORE]: Incorrect key MojangCache.mojang_profile_cache_ttl_ms was corrected from null to its default, 3600000. 
[06Aug2026 13:12:44.918] [Test worker/WARN] [net.minecraftforge.common.ForgeConfigSpec/CORE]: Incorrect key MojangCache.mojang_profile_cache_max_size was corrected from null to its default, 1000. 
[06Aug2026 13:12:44.918] [Test worker/WARN] [net.minecraftforge.common.ForgeConfigSpec/CORE]: Incorrect key DefaultSkins was corrected from null to its default, SimpleCommentedConfig:{}. 
[06Aug2026 13:12:44.918] [Test worker/WARN] [net.minecraftforge.common.ForgeConfigSpec/CORE]: Incorrect key DefaultSkins.enabled was corrected from null to its default, false. 
[06Aug2026 13:12:44.918] [Test worker/WARN] [net.minecraftforge.common.ForgeConfigSpec/CORE]: Incorrect key DefaultSkins.applyForPremium was corrected from null to its default, false. 
[06Aug2026 13:12:44.918] [Test worker/WARN] [net.minecraftforge.common.ForgeConfigSpec/CORE]: Incorrect key DefaultSkins.list was corrected from null to its default, [Steve, <random>]. 
[06Aug2026 13:12:44.918] [Test worker/WARN] [net.minecraftforge.common.ForgeConfigSpec/CORE]: Incorrect key Security was corrected from null to its default, SimpleCommentedConfig:{}. 
[06Aug2026 13:12:44.918] [Test worker/WARN] [net.minecraftforge.common.ForgeConfigSpec/CORE]: Incorrect key Security.urlAllowlistEnabled was corrected from null to its default, false. 
[06Aug2026 13:12:44.918] [Test worker/WARN] [net.minecraftforge.common.ForgeConfigSpec/CORE]: Incorrect key Security.urlAllowlistDomains was corrected from null to its default, [imgur.com, storage.googleapis.com, cdn.discordapp.com, textures.minecraft.net, namemc.com, crafatar.com, mc-heads.net, githubusercontent.com, minecraftskins.com]. 
[06Aug2026 13:12:44.918] [Test worker/WARN] [net.minecraftforge.common.ForgeConfigSpec/CORE]: Incorrect key Permissions was corrected from null to its default, SimpleCommentedConfig:{}. 
[06Aug2026 13:12:44.918] [Test worker/WARN] [net.minecraftforge.common.ForgeConfigSpec/CORE]: Incorrect key Permissions.op_level was corrected from null to its default, SimpleCommentedConfig:{}. 
[06Aug2026 13:12:44.918] [Test worker/WARN] [net.minecraftforge.common.ForgeConfigSpec/CORE]: Incorrect key Permissions.op_level.mojang was corrected from null to its default, 0. 
[06Aug2026 13:12:44.918] [Test worker/WARN] [net.minecraftforge.common.ForgeConfigSpec/CORE]: Incorrect key Permissions.op_level.url was corrected from null to its default, 2. 
[06Aug2026 13:12:44.918] [Test worker/WARN] [net.minecraftforge.common.ForgeConfigSpec/CORE]: Incorrect key Permissions.op_level.clear was corrected from null to its default, 0. 
[06Aug2026 13:12:44.918] [Test worker/WARN] [net.minecraftforge.common.ForgeConfigSpec/CORE]: Incorrect key Permissions.op_level.random was corrected from null to its default, 0. 
[06Aug2026 13:12:44.918] [Test worker/WARN] [net.minecraftforge.common.ForgeConfigSpec/CORE]: Incorrect key Permissions.op_level.other was corrected from null to its default, 2. 
[06Aug2026 13:12:44.919] [Test worker/WARN] [net.minecraftforge.common.ForgeConfigSpec/CORE]: Incorrect key Permissions.op_level.metrics was corrected from null to its default, 2. 
[06Aug2026 13:12:44.919] [Test worker/WARN] [net.minecraftforge.common.ForgeConfigSpec/CORE]: Incorrect key Permissions.op_level.metrics_reset was corrected from null to its default, 2. 
[06Aug2026 13:12:44.920] [Test worker/WARN] [net.minecraftforge.common.ForgeConfigSpec/CORE]: Configuration file SimpleCommentedConfig:{} is not correct. Correcting
[06Aug2026 13:12:44.920] [Test worker/WARN] [net.minecraftforge.common.ForgeConfigSpec/CORE]: Incorrect key Messages was corrected from null to its default, SimpleCommentedConfig:{}. 
[06Aug2026 13:12:44.920] [Test worker/WARN] [net.minecraftforge.common.ForgeConfigSpec/CORE]: Incorrect key Messages.localization was corrected from null to its default, en. 
[06Aug2026 13:12:44.920] [Test worker/WARN] [net.minecraftforge.common.ForgeConfigSpec/CORE]: Incorrect key Messages.display was corrected from null to its default, true. 
[06Aug2026 13:12:44.920] [Test worker/WARN] [net.minecraftforge.common.ForgeConfigSpec/CORE]: Incorrect key Messages.key was corrected from null to its default, . 
[06Aug2026 13:12:44.920] [Test worker/WARN] [net.minecraftforge.common.ForgeConfigSpec/CORE]: Incorrect key Messages.messages_change was corrected from null to its default, Skin change queued. 
[06Aug2026 13:12:44.920] [Test worker/WARN] [net.minecraftforge.common.ForgeConfigSpec/CORE]: Incorrect key Messages.messages_fulfilled was corrected from null to its default, Skin has been applied.. 
[06Aug2026 13:12:44.920] [Test worker/WARN] [net.minecraftforge.common.ForgeConfigSpec/CORE]: Incorrect key Messages.messages_timeout was corrected from null to its default, Skin fetch timed out.. 
[06Aug2026 13:12:44.920] [Test worker/WARN] [net.minecraftforge.common.ForgeConfigSpec/CORE]: Incorrect key Messages.messages_error was corrected from null to its default, Skin fetch failed.. 
[06Aug2026 13:12:44.920] [Test worker/WARN] [net.minecraftforge.common.ForgeConfigSpec/CORE]: Incorrect key Messages.messages_restored_from was corrected from null to its default, Skin restored from %s. 
[06Aug2026 13:12:44.921] [Test worker/WARN] [net.minecraftforge.common.ForgeConfigSpec/CORE]: Incorrect key Messages.messages_cleared_no_profile was corrected from null to its default, Skin cleared (no Mojang profile found). 
[06Aug2026 13:12:44.921] [Test worker/WARN] [net.minecraftforge.common.ForgeConfigSpec/CORE]: Incorrect key Messages.messages_no_source was corrected from null to its default, No source available. 
[06Aug2026 13:12:44.921] [Test worker/WARN] [net.minecraftforge.common.ForgeConfigSpec/CORE]: Incorrect key Messages.messages_player_only was corrected from null to its default, Player only command. 
[06Aug2026 13:12:44.921] [Test worker/WARN] [net.minecraftforge.common.ForgeConfigSpec/CORE]: Incorrect key Messages.messages_permission_denied was corrected from null to its default, Permission denied. 
[06Aug2026 13:12:44.921] [Test worker/WARN] [net.minecraftforge.common.ForgeConfigSpec/CORE]: Incorrect key Messages.messages_cooldown was corrected from null to its default, Please wait %ds before using /skin again. 
[06Aug2026 13:12:44.921] [Test worker/WARN] [net.minecraftforge.common.ForgeConfigSpec/CORE]: Incorrect key Messages.messages_rate_limited was corrected from null to its default, Too many /skin commands. Try again later.. 
[06Aug2026 13:12:44.921] [Test worker/WARN] [net.minecraftforge.common.ForgeConfigSpec/CORE]: Incorrect key Messages.messages_no_skin_found was corrected from null to its default, No skin found for "%s". 
[06Aug2026 13:12:44.921] [Test worker/WARN] [net.minecraftforge.common.ForgeConfigSpec/CORE]: Incorrect key Messages.messages_no_skin_found_plain was corrected from null to its default, No skin found. 
[06Aug2026 13:12:44.921] [Test worker/WARN] [net.minecraftforge.common.ForgeConfigSpec/CORE]: Incorrect key Messages.messages_mineskin_rejected was corrected from null to its default, MineSkin rejected the URL. 
[06Aug2026 13:12:44.921] [Test worker/WARN] [net.minecraftforge.common.ForgeConfigSpec/CORE]: Incorrect key Messages.messages_no_random_username was corrected from null to its default, No random username available. 
[06Aug2026 13:12:44.921] [Test worker/WARN] [net.minecraftforge.common.ForgeConfigSpec/CORE]: Incorrect key Messages.messages_provider_no_result was corrected from null to its default, Provider returned no result. 
[06Aug2026 13:12:44.921] [Test worker/WARN] [net.minecraftforge.common.ForgeConfigSpec/CORE]: Incorrect key Messages.messages_metrics_top_players was corrected from null to its default, Top players by refresh count:. 
[06Aug2026 13:12:44.921] [Test worker/WARN] [net.minecraftforge.common.ForgeConfigSpec/CORE]: Incorrect key Messages.messages_metrics_refreshes was corrected from null to its default,  refreshes. 
[06Aug2026 13:12:44.921] [Test worker/WARN] [net.minecraftforge.common.ForgeConfigSpec/CORE]: Incorrect key Messages.messages_metrics_no_refreshes was corrected from null to its default, (no refreshes recorded). 
[06Aug2026 13:12:44.922] [Test worker/WARN] [net.minecraftforge.common.ForgeConfigSpec/CORE]: Incorrect key Messages.messages_metrics_cleanup was corrected from null to its default, Metrics cleanup: pruned %d stale player entries. 
[06Aug2026 13:12:44.922] [Test worker/WARN] [net.minecraftforge.common.ForgeConfigSpec/CORE]: Incorrect key Messages.messages_metrics_reset was corrected from null to its default, Metrics reset. 
[06Aug2026 13:12:44.922] [Test worker/WARN] [net.minecraftforge.common.ForgeConfigSpec/CORE]: Incorrect key Messages.messages_discord_announce was corrected from null to its default, **%s** changed their skin to: `%s`. 
[06Aug2026 13:12:44.922] [Test worker/WARN] [net.minecraftforge.common.ForgeConfigSpec/CORE]: Incorrect key Integration was corrected from null to its default, SimpleCommentedConfig:{}. 
[06Aug2026 13:12:44.922] [Test worker/WARN] [net.minecraftforge.common.ForgeConfigSpec/CORE]: Incorrect key Integration.discordsrv_enabled was corrected from null to its default, false. 
[06Aug2026 13:12:44.922] [Test worker/WARN] [net.minecraftforge.common.ForgeConfigSpec/CORE]: Incorrect key Integration.discordsrv_channel_id was corrected from null to its default, . 
[06Aug2026 13:12:44.922] [Test worker/WARN] [net.minecraftforge.common.ForgeConfigSpec/CORE]: Incorrect key RateLimit was corrected from null to its default, SimpleCommentedConfig:{}. 
[06Aug2026 13:12:44.922] [Test worker/WARN] [net.minecraftforge.common.ForgeConfigSpec/CORE]: Incorrect key RateLimit.cooldown_seconds was corrected from null to its default, 3. 
[06Aug2026 13:12:44.922] [Test worker/WARN] [net.minecraftforge.common.ForgeConfigSpec/CORE]: Incorrect key RateLimit.rate_limit_enabled was corrected from null to its default, true. 
[06Aug2026 13:12:44.922] [Test worker/WARN] [net.minecraftforge.common.ForgeConfigSpec/CORE]: Incorrect key RateLimit.max_commands_per_minute was corrected from null to its default, 5. 
[06Aug2026 13:12:44.922] [Test worker/WARN] [net.minecraftforge.common.ForgeConfigSpec/CORE]: Incorrect key Broadcast was corrected from null to its default, SimpleCommentedConfig:{}. 
[06Aug2026 13:12:44.922] [Test worker/WARN] [net.minecraftforge.common.ForgeConfigSpec/CORE]: Incorrect key Broadcast.dimension_scoped_broadcast was corrected from null to its default, false. 
[06Aug2026 13:12:44.922] [Test worker/WARN] [net.minecraftforge.common.ForgeConfigSpec/CORE]: Incorrect key Broadcast.broadcast_use_bundle was corrected from null to its default, false. 
[06Aug2026 13:12:44.922] [Test worker/WARN] [net.minecraftforge.common.ForgeConfigSpec/CORE]: Incorrect key Broadcast.debounce_millis was corrected from null to its default, 100. 
[06Aug2026 13:12:44.922] [Test worker/WARN] [net.minecraftforge.common.ForgeConfigSpec/CORE]: Incorrect key Broadcast.refresh_via_entity_tracker was corrected from null to its default, true. 
[06Aug2026 13:12:44.922] [Test worker/WARN] [net.minecraftforge.common.ForgeConfigSpec/CORE]: Incorrect key Metrics was corrected from null to its default, SimpleCommentedConfig:{}. 
[06Aug2026 13:12:44.922] [Test worker/WARN] [net.minecraftforge.common.ForgeConfigSpec/CORE]: Incorrect key Metrics.metrics_enabled was corrected from null to its default, true. 
[06Aug2026 13:12:44.922] [Test worker/WARN] [net.minecraftforge.common.ForgeConfigSpec/CORE]: Incorrect key Metrics.metrics_dump_interval_seconds was corrected from null to its default, 60. 
[06Aug2026 13:12:44.922] [Test worker/WARN] [net.minecraftforge.common.ForgeConfigSpec/CORE]: Incorrect key Http was corrected from null to its default, SimpleCommentedConfig:{}. 
[06Aug2026 13:12:44.923] [Test worker/WARN] [net.minecraftforge.common.ForgeConfigSpec/CORE]: Incorrect key Http.http_client_version was corrected from null to its default, HTTP_2. 
[06Aug2026 13:12:44.923] [Test worker/WARN] [net.minecraftforge.common.ForgeConfigSpec/CORE]: Incorrect key Http.http_connect_timeout_seconds was corrected from null to its default, 5. 
[06Aug2026 13:12:44.923] [Test worker/WARN] [net.minecraftforge.common.ForgeConfigSpec/CORE]: Incorrect key MojangCache was corrected from null to its default, SimpleCommentedConfig:{}. 
[06Aug2026 13:12:44.923] [Test worker/WARN] [net.minecraftforge.common.ForgeConfigSpec/CORE]: Incorrect key MojangCache.mojang_profile_cache_enabled was corrected from null to its default, true. 
[06Aug2026 13:12:44.923] [Test worker/WARN] [net.minecraftforge.common.ForgeConfigSpec/CORE]: Incorrect key MojangCache.mojang_profile_cache_ttl_ms was corrected from null to its default, 3600000. 
[06Aug2026 13:12:44.923] [Test worker/WARN] [net.minecraftforge.common.ForgeConfigSpec/CORE]: Incorrect key MojangCache.mojang_profile_cache_max_size was corrected from null to its default, 1000. 
[06Aug2026 13:12:44.923] [Test worker/WARN] [net.minecraftforge.common.ForgeConfigSpec/CORE]: Incorrect key DefaultSkins was corrected from null to its default, SimpleCommentedConfig:{}. 
[06Aug2026 13:12:44.923] [Test worker/WARN] [net.minecraftforge.common.ForgeConfigSpec/CORE]: Incorrect key DefaultSkins.enabled was corrected from null to its default, false. 
[06Aug2026 13:12:44.923] [Test worker/WARN] [net.minecraftforge.common.ForgeConfigSpec/CORE]: Incorrect key DefaultSkins.applyForPremium was corrected from null to its default, false. 
[06Aug2026 13:12:44.923] [Test worker/WARN] [net.minecraftforge.common.ForgeConfigSpec/CORE]: Incorrect key DefaultSkins.list was corrected from null to its default, [Steve, <random>]. 
[06Aug2026 13:12:44.923] [Test worker/WARN] [net.minecraftforge.common.ForgeConfigSpec/CORE]: Incorrect key Security was corrected from null to its default, SimpleCommentedConfig:{}. 
[06Aug2026 13:12:44.923] [Test worker/WARN] [net.minecraftforge.common.ForgeConfigSpec/CORE]: Incorrect key Security.urlAllowlistEnabled was corrected from null to its default, false. 
[06Aug2026 13:12:44.924] [Test worker/WARN] [net.minecraftforge.common.ForgeConfigSpec/CORE]: Incorrect key Security.urlAllowlistDomains was corrected from null to its default, [imgur.com, storage.googleapis.com, cdn.discordapp.com, textures.minecraft.net, namemc.com, crafatar.com, mc-heads.net, githubusercontent.com, minecraftskins.com]. 
[06Aug2026 13:12:44.924] [Test worker/WARN] [net.minecraftforge.common.ForgeConfigSpec/CORE]: Incorrect key Permissions was corrected from null to its default, SimpleCommentedConfig:{}. 
[06Aug2026 13:12:44.924] [Test worker/WARN] [net.minecraftforge.common.ForgeConfigSpec/CORE]: Incorrect key Permissions.op_level was corrected from null to its default, SimpleCommentedConfig:{}. 
[06Aug2026 13:12:44.924] [Test worker/WARN] [net.minecraftforge.common.ForgeConfigSpec/CORE]: Incorrect key Permissions.op_level.mojang was corrected from null to its default, 0. 
[06Aug2026 13:12:44.924] [Test worker/WARN] [net.minecraftforge.common.ForgeConfigSpec/CORE]: Incorrect key Permissions.op_level.url was corrected from null to its default, 2. 
[06Aug2026 13:12:44.924] [Test worker/WARN] [net.minecraftforge.common.ForgeConfigSpec/CORE]: Incorrect key Permissions.op_level.clear was corrected from null to its default, 0. 
[06Aug2026 13:12:44.924] [Test worker/WARN] [net.minecraftforge.common.ForgeConfigSpec/CORE]: Incorrect key Permissions.op_level.random was corrected from null to its default, 0. 
[06Aug2026 13:12:44.924] [Test worker/WARN] [net.minecraftforge.common.ForgeConfigSpec/CORE]: Incorrect key Permissions.op_level.other was corrected from null to its default, 2. 
[06Aug2026 13:12:44.924] [Test worker/WARN] [net.minecraftforge.common.ForgeConfigSpec/CORE]: Incorrect key Permissions.op_level.metrics was corrected from null to its default, 2. 
[06Aug2026 13:12:44.924] [Test worker/WARN] [net.minecraftforge.common.ForgeConfigSpec/CORE]: Incorrect key Permissions.op_level.metrics_reset was corrected from null to its default, 2. 
[06Aug2026 13:12:44.926] [Test worker/WARN] [net.minecraftforge.common.ForgeConfigSpec/CORE]: Configuration file SimpleCommentedConfig:{} is not correct. Correcting
[06Aug2026 13:12:44.926] [Test worker/WARN] [net.minecraftforge.common.ForgeConfigSpec/CORE]: Incorrect key Messages was corrected from null to its default, SimpleCommentedConfig:{}. 
[06Aug2026 13:12:44.926] [Test worker/WARN] [net.minecraftforge.common.ForgeConfigSpec/CORE]: Incorrect key Messages.localization was corrected from null to its default, en. 
[06Aug2026 13:12:44.926] [Test worker/WARN] [net.minecraftforge.common.ForgeConfigSpec/CORE]: Incorrect key Messages.display was corrected from null to its default, true. 
[06Aug2026 13:12:44.926] [Test worker/WARN] [net.minecraftforge.common.ForgeConfigSpec/CORE]: Incorrect key Messages.key was corrected from null to its default, . 
[06Aug2026 13:12:44.926] [Test worker/WARN] [net.minecraftforge.common.ForgeConfigSpec/CORE]: Incorrect key Messages.messages_change was corrected from null to its default, Skin change queued. 
[06Aug2026 13:12:44.926] [Test worker/WARN] [net.minecraftforge.common.ForgeConfigSpec/CORE]: Incorrect key Messages.messages_fulfilled was corrected from null to its default, Skin has been applied.. 
[06Aug2026 13:12:44.927] [Test worker/WARN] [net.minecraftforge.common.ForgeConfigSpec/CORE]: Incorrect key Messages.messages_timeout was corrected from null to its default, Skin fetch timed out.. 
[06Aug2026 13:12:44.927] [Test worker/WARN] [net.minecraftforge.common.ForgeConfigSpec/CORE]: Incorrect key Messages.messages_error was corrected from null to its default, Skin fetch failed.. 
[06Aug2026 13:12:44.927] [Test worker/WARN] [net.minecraftforge.common.ForgeConfigSpec/CORE]: Incorrect key Messages.messages_restored_from was corrected from null to its default, Skin restored from %s. 
[06Aug2026 13:12:44.927] [Test worker/WARN] [net.minecraftforge.common.ForgeConfigSpec/CORE]: Incorrect key Messages.messages_cleared_no_profile was corrected from null to its default, Skin cleared (no Mojang profile found). 
[06Aug2026 13:12:44.927] [Test worker/WARN] [net.minecraftforge.common.ForgeConfigSpec/CORE]: Incorrect key Messages.messages_no_source was corrected from null to its default, No source available. 
[06Aug2026 13:12:44.927] [Test worker/WARN] [net.minecraftforge.common.ForgeConfigSpec/CORE]: Incorrect key Messages.messages_player_only was corrected from null to its default, Player only command. 
[06Aug2026 13:12:44.927] [Test worker/WARN] [net.minecraftforge.common.ForgeConfigSpec/CORE]: Incorrect key Messages.messages_permission_denied was corrected from null to its default, Permission denied. 
[06Aug2026 13:12:44.927] [Test worker/WARN] [net.minecraftforge.common.ForgeConfigSpec/CORE]: Incorrect key Messages.messages_cooldown was corrected from null to its default, Please wait %ds before using /skin again. 
[06Aug2026 13:12:44.927] [Test worker/WARN] [net.minecraftforge.common.ForgeConfigSpec/CORE]: Incorrect key Messages.messages_rate_limited was corrected from null to its default, Too many /skin commands. Try again later.. 
[06Aug2026 13:12:44.927] [Test worker/WARN] [net.minecraftforge.common.ForgeConfigSpec/CORE]: Incorrect key Messages.messages_no_skin_found was corrected from null to its default, No skin found for "%s". 
[06Aug2026 13:12:44.927] [Test worker/WARN] [net.minecraftforge.common.ForgeConfigSpec/CORE]: Incorrect key Messages.messages_no_skin_found_plain was corrected from null to its default, No skin found. 
[06Aug2026 13:12:44.927] [Test worker/WARN] [net.minecraftforge.common.ForgeConfigSpec/CORE]: Incorrect key Messages.messages_mineskin_rejected was corrected from null to its default, MineSkin rejected the URL. 
[06Aug2026 13:12:44.927] [Test worker/WARN] [net.minecraftforge.common.ForgeConfigSpec/CORE]: Incorrect key Messages.messages_no_random_username was corrected from null to its default, No random username available. 
[06Aug2026 13:12:44.928] [Test worker/WARN] [net.minecraftforge.common.ForgeConfigSpec/CORE]: Incorrect key Messages.messages_provider_no_result was corrected from null to its default, Provider returned no result. 
[06Aug2026 13:12:44.928] [Test worker/WARN] [net.minecraftforge.common.ForgeConfigSpec/CORE]: Incorrect key Messages.messages_metrics_top_players was corrected from null to its default, Top players by refresh count:. 
[06Aug2026 13:12:44.928] [Test worker/WARN] [net.minecraftforge.common.ForgeConfigSpec/CORE]: Incorrect key Messages.messages_metrics_refreshes was corrected from null to its default,  refreshes. 
[06Aug2026 13:12:44.928] [Test worker/WARN] [net.minecraftforge.common.ForgeConfigSpec/CORE]: Incorrect key Messages.messages_metrics_no_refreshes was corrected from null to its default, (no refreshes recorded). 
[06Aug2026 13:12:44.928] [Test worker/WARN] [net.minecraftforge.common.ForgeConfigSpec/CORE]: Incorrect key Messages.messages_metrics_cleanup was corrected from null to its default, Metrics cleanup: pruned %d stale player entries. 
[06Aug2026 13:12:44.928] [Test worker/WARN] [net.minecraftforge.common.ForgeConfigSpec/CORE]: Incorrect key Messages.messages_metrics_reset was corrected from null to its default, Metrics reset. 
[06Aug2026 13:12:44.928] [Test worker/WARN] [net.minecraftforge.common.ForgeConfigSpec/CORE]: Incorrect key Messages.messages_discord_announce was corrected from null to its default, **%s** changed their skin to: `%s`. 
[06Aug2026 13:12:44.928] [Test worker/WARN] [net.minecraftforge.common.ForgeConfigSpec/CORE]: Incorrect key Integration was corrected from null to its default, SimpleCommentedConfig:{}. 
[06Aug2026 13:12:44.928] [Test worker/WARN] [net.minecraftforge.common.ForgeConfigSpec/CORE]: Incorrect key Integration.discordsrv_enabled was corrected from null to its default, false. 
[06Aug2026 13:12:44.928] [Test worker/WARN] [net.minecraftforge.common.ForgeConfigSpec/CORE]: Incorrect key Integration.discordsrv_channel_id was corrected from null to its default, . 
[06Aug2026 13:12:44.928] [Test worker/WARN] [net.minecraftforge.common.ForgeConfigSpec/CORE]: Incorrect key RateLimit was corrected from null to its default, SimpleCommentedConfig:{}. 
[06Aug2026 13:12:44.929] [Test worker/WARN] [net.minecraftforge.common.ForgeConfigSpec/CORE]: Incorrect key RateLimit.cooldown_seconds was corrected from null to its default, 3. 
[06Aug2026 13:12:44.929] [Test worker/WARN] [net.minecraftforge.common.ForgeConfigSpec/CORE]: Incorrect key RateLimit.rate_limit_enabled was corrected from null to its default, true. 
[06Aug2026 13:12:44.929] [Test worker/WARN] [net.minecraftforge.common.ForgeConfigSpec/CORE]: Incorrect key RateLimit.max_commands_per_minute was corrected from null to its default, 5. 
[06Aug2026 13:12:44.929] [Test worker/WARN] [net.minecraftforge.common.ForgeConfigSpec/CORE]: Incorrect key Broadcast was corrected from null to its default, SimpleCommentedConfig:{}. 
[06Aug2026 13:12:44.929] [Test worker/WARN] [net.minecraftforge.common.ForgeConfigSpec/CORE]: Incorrect key Broadcast.dimension_scoped_broadcast was corrected from null to its default, false. 
[06Aug2026 13:12:44.929] [Test worker/WARN] [net.minecraftforge.common.ForgeConfigSpec/CORE]: Incorrect key Broadcast.broadcast_use_bundle was corrected from null to its default, false. 
[06Aug2026 13:12:44.929] [Test worker/WARN] [net.minecraftforge.common.ForgeConfigSpec/CORE]: Incorrect key Broadcast.debounce_millis was corrected from null to its default, 100. 
[06Aug2026 13:12:44.929] [Test worker/WARN] [net.minecraftforge.common.ForgeConfigSpec/CORE]: Incorrect key Broadcast.refresh_via_entity_tracker was corrected from null to its default, true. 
[06Aug2026 13:12:44.929] [Test worker/WARN] [net.minecraftforge.common.ForgeConfigSpec/CORE]: Incorrect key Metrics was corrected from null to its default, SimpleCommentedConfig:{}. 
[06Aug2026 13:12:44.929] [Test worker/WARN] [net.minecraftforge.common.ForgeConfigSpec/CORE]: Incorrect key Metrics.metrics_enabled was corrected from null to its default, true. 
[06Aug2026 13:12:44.929] [Test worker/WARN] [net.minecraftforge.common.ForgeConfigSpec/CORE]: Incorrect key Metrics.metrics_dump_interval_seconds was corrected from null to its default, 60. 
[06Aug2026 13:12:44.929] [Test worker/WARN] [net.minecraftforge.common.ForgeConfigSpec/CORE]: Incorrect key Http was corrected from null to its default, SimpleCommentedConfig:{}. 
[06Aug2026 13:12:44.929] [Test worker/WARN] [net.minecraftforge.common.ForgeConfigSpec/CORE]: Incorrect key Http.http_client_version was corrected from null to its default, HTTP_2. 
[06Aug2026 13:12:44.930] [Test worker/WARN] [net.minecraftforge.common.ForgeConfigSpec/CORE]: Incorrect key Http.http_connect_timeout_seconds was corrected from null to its default, 5. 
[06Aug2026 13:12:44.930] [Test worker/WARN] [net.minecraftforge.common.ForgeConfigSpec/CORE]: Incorrect key MojangCache was corrected from null to its default, SimpleCommentedConfig:{}. 
[06Aug2026 13:12:44.930] [Test worker/WARN] [net.minecraftforge.common.ForgeConfigSpec/CORE]: Incorrect key MojangCache.mojang_profile_cache_enabled was corrected from null to its default, true. 
[06Aug2026 13:12:44.930] [Test worker/WARN] [net.minecraftforge.common.ForgeConfigSpec/CORE]: Incorrect key MojangCache.mojang_profile_cache_ttl_ms was corrected from null to its default, 3600000. 
[06Aug2026 13:12:44.930] [Test worker/WARN] [net.minecraftforge.common.ForgeConfigSpec/CORE]: Incorrect key MojangCache.mojang_profile_cache_max_size was corrected from null to its default, 1000. 
[06Aug2026 13:12:44.930] [Test worker/WARN] [net.minecraftforge.common.ForgeConfigSpec/CORE]: Incorrect key DefaultSkins was corrected from null to its default, SimpleCommentedConfig:{}. 
[06Aug2026 13:12:44.930] [Test worker/WARN] [net.minecraftforge.common.ForgeConfigSpec/CORE]: Incorrect key DefaultSkins.enabled was corrected from null to its default, false. 
[06Aug2026 13:12:44.930] [Test worker/WARN] [net.minecraftforge.common.ForgeConfigSpec/CORE]: Incorrect key DefaultSkins.applyForPremium was corrected from null to its default, false. 
[06Aug2026 13:12:44.930] [Test worker/WARN] [net.minecraftforge.common.ForgeConfigSpec/CORE]: Incorrect key DefaultSkins.list was corrected from null to its default, [Steve, <random>]. 
[06Aug2026 13:12:44.930] [Test worker/WARN] [net.minecraftforge.common.ForgeConfigSpec/CORE]: Incorrect key Security was corrected from null to its default, SimpleCommentedConfig:{}. 
[06Aug2026 13:12:44.930] [Test worker/WARN] [net.minecraftforge.common.ForgeConfigSpec/CORE]: Incorrect key Security.urlAllowlistEnabled was corrected from null to its default, false. 
[06Aug2026 13:12:44.930] [Test worker/WARN] [net.minecraftforge.common.ForgeConfigSpec/CORE]: Incorrect key Security.urlAllowlistDomains was corrected from null to its default, [imgur.com, storage.googleapis.com, cdn.discordapp.com, textures.minecraft.net, namemc.com, crafatar.com, mc-heads.net, githubusercontent.com, minecraftskins.com]. 
[06Aug2026 13:12:44.930] [Test worker/WARN] [net.minecraftforge.common.ForgeConfigSpec/CORE]: Incorrect key Permissions was corrected from null to its default, SimpleCommentedConfig:{}. 
[06Aug2026 13:12:44.930] [Test worker/WARN] [net.minecraftforge.common.ForgeConfigSpec/CORE]: Incorrect key Permissions.op_level was corrected from null to its default, SimpleCommentedConfig:{}. 
[06Aug2026 13:12:44.930] [Test worker/WARN] [net.minecraftforge.common.ForgeConfigSpec/CORE]: Incorrect key Permissions.op_level.mojang was corrected from null to its default, 0. 
[06Aug2026 13:12:44.930] [Test worker/WARN] [net.minecraftforge.common.ForgeConfigSpec/CORE]: Incorrect key Permissions.op_level.url was corrected from null to its default, 2. 
[06Aug2026 13:12:44.930] [Test worker/WARN] [net.minecraftforge.common.ForgeConfigSpec/CORE]: Incorrect key Permissions.op_level.clear was corrected from null to its default, 0. 
[06Aug2026 13:12:44.930] [Test worker/WARN] [net.minecraftforge.common.ForgeConfigSpec/CORE]: Incorrect key Permissions.op_level.random was corrected from null to its default, 0. 
[06Aug2026 13:12:44.931] [Test worker/WARN] [net.minecraftforge.common.ForgeConfigSpec/CORE]: Incorrect key Permissions.op_level.other was corrected from null to its default, 2. 
[06Aug2026 13:12:44.931] [Test worker/WARN] [net.minecraftforge.common.ForgeConfigSpec/CORE]: Incorrect key Permissions.op_level.metrics was corrected from null to its default, 2. 
[06Aug2026 13:12:44.931] [Test worker/WARN] [net.minecraftforge.common.ForgeConfigSpec/CORE]: Incorrect key Permissions.op_level.metrics_reset was corrected from null to its default, 2. 
[06Aug2026 13:12:44.931] [Test worker/WARN] [net.minecraftforge.common.ForgeConfigSpec/CORE]: Configuration file SimpleCommentedConfig:{} is not correct. Correcting
[06Aug2026 13:12:44.932] [Test worker/WARN] [net.minecraftforge.common.ForgeConfigSpec/CORE]: Incorrect key Messages was corrected from null to its default, SimpleCommentedConfig:{}. 
[06Aug2026 13:12:44.932] [Test worker/WARN] [net.minecraftforge.common.ForgeConfigSpec/CORE]: Incorrect key Messages.localization was corrected from null to its default, en. 
[06Aug2026 13:12:44.932] [Test worker/WARN] [net.minecraftforge.common.ForgeConfigSpec/CORE]: Incorrect key Messages.display was corrected from null to its default, true. 
[06Aug2026 13:12:44.932] [Test worker/WARN] [net.minecraftforge.common.ForgeConfigSpec/CORE]: Incorrect key Messages.key was corrected from null to its default, . 
[06Aug2026 13:12:44.932] [Test worker/WARN] [net.minecraftforge.common.ForgeConfigSpec/CORE]: Incorrect key Messages.messages_change was corrected from null to its default, Skin change queued. 
[06Aug2026 13:12:44.932] [Test worker/WARN] [net.minecraftforge.common.ForgeConfigSpec/CORE]: Incorrect key Messages.messages_fulfilled was corrected from null to its default, Skin has been applied.. 
[06Aug2026 13:12:44.932] [Test worker/WARN] [net.minecraftforge.common.ForgeConfigSpec/CORE]: Incorrect key Messages.messages_timeout was corrected from null to its default, Skin fetch timed out.. 
[06Aug2026 13:12:44.932] [Test worker/WARN] [net.minecraftforge.common.ForgeConfigSpec/CORE]: Incorrect key Messages.messages_error was corrected from null to its default, Skin fetch failed.. 
[06Aug2026 13:12:44.932] [Test worker/WARN] [net.minecraftforge.common.ForgeConfigSpec/CORE]: Incorrect key Messages.messages_restored_from was corrected from null to its default, Skin restored from %s. 
[06Aug2026 13:12:44.932] [Test worker/WARN] [net.minecraftforge.common.ForgeConfigSpec/CORE]: Incorrect key Messages.messages_cleared_no_profile was corrected from null to its default, Skin cleared (no Mojang profile found). 
[06Aug2026 13:12:44.932] [Test worker/WARN] [net.minecraftforge.common.ForgeConfigSpec/CORE]: Incorrect key Messages.messages_no_source was corrected from null to its default, No source available. 
[06Aug2026 13:12:44.932] [Test worker/WARN] [net.minecraftforge.common.ForgeConfigSpec/CORE]: Incorrect key Messages.messages_player_only was corrected from null to its default, Player only command. 
[06Aug2026 13:12:44.932] [Test worker/WARN] [net.minecraftforge.common.ForgeConfigSpec/CORE]: Incorrect key Messages.messages_permission_denied was corrected from null to its default, Permission denied. 
[06Aug2026 13:12:44.932] [Test worker/WARN] [net.minecraftforge.common.ForgeConfigSpec/CORE]: Incorrect key Messages.messages_cooldown was corrected from null to its default, Please wait %ds before using /skin again. 
[06Aug2026 13:12:44.932] [Test worker/WARN] [net.minecraftforge.common.ForgeConfigSpec/CORE]: Incorrect key Messages.messages_rate_limited was corrected from null to its default, Too many /skin commands. Try again later.. 
[06Aug2026 13:12:44.932] [Test worker/WARN] [net.minecraftforge.common.ForgeConfigSpec/CORE]: Incorrect key Messages.messages_no_skin_found was corrected from null to its default, No skin found for "%s". 
[06Aug2026 13:12:44.932] [Test worker/WARN] [net.minecraftforge.common.ForgeConfigSpec/CORE]: Incorrect key Messages.messages_no_skin_found_plain was corrected from null to its default, No skin found. 
[06Aug2026 13:12:44.933] [Test worker/WARN] [net.minecraftforge.common.ForgeConfigSpec/CORE]: Incorrect key Messages.messages_mineskin_rejected was corrected from null to its default, MineSkin rejected the URL. 
[06Aug2026 13:12:44.933] [Test worker/WARN] [net.minecraftforge.common.ForgeConfigSpec/CORE]: Incorrect key Messages.messages_no_random_username was corrected from null to its default, No random username available. 
[06Aug2026 13:12:44.933] [Test worker/WARN] [net.minecraftforge.common.ForgeConfigSpec/CORE]: Incorrect key Messages.messages_provider_no_result was corrected from null to its default, Provider returned no result. 
[06Aug2026 13:12:44.933] [Test worker/WARN] [net.minecraftforge.common.ForgeConfigSpec/CORE]: Incorrect key Messages.messages_metrics_top_players was corrected from null to its default, Top players by refresh count:. 
[06Aug2026 13:12:44.933] [Test worker/WARN] [net.minecraftforge.common.ForgeConfigSpec/CORE]: Incorrect key Messages.messages_metrics_refreshes was corrected from null to its default,  refreshes. 
[06Aug2026 13:12:44.933] [Test worker/WARN] [net.minecraftforge.common.ForgeConfigSpec/CORE]: Incorrect key Messages.messages_metrics_no_refreshes was corrected from null to its default, (no refreshes recorded). 
[06Aug2026 13:12:44.933] [Test worker/WARN] [net.minecraftforge.common.ForgeConfigSpec/CORE]: Incorrect key Messages.messages_metrics_cleanup was corrected from null to its default, Metrics cleanup: pruned %d stale player entries. 
[06Aug2026 13:12:44.933] [Test worker/WARN] [net.minecraftforge.common.ForgeConfigSpec/CORE]: Incorrect key Messages.messages_metrics_reset was corrected from null to its default, Metrics reset. 
[06Aug2026 13:12:44.933] [Test worker/WARN] [net.minecraftforge.common.ForgeConfigSpec/CORE]: Incorrect key Messages.messages_discord_announce was corrected from null to its default, **%s** changed their skin to: `%s`. 
[06Aug2026 13:12:44.933] [Test worker/WARN] [net.minecraftforge.common.ForgeConfigSpec/CORE]: Incorrect key Integration was corrected from null to its default, SimpleCommentedConfig:{}. 
[06Aug2026 13:12:44.933] [Test worker/WARN] [net.minecraftforge.common.ForgeConfigSpec/CORE]: Incorrect key Integration.discordsrv_enabled was corrected from null to its default, false. 
[06Aug2026 13:12:44.933] [Test worker/WARN] [net.minecraftforge.common.ForgeConfigSpec/CORE]: Incorrect key Integration.discordsrv_channel_id was corrected from null to its default, . 
[06Aug2026 13:12:44.933] [Test worker/WARN] [net.minecraftforge.common.ForgeConfigSpec/CORE]: Incorrect key RateLimit was corrected from null to its default, SimpleCommentedConfig:{}. 
[06Aug2026 13:12:44.933] [Test worker/WARN] [net.minecraftforge.common.ForgeConfigSpec/CORE]: Incorrect key RateLimit.cooldown_seconds was corrected from null to its default, 3. 
[06Aug2026 13:12:44.933] [Test worker/WARN] [net.minecraftforge.common.ForgeConfigSpec/CORE]: Incorrect key RateLimit.rate_limit_enabled was corrected from null to its default, true. 
[06Aug2026 13:12:44.933] [Test worker/WARN] [net.minecraftforge.common.ForgeConfigSpec/CORE]: Incorrect key RateLimit.max_commands_per_minute was corrected from null to its default, 5. 
[06Aug2026 13:12:44.933] [Test worker/WARN] [net.minecraftforge.common.ForgeConfigSpec/CORE]: Incorrect key Broadcast was corrected from null to its default, SimpleCommentedConfig:{}. 
[06Aug2026 13:12:44.933] [Test worker/WARN] [net.minecraftforge.common.ForgeConfigSpec/CORE]: Incorrect key Broadcast.dimension_scoped_broadcast was corrected from null to its default, false. 
[06Aug2026 13:12:44.933] [Test worker/WARN] [net.minecraftforge.common.ForgeConfigSpec/CORE]: Incorrect key Broadcast.broadcast_use_bundle was corrected from null to its default, false. 
[06Aug2026 13:12:44.934] [Test worker/WARN] [net.minecraftforge.common.ForgeConfigSpec/CORE]: Incorrect key Broadcast.debounce_millis was corrected from null to its default, 100. 
[06Aug2026 13:12:44.934] [Test worker/WARN] [net.minecraftforge.common.ForgeConfigSpec/CORE]: Incorrect key Broadcast.refresh_via_entity_tracker was corrected from null to its default, true. 
[06Aug2026 13:12:44.934] [Test worker/WARN] [net.minecraftforge.common.ForgeConfigSpec/CORE]: Incorrect key Metrics was corrected from null to its default, SimpleCommentedConfig:{}. 
[06Aug2026 13:12:44.934] [Test worker/WARN] [net.minecraftforge.common.ForgeConfigSpec/CORE]: Incorrect key Metrics.metrics_enabled was corrected from null to its default, true. 
[06Aug2026 13:12:44.934] [Test worker/WARN] [net.minecraftforge.common.ForgeConfigSpec/CORE]: Incorrect key Metrics.metrics_dump_interval_seconds was corrected from null to its default, 60. 
[06Aug2026 13:12:44.934] [Test worker/WARN] [net.minecraftforge.common.ForgeConfigSpec/CORE]: Incorrect key Http was corrected from null to its default, SimpleCommentedConfig:{}. 
[06Aug2026 13:12:44.934] [Test worker/WARN] [net.minecraftforge.common.ForgeConfigSpec/CORE]: Incorrect key Http.http_client_version was corrected from null to its default, HTTP_2. 
[06Aug2026 13:12:44.934] [Test worker/WARN] [net.minecraftforge.common.ForgeConfigSpec/CORE]: Incorrect key Http.http_connect_timeout_seconds was corrected from null to its default, 5. 
[06Aug2026 13:12:44.934] [Test worker/WARN] [net.minecraftforge.common.ForgeConfigSpec/CORE]: Incorrect key MojangCache was corrected from null to its default, SimpleCommentedConfig:{}. 
[06Aug2026 13:12:44.934] [Test worker/WARN] [net.minecraftforge.common.ForgeConfigSpec/CORE]: Incorrect key MojangCache.mojang_profile_cache_enabled was corrected from null to its default, true. 
[06Aug2026 13:12:44.934] [Test worker/WARN] [net.minecraftforge.common.ForgeConfigSpec/CORE]: Incorrect key MojangCache.mojang_profile_cache_ttl_ms was corrected from null to its default, 3600000. 
[06Aug2026 13:12:44.934] [Test worker/WARN] [net.minecraftforge.common.ForgeConfigSpec/CORE]: Incorrect key MojangCache.mojang_profile_cache_max_size was corrected from null to its default, 1000. 
[06Aug2026 13:12:44.934] [Test worker/WARN] [net.minecraftforge.common.ForgeConfigSpec/CORE]: Incorrect key DefaultSkins was corrected from null to its default, SimpleCommentedConfig:{}. 
[06Aug2026 13:12:44.934] [Test worker/WARN] [net.minecraftforge.common.ForgeConfigSpec/CORE]: Incorrect key DefaultSkins.enabled was corrected from null to its default, false. 
[06Aug2026 13:12:44.934] [Test worker/WARN] [net.minecraftforge.common.ForgeConfigSpec/CORE]: Incorrect key DefaultSkins.applyForPremium was corrected from null to its default, false. 
[06Aug2026 13:12:44.934] [Test worker/WARN] [net.minecraftforge.common.ForgeConfigSpec/CORE]: Incorrect key DefaultSkins.list was corrected from null to its default, [Steve, <random>]. 
[06Aug2026 13:12:44.934] [Test worker/WARN] [net.minecraftforge.common.ForgeConfigSpec/CORE]: Incorrect key Security was corrected from null to its default, SimpleCommentedConfig:{}. 
[06Aug2026 13:12:44.934] [Test worker/WARN] [net.minecraftforge.common.ForgeConfigSpec/CORE]: Incorrect key Security.urlAllowlistEnabled was corrected from null to its default, false. 
[06Aug2026 13:12:44.934] [Test worker/WARN] [net.minecraftforge.common.ForgeConfigSpec/CORE]: Incorrect key Security.urlAllowlistDomains was corrected from null to its default, [imgur.com, storage.googleapis.com, cdn.discordapp.com, textures.minecraft.net, namemc.com, crafatar.com, mc-heads.net, githubusercontent.com, minecraftskins.com]. 
[06Aug2026 13:12:44.935] [Test worker/WARN] [net.minecraftforge.common.ForgeConfigSpec/CORE]: Incorrect key Permissions was corrected from null to its default, SimpleCommentedConfig:{}. 
[06Aug2026 13:12:44.935] [Test worker/WARN] [net.minecraftforge.common.ForgeConfigSpec/CORE]: Incorrect key Permissions.op_level was corrected from null to its default, SimpleCommentedConfig:{}. 
[06Aug2026 13:12:44.935] [Test worker/WARN] [net.minecraftforge.common.ForgeConfigSpec/CORE]: Incorrect key Permissions.op_level.mojang was corrected from null to its default, 0. 
[06Aug2026 13:12:44.935] [Test worker/WARN] [net.minecraftforge.common.ForgeConfigSpec/CORE]: Incorrect key Permissions.op_level.url was corrected from null to its default, 2. 
[06Aug2026 13:12:44.935] [Test worker/WARN] [net.minecraftforge.common.ForgeConfigSpec/CORE]: Incorrect key Permissions.op_level.clear was corrected from null to its default, 0. 
[06Aug2026 13:12:44.935] [Test worker/WARN] [net.minecraftforge.common.ForgeConfigSpec/CORE]: Incorrect key Permissions.op_level.random was corrected from null to its default, 0. 
[06Aug2026 13:12:44.935] [Test worker/WARN] [net.minecraftforge.common.ForgeConfigSpec/CORE]: Incorrect key Permissions.op_level.other was corrected from null to its default, 2. 
[06Aug2026 13:12:44.935] [Test worker/WARN] [net.minecraftforge.common.ForgeConfigSpec/CORE]: Incorrect key Permissions.op_level.metrics was corrected from null to its default, 2. 
[06Aug2026 13:12:44.935] [Test worker/WARN] [net.minecraftforge.common.ForgeConfigSpec/CORE]: Incorrect key Permissions.op_level.metrics_reset was corrected from null to its default, 2. 
[06Aug2026 13:12:45.237] [Test worker/WARN] [net.minecraftforge.common.ForgeConfigSpec/CORE]: Configuration file SimpleCommentedConfig:{} is not correct. Correcting
[06Aug2026 13:12:45.237] [Test worker/WARN] [net.minecraftforge.common.ForgeConfigSpec/CORE]: Incorrect key Messages was corrected from null to its default, SimpleCommentedConfig:{}. 
[06Aug2026 13:12:45.238] [Test worker/WARN] [net.minecraftforge.common.ForgeConfigSpec/CORE]: Incorrect key Messages.localization was corrected from null to its default, en. 
[06Aug2026 13:12:45.238] [Test worker/WARN] [net.minecraftforge.common.ForgeConfigSpec/CORE]: Incorrect key Messages.display was corrected from null to its default, true. 
[06Aug2026 13:12:45.238] [Test worker/WARN] [net.minecraftforge.common.ForgeConfigSpec/CORE]: Incorrect key Messages.key was corrected from null to its default, . 
[06Aug2026 13:12:45.238] [Test worker/WARN] [net.minecraftforge.common.ForgeConfigSpec/CORE]: Incorrect key Messages.messages_change was corrected from null to its default, Skin change queued. 
[06Aug2026 13:12:45.238] [Test worker/WARN] [net.minecraftforge.common.ForgeConfigSpec/CORE]: Incorrect key Messages.messages_fulfilled was corrected from null to its default, Skin has been applied.. 
[06Aug2026 13:12:45.238] [Test worker/WARN] [net.minecraftforge.common.ForgeConfigSpec/CORE]: Incorrect key Messages.messages_timeout was corrected from null to its default, Skin fetch timed out.. 
[06Aug2026 13:12:45.238] [Test worker/WARN] [net.minecraftforge.common.ForgeConfigSpec/CORE]: Incorrect key Messages.messages_error was corrected from null to its default, Skin fetch failed.. 
[06Aug2026 13:12:45.238] [Test worker/WARN] [net.minecraftforge.common.ForgeConfigSpec/CORE]: Incorrect key Messages.messages_restored_from was corrected from null to its default, Skin restored from %s. 
[06Aug2026 13:12:45.238] [Test worker/WARN] [net.minecraftforge.common.ForgeConfigSpec/CORE]: Incorrect key Messages.messages_cleared_no_profile was corrected from null to its default, Skin cleared (no Mojang profile found). 
[06Aug2026 13:12:45.239] [Test worker/WARN] [net.minecraftforge.common.ForgeConfigSpec/CORE]: Incorrect key Messages.messages_no_source was corrected from null to its default, No source available. 
[06Aug2026 13:12:45.239] [Test worker/WARN] [net.minecraftforge.common.ForgeConfigSpec/CORE]: Incorrect key Messages.messages_player_only was corrected from null to its default, Player only command. 
[06Aug2026 13:12:45.239] [Test worker/WARN] [net.minecraftforge.common.ForgeConfigSpec/CORE]: Incorrect key Messages.messages_permission_denied was corrected from null to its default, Permission denied. 
[06Aug2026 13:12:45.239] [Test worker/WARN] [net.minecraftforge.common.ForgeConfigSpec/CORE]: Incorrect key Messages.messages_cooldown was corrected from null to its default, Please wait %ds before using /skin again. 
[06Aug2026 13:12:45.239] [Test worker/WARN] [net.minecraftforge.common.ForgeConfigSpec/CORE]: Incorrect key Messages.messages_rate_limited was corrected from null to its default, Too many /skin commands. Try again later.. 
[06Aug2026 13:12:45.239] [Test worker/WARN] [net.minecraftforge.common.ForgeConfigSpec/CORE]: Incorrect key Messages.messages_no_skin_found was corrected from null to its default, No skin found for "%s". 
[06Aug2026 13:12:45.239] [Test worker/WARN] [net.minecraftforge.common.ForgeConfigSpec/CORE]: Incorrect key Messages.messages_no_skin_found_plain was corrected from null to its default, No skin found. 
[06Aug2026 13:12:45.239] [Test worker/WARN] [net.minecraftforge.common.ForgeConfigSpec/CORE]: Incorrect key Messages.messages_mineskin_rejected was corrected from null to its default, MineSkin rejected the URL. 
[06Aug2026 13:12:45.239] [Test worker/WARN] [net.minecraftforge.common.ForgeConfigSpec/CORE]: Incorrect key Messages.messages_no_random_username was corrected from null to its default, No random username available. 
[06Aug2026 13:12:45.239] [Test worker/WARN] [net.minecraftforge.common.ForgeConfigSpec/CORE]: Incorrect key Messages.messages_provider_no_result was corrected from null to its default, Provider returned no result. 
[06Aug2026 13:12:45.239] [Test worker/WARN] [net.minecraftforge.common.ForgeConfigSpec/CORE]: Incorrect key Messages.messages_metrics_top_players was corrected from null to its default, Top players by refresh count:. 
[06Aug2026 13:12:45.239] [Test worker/WARN] [net.minecraftforge.common.ForgeConfigSpec/CORE]: Incorrect key Messages.messages_metrics_refreshes was corrected from null to its default,  refreshes. 
[06Aug2026 13:12:45.239] [Test worker/WARN] [net.minecraftforge.common.ForgeConfigSpec/CORE]: Incorrect key Messages.messages_metrics_no_refreshes was corrected from null to its default, (no refreshes recorded). 
[06Aug2026 13:12:45.240] [Test worker/WARN] [net.minecraftforge.common.ForgeConfigSpec/CORE]: Incorrect key Messages.messages_metrics_cleanup was corrected from null to its default, Metrics cleanup: pruned %d stale player entries. 
[06Aug2026 13:12:45.240] [Test worker/WARN] [net.minecraftforge.common.ForgeConfigSpec/CORE]: Incorrect key Messages.messages_metrics_reset was corrected from null to its default, Metrics reset. 
[06Aug2026 13:12:45.240] [Test worker/WARN] [net.minecraftforge.common.ForgeConfigSpec/CORE]: Incorrect key Messages.messages_discord_announce was corrected from null to its default, **%s** changed their skin to: `%s`. 
[06Aug2026 13:12:45.240] [Test worker/WARN] [net.minecraftforge.common.ForgeConfigSpec/CORE]: Incorrect key Integration was corrected from null to its default, SimpleCommentedConfig:{}. 
[06Aug2026 13:12:45.240] [Test worker/WARN] [net.minecraftforge.common.ForgeConfigSpec/CORE]: Incorrect key Integration.discordsrv_enabled was corrected from null to its default, false. 
[06Aug2026 13:12:45.240] [Test worker/WARN] [net.minecraftforge.common.ForgeConfigSpec/CORE]: Incorrect key Integration.discordsrv_channel_id was corrected from null to its default, . 
[06Aug2026 13:12:45.240] [Test worker/WARN] [net.minecraftforge.common.ForgeConfigSpec/CORE]: Incorrect key RateLimit was corrected from null to its default, SimpleCommentedConfig:{}. 
[06Aug2026 13:12:45.240] [Test worker/WARN] [net.minecraftforge.common.ForgeConfigSpec/CORE]: Incorrect key RateLimit.cooldown_seconds was corrected from null to its default, 3. 
[06Aug2026 13:12:45.240] [Test worker/WARN] [net.minecraftforge.common.ForgeConfigSpec/CORE]: Incorrect key RateLimit.rate_limit_enabled was corrected from null to its default, true. 
[06Aug2026 13:12:45.240] [Test worker/WARN] [net.minecraftforge.common.ForgeConfigSpec/CORE]: Incorrect key RateLimit.max_commands_per_minute was corrected from null to its default, 5. 
[06Aug2026 13:12:45.240] [Test worker/WARN] [net.minecraftforge.common.ForgeConfigSpec/CORE]: Incorrect key Broadcast was corrected from null to its default, SimpleCommentedConfig:{}. 
[06Aug2026 13:12:45.240] [Test worker/WARN] [net.minecraftforge.common.ForgeConfigSpec/CORE]: Incorrect key Broadcast.dimension_scoped_broadcast was corrected from null to its default, false. 
[06Aug2026 13:12:45.240] [Test worker/WARN] [net.minecraftforge.common.ForgeConfigSpec/CORE]: Incorrect key Broadcast.broadcast_use_bundle was corrected from null to its default, false. 
[06Aug2026 13:12:45.241] [Test worker/WARN] [net.minecraftforge.common.ForgeConfigSpec/CORE]: Incorrect key Broadcast.debounce_millis was corrected from null to its default, 100. 
[06Aug2026 13:12:45.241] [Test worker/WARN] [net.minecraftforge.common.ForgeConfigSpec/CORE]: Incorrect key Broadcast.refresh_via_entity_tracker was corrected from null to its default, true. 
[06Aug2026 13:12:45.241] [Test worker/WARN] [net.minecraftforge.common.ForgeConfigSpec/CORE]: Incorrect key Metrics was corrected from null to its default, SimpleCommentedConfig:{}. 
[06Aug2026 13:12:45.241] [Test worker/WARN] [net.minecraftforge.common.ForgeConfigSpec/CORE]: Incorrect key Metrics.metrics_enabled was corrected from null to its default, true. 
[06Aug2026 13:12:45.241] [Test worker/WARN] [net.minecraftforge.common.ForgeConfigSpec/CORE]: Incorrect key Metrics.metrics_dump_interval_seconds was corrected from null to its default, 60. 
[06Aug2026 13:12:45.241] [Test worker/WARN] [net.minecraftforge.common.ForgeConfigSpec/CORE]: Incorrect key Http was corrected from null to its default, SimpleCommentedConfig:{}. 
[06Aug2026 13:12:45.241] [Test worker/WARN] [net.minecraftforge.common.ForgeConfigSpec/CORE]: Incorrect key Http.http_client_version was corrected from null to its default, HTTP_2. 
[06Aug2026 13:12:45.241] [Test worker/WARN] [net.minecraftforge.common.ForgeConfigSpec/CORE]: Incorrect key Http.http_connect_timeout_seconds was corrected from null to its default, 5. 
[06Aug2026 13:12:45.241] [Test worker/WARN] [net.minecraftforge.common.ForgeConfigSpec/CORE]: Incorrect key MojangCache was corrected from null to its default, SimpleCommentedConfig:{}. 
[06Aug2026 13:12:45.241] [Test worker/WARN] [net.minecraftforge.common.ForgeConfigSpec/CORE]: Incorrect key MojangCache.mojang_profile_cache_enabled was corrected from null to its default, true. 
[06Aug2026 13:12:45.241] [Test worker/WARN] [net.minecraftforge.common.ForgeConfigSpec/CORE]: Incorrect key MojangCache.mojang_profile_cache_ttl_ms was corrected from null to its default, 3600000. 
[06Aug2026 13:12:45.242] [Test worker/WARN] [net.minecraftforge.common.ForgeConfigSpec/CORE]: Incorrect key MojangCache.mojang_profile_cache_max_size was corrected from null to its default, 1000. 
[06Aug2026 13:12:45.242] [Test worker/WARN] [net.minecraftforge.common.ForgeConfigSpec/CORE]: Incorrect key DefaultSkins was corrected from null to its default, SimpleCommentedConfig:{}. 
[06Aug2026 13:12:45.242] [Test worker/WARN] [net.minecraftforge.common.ForgeConfigSpec/CORE]: Incorrect key DefaultSkins.enabled was corrected from null to its default, false. 
[06Aug2026 13:12:45.242] [Test worker/WARN] [net.minecraftforge.common.ForgeConfigSpec/CORE]: Incorrect key DefaultSkins.applyForPremium was corrected from null to its default, false. 
[06Aug2026 13:12:45.242] [Test worker/WARN] [net.minecraftforge.common.ForgeConfigSpec/CORE]: Incorrect key DefaultSkins.list was corrected from null to its default, [Steve, <random>]. 
[06Aug2026 13:12:45.242] [Test worker/WARN] [net.minecraftforge.common.ForgeConfigSpec/CORE]: Incorrect key Security was corrected from null to its default, SimpleCommentedConfig:{}. 
[06Aug2026 13:12:45.242] [Test worker/WARN] [net.minecraftforge.common.ForgeConfigSpec/CORE]: Incorrect key Security.urlAllowlistEnabled was corrected from null to its default, false. 
[06Aug2026 13:12:45.242] [Test worker/WARN] [net.minecraftforge.common.ForgeConfigSpec/CORE]: Incorrect key Security.urlAllowlistDomains was corrected from null to its default, [imgur.com, storage.googleapis.com, cdn.discordapp.com, textures.minecraft.net, namemc.com, crafatar.com, mc-heads.net, githubusercontent.com, minecraftskins.com]. 
[06Aug2026 13:12:45.242] [Test worker/WARN] [net.minecraftforge.common.ForgeConfigSpec/CORE]: Incorrect key Permissions was corrected from null to its default, SimpleCommentedConfig:{}. 
[06Aug2026 13:12:45.243] [Test worker/WARN] [net.minecraftforge.common.ForgeConfigSpec/CORE]: Incorrect key Permissions.op_level was corrected from null to its default, SimpleCommentedConfig:{}. 
[06Aug2026 13:12:45.243] [Test worker/WARN] [net.minecraftforge.common.ForgeConfigSpec/CORE]: Incorrect key Permissions.op_level.mojang was corrected from null to its default, 0. 
[06Aug2026 13:12:45.243] [Test worker/WARN] [net.minecraftforge.common.ForgeConfigSpec/CORE]: Incorrect key Permissions.op_level.url was corrected from null to its default, 2. 
[06Aug2026 13:12:45.243] [Test worker/WARN] [net.minecraftforge.common.ForgeConfigSpec/CORE]: Incorrect key Permissions.op_level.clear was corrected from null to its default, 0. 
[06Aug2026 13:12:45.243] [Test worker/WARN] [net.minecraftforge.common.ForgeConfigSpec/CORE]: Incorrect key Permissions.op_level.random was corrected from null to its default, 0. 
[06Aug2026 13:12:45.243] [Test worker/WARN] [net.minecraftforge.common.ForgeConfigSpec/CORE]: Incorrect key Permissions.op_level.other was corrected from null to its default, 2. 
[06Aug2026 13:12:45.243] [Test worker/WARN] [net.minecraftforge.common.ForgeConfigSpec/CORE]: Incorrect key Permissions.op_level.metrics was corrected from null to its default, 2. 
[06Aug2026 13:12:45.243] [Test worker/WARN] [net.minecraftforge.common.ForgeConfigSpec/CORE]: Incorrect key Permissions.op_level.metrics_reset was corrected from null to its default, 2. 
[06Aug2026 13:12:45.245] [Test worker/WARN] [net.minecraftforge.common.ForgeConfigSpec/CORE]: Configuration file SimpleCommentedConfig:{} is not correct. Correcting
[06Aug2026 13:12:45.245] [Test worker/WARN] [net.minecraftforge.common.ForgeConfigSpec/CORE]: Incorrect key Messages was corrected from null to its default, SimpleCommentedConfig:{}. 
[06Aug2026 13:12:45.245] [Test worker/WARN] [net.minecraftforge.common.ForgeConfigSpec/CORE]: Incorrect key Messages.localization was corrected from null to its default, en. 
[06Aug2026 13:12:45.245] [Test worker/WARN] [net.minecraftforge.common.ForgeConfigSpec/CORE]: Incorrect key Messages.display was corrected from null to its default, true. 
[06Aug2026 13:12:45.245] [Test worker/WARN] [net.minecraftforge.common.ForgeConfigSpec/CORE]: Incorrect key Messages.key was corrected from null to its default, . 
[06Aug2026 13:12:45.245] [Test worker/WARN] [net.minecraftforge.common.ForgeConfigSpec/CORE]: Incorrect key Messages.messages_change was corrected from null to its default, Skin change queued. 
[06Aug2026 13:12:45.245] [Test worker/WARN] [net.minecraftforge.common.ForgeConfigSpec/CORE]: Incorrect key Messages.messages_fulfilled was corrected from null to its default, Skin has been applied.. 
[06Aug2026 13:12:45.245] [Test worker/WARN] [net.minecraftforge.common.ForgeConfigSpec/CORE]: Incorrect key Messages.messages_timeout was corrected from null to its default, Skin fetch timed out.. 
[06Aug2026 13:12:45.245] [Test worker/WARN] [net.minecraftforge.common.ForgeConfigSpec/CORE]: Incorrect key Messages.messages_error was corrected from null to its default, Skin fetch failed.. 
[06Aug2026 13:12:45.246] [Test worker/WARN] [net.minecraftforge.common.ForgeConfigSpec/CORE]: Incorrect key Messages.messages_restored_from was corrected from null to its default, Skin restored from %s. 
[06Aug2026 13:12:45.246] [Test worker/WARN] [net.minecraftforge.common.ForgeConfigSpec/CORE]: Incorrect key Messages.messages_cleared_no_profile was corrected from null to its default, Skin cleared (no Mojang profile found). 
[06Aug2026 13:12:45.246] [Test worker/WARN] [net.minecraftforge.common.ForgeConfigSpec/CORE]: Incorrect key Messages.messages_no_source was corrected from null to its default, No source available. 
[06Aug2026 13:12:45.246] [Test worker/WARN] [net.minecraftforge.common.ForgeConfigSpec/CORE]: Incorrect key Messages.messages_player_only was corrected from null to its default, Player only command. 
[06Aug2026 13:12:45.246] [Test worker/WARN] [net.minecraftforge.common.ForgeConfigSpec/CORE]: Incorrect key Messages.messages_permission_denied was corrected from null to its default, Permission denied. 
[06Aug2026 13:12:45.246] [Test worker/WARN] [net.minecraftforge.common.ForgeConfigSpec/CORE]: Incorrect key Messages.messages_cooldown was corrected from null to its default, Please wait %ds before using /skin again. 
[06Aug2026 13:12:45.246] [Test worker/WARN] [net.minecraftforge.common.ForgeConfigSpec/CORE]: Incorrect key Messages.messages_rate_limited was corrected from null to its default, Too many /skin commands. Try again later.. 
[06Aug2026 13:12:45.246] [Test worker/WARN] [net.minecraftforge.common.ForgeConfigSpec/CORE]: Incorrect key Messages.messages_no_skin_found was corrected from null to its default, No skin found for "%s". 
[06Aug2026 13:12:45.246] [Test worker/WARN] [net.minecraftforge.common.ForgeConfigSpec/CORE]: Incorrect key Messages.messages_no_skin_found_plain was corrected from null to its default, No skin found. 
[06Aug2026 13:12:45.246] [Test worker/WARN] [net.minecraftforge.common.ForgeConfigSpec/CORE]: Incorrect key Messages.messages_mineskin_rejected was corrected from null to its default, MineSkin rejected the URL. 
[06Aug2026 13:12:45.247] [Test worker/WARN] [net.minecraftforge.common.ForgeConfigSpec/CORE]: Incorrect key Messages.messages_no_random_username was corrected from null to its default, No random username available. 
[06Aug2026 13:12:45.247] [Test worker/WARN] [net.minecraftforge.common.ForgeConfigSpec/CORE]: Incorrect key Messages.messages_provider_no_result was corrected from null to its default, Provider returned no result. 
[06Aug2026 13:12:45.247] [Test worker/WARN] [net.minecraftforge.common.ForgeConfigSpec/CORE]: Incorrect key Messages.messages_metrics_top_players was corrected from null to its default, Top players by refresh count:. 
[06Aug2026 13:12:45.247] [Test worker/WARN] [net.minecraftforge.common.ForgeConfigSpec/CORE]: Incorrect key Messages.messages_metrics_refreshes was corrected from null to its default,  refreshes. 
[06Aug2026 13:12:45.247] [Test worker/WARN] [net.minecraftforge.common.ForgeConfigSpec/CORE]: Incorrect key Messages.messages_metrics_no_refreshes was corrected from null to its default, (no refreshes recorded). 
[06Aug2026 13:12:45.247] [Test worker/WARN] [net.minecraftforge.common.ForgeConfigSpec/CORE]: Incorrect key Messages.messages_metrics_cleanup was corrected from null to its default, Metrics cleanup: pruned %d stale player entries. 
[06Aug2026 13:12:45.247] [Test worker/WARN] [net.minecraftforge.common.ForgeConfigSpec/CORE]: Incorrect key Messages.messages_metrics_reset was corrected from null to its default, Metrics reset. 
[06Aug2026 13:12:45.247] [Test worker/WARN] [net.minecraftforge.common.ForgeConfigSpec/CORE]: Incorrect key Messages.messages_discord_announce was corrected from null to its default, **%s** changed their skin to: `%s`. 
[06Aug2026 13:12:45.247] [Test worker/WARN] [net.minecraftforge.common.ForgeConfigSpec/CORE]: Incorrect key Integration was corrected from null to its default, SimpleCommentedConfig:{}. 
[06Aug2026 13:12:45.247] [Test worker/WARN] [net.minecraftforge.common.ForgeConfigSpec/CORE]: Incorrect key Integration.discordsrv_enabled was corrected from null to its default, false. 
[06Aug2026 13:12:45.247] [Test worker/WARN] [net.minecraftforge.common.ForgeConfigSpec/CORE]: Incorrect key Integration.discordsrv_channel_id was corrected from null to its default, . 
[06Aug2026 13:12:45.247] [Test worker/WARN] [net.minecraftforge.common.ForgeConfigSpec/CORE]: Incorrect key RateLimit was corrected from null to its default, SimpleCommentedConfig:{}. 
[06Aug2026 13:12:45.248] [Test worker/WARN] [net.minecraftforge.common.ForgeConfigSpec/CORE]: Incorrect key RateLimit.cooldown_seconds was corrected from null to its default, 3. 
[06Aug2026 13:12:45.248] [Test worker/WARN] [net.minecraftforge.common.ForgeConfigSpec/CORE]: Incorrect key RateLimit.rate_limit_enabled was corrected from null to its default, true. 
[06Aug2026 13:12:45.248] [Test worker/WARN] [net.minecraftforge.common.ForgeConfigSpec/CORE]: Incorrect key RateLimit.max_commands_per_minute was corrected from null to its default, 5. 
[06Aug2026 13:12:45.248] [Test worker/WARN] [net.minecraftforge.common.ForgeConfigSpec/CORE]: Incorrect key Broadcast was corrected from null to its default, SimpleCommentedConfig:{}. 
[06Aug2026 13:12:45.248] [Test worker/WARN] [net.minecraftforge.common.ForgeConfigSpec/CORE]: Incorrect key Broadcast.dimension_scoped_broadcast was corrected from null to its default, false. 
[06Aug2026 13:12:45.248] [Test worker/WARN] [net.minecraftforge.common.ForgeConfigSpec/CORE]: Incorrect key Broadcast.broadcast_use_bundle was corrected from null to its default, false. 
[06Aug2026 13:12:45.248] [Test worker/WARN] [net.minecraftforge.common.ForgeConfigSpec/CORE]: Incorrect key Broadcast.debounce_millis was corrected from null to its default, 100. 
[06Aug2026 13:12:45.248] [Test worker/WARN] [net.minecraftforge.common.ForgeConfigSpec/CORE]: Incorrect key Broadcast.refresh_via_entity_tracker was corrected from null to its default, true. 
[06Aug2026 13:12:45.248] [Test worker/WARN] [net.minecraftforge.common.ForgeConfigSpec/CORE]: Incorrect key Metrics was corrected from null to its default, SimpleCommentedConfig:{}. 
[06Aug2026 13:12:45.248] [Test worker/WARN] [net.minecraftforge.common.ForgeConfigSpec/CORE]: Incorrect key Metrics.metrics_enabled was corrected from null to its default, true. 
[06Aug2026 13:12:45.248] [Test worker/WARN] [net.minecraftforge.common.ForgeConfigSpec/CORE]: Incorrect key Metrics.metrics_dump_interval_seconds was corrected from null to its default, 60. 
[06Aug2026 13:12:45.249] [Test worker/WARN] [net.minecraftforge.common.ForgeConfigSpec/CORE]: Incorrect key Http was corrected from null to its default, SimpleCommentedConfig:{}. 
[06Aug2026 13:12:45.249] [Test worker/WARN] [net.minecraftforge.common.ForgeConfigSpec/CORE]: Incorrect key Http.http_client_version was corrected from null to its default, HTTP_2. 
[06Aug2026 13:12:45.249] [Test worker/WARN] [net.minecraftforge.common.ForgeConfigSpec/CORE]: Incorrect key Http.http_connect_timeout_seconds was corrected from null to its default, 5. 
[06Aug2026 13:12:45.249] [Test worker/WARN] [net.minecraftforge.common.ForgeConfigSpec/CORE]: Incorrect key MojangCache was corrected from null to its default, SimpleCommentedConfig:{}. 
[06Aug2026 13:12:45.249] [Test worker/WARN] [net.minecraftforge.common.ForgeConfigSpec/CORE]: Incorrect key MojangCache.mojang_profile_cache_enabled was corrected from null to its default, true. 
[06Aug2026 13:12:45.249] [Test worker/WARN] [net.minecraftforge.common.ForgeConfigSpec/CORE]: Incorrect key MojangCache.mojang_profile_cache_ttl_ms was corrected from null to its default, 3600000. 
[06Aug2026 13:12:45.249] [Test worker/WARN] [net.minecraftforge.common.ForgeConfigSpec/CORE]: Incorrect key MojangCache.mojang_profile_cache_max_size was corrected from null to its default, 1000. 
[06Aug2026 13:12:45.249] [Test worker/WARN] [net.minecraftforge.common.ForgeConfigSpec/CORE]: Incorrect key DefaultSkins was corrected from null to its default, SimpleCommentedConfig:{}. 
[06Aug2026 13:12:45.249] [Test worker/WARN] [net.minecraftforge.common.ForgeConfigSpec/CORE]: Incorrect key DefaultSkins.enabled was corrected from null to its default, false. 
[06Aug2026 13:12:45.249] [Test worker/WARN] [net.minecraftforge.common.ForgeConfigSpec/CORE]: Incorrect key DefaultSkins.applyForPremium was corrected from null to its default, false. 
[06Aug2026 13:12:45.249] [Test worker/WARN] [net.minecraftforge.common.ForgeConfigSpec/CORE]: Incorrect key DefaultSkins.list was corrected from null to its default, [Steve, <random>]. 
[06Aug2026 13:12:45.249] [Test worker/WARN] [net.minecraftforge.common.ForgeConfigSpec/CORE]: Incorrect key Security was corrected from null to its default, SimpleCommentedConfig:{}. 
[06Aug2026 13:12:45.249] [Test worker/WARN] [net.minecraftforge.common.ForgeConfigSpec/CORE]: Incorrect key Security.urlAllowlistEnabled was corrected from null to its default, false. 
[06Aug2026 13:12:45.249] [Test worker/WARN] [net.minecraftforge.common.ForgeConfigSpec/CORE]: Incorrect key Security.urlAllowlistDomains was corrected from null to its default, [imgur.com, storage.googleapis.com, cdn.discordapp.com, textures.minecraft.net, namemc.com, crafatar.com, mc-heads.net, githubusercontent.com, minecraftskins.com]. 
[06Aug2026 13:12:45.249] [Test worker/WARN] [net.minecraftforge.common.ForgeConfigSpec/CORE]: Incorrect key Permissions was corrected from null to its default, SimpleCommentedConfig:{}. 
[06Aug2026 13:12:45.249] [Test worker/WARN] [net.minecraftforge.common.ForgeConfigSpec/CORE]: Incorrect key Permissions.op_level was corrected from null to its default, SimpleCommentedConfig:{}. 
[06Aug2026 13:12:45.249] [Test worker/WARN] [net.minecraftforge.common.ForgeConfigSpec/CORE]: Incorrect key Permissions.op_level.mojang was corrected from null to its default, 0. 
[06Aug2026 13:12:45.249] [Test worker/WARN] [net.minecraftforge.common.ForgeConfigSpec/CORE]: Incorrect key Permissions.op_level.url was corrected from null to its default, 2. 
[06Aug2026 13:12:45.249] [Test worker/WARN] [net.minecraftforge.common.ForgeConfigSpec/CORE]: Incorrect key Permissions.op_level.clear was corrected from null to its default, 0. 
[06Aug2026 13:12:45.250] [Test worker/WARN] [net.minecraftforge.common.ForgeConfigSpec/CORE]: Incorrect key Permissions.op_level.random was corrected from null to its default, 0. 
[06Aug2026 13:12:45.250] [Test worker/WARN] [net.minecraftforge.common.ForgeConfigSpec/CORE]: Incorrect key Permissions.op_level.other was corrected from null to its default, 2. 
[06Aug2026 13:12:45.250] [Test worker/WARN] [net.minecraftforge.common.ForgeConfigSpec/CORE]: Incorrect key Permissions.op_level.metrics was corrected from null to its default, 2. 
[06Aug2026 13:12:45.250] [Test worker/WARN] [net.minecraftforge.common.ForgeConfigSpec/CORE]: Incorrect key Permissions.op_level.metrics_reset was corrected from null to its default, 2. 
[06Aug2026 13:12:45.252] [Test worker/WARN] [net.minecraftforge.common.ForgeConfigSpec/CORE]: Configuration file SimpleCommentedConfig:{} is not correct. Correcting
[06Aug2026 13:12:45.252] [Test worker/WARN] [net.minecraftforge.common.ForgeConfigSpec/CORE]: Incorrect key Messages was corrected from null to its default, SimpleCommentedConfig:{}. 
[06Aug2026 13:12:45.252] [Test worker/WARN] [net.minecraftforge.common.ForgeConfigSpec/CORE]: Incorrect key Messages.localization was corrected from null to its default, en. 
[06Aug2026 13:12:45.252] [Test worker/WARN] [net.minecraftforge.common.ForgeConfigSpec/CORE]: Incorrect key Messages.display was corrected from null to its default, true. 
[06Aug2026 13:12:45.252] [Test worker/WARN] [net.minecraftforge.common.ForgeConfigSpec/CORE]: Incorrect key Messages.key was corrected from null to its default, . 
[06Aug2026 13:12:45.252] [Test worker/WARN] [net.minecraftforge.common.ForgeConfigSpec/CORE]: Incorrect key Messages.messages_change was corrected from null to its default, Skin change queued. 
[06Aug2026 13:12:45.252] [Test worker/WARN] [net.minecraftforge.common.ForgeConfigSpec/CORE]: Incorrect key Messages.messages_fulfilled was corrected from null to its default, Skin has been applied.. 
[06Aug2026 13:12:45.252] [Test worker/WARN] [net.minecraftforge.common.ForgeConfigSpec/CORE]: Incorrect key Messages.messages_timeout was corrected from null to its default, Skin fetch timed out.. 
[06Aug2026 13:12:45.253] [Test worker/WARN] [net.minecraftforge.common.ForgeConfigSpec/CORE]: Incorrect key Messages.messages_error was corrected from null to its default, Skin fetch failed.. 
[06Aug2026 13:12:45.253] [Test worker/WARN] [net.minecraftforge.common.ForgeConfigSpec/CORE]: Incorrect key Messages.messages_restored_from was corrected from null to its default, Skin restored from %s. 
[06Aug2026 13:12:45.253] [Test worker/WARN] [net.minecraftforge.common.ForgeConfigSpec/CORE]: Incorrect key Messages.messages_cleared_no_profile was corrected from null to its default, Skin cleared (no Mojang profile found). 
[06Aug2026 13:12:45.253] [Test worker/WARN] [net.minecraftforge.common.ForgeConfigSpec/CORE]: Incorrect key Messages.messages_no_source was corrected from null to its default, No source available. 
[06Aug2026 13:12:45.253] [Test worker/WARN] [net.minecraftforge.common.ForgeConfigSpec/CORE]: Incorrect key Messages.messages_player_only was corrected from null to its default, Player only command. 
[06Aug2026 13:12:45.253] [Test worker/WARN] [net.minecraftforge.common.ForgeConfigSpec/CORE]: Incorrect key Messages.messages_permission_denied was corrected from null to its default, Permission denied. 
[06Aug2026 13:12:45.253] [Test worker/WARN] [net.minecraftforge.common.ForgeConfigSpec/CORE]: Incorrect key Messages.messages_cooldown was corrected from null to its default, Please wait %ds before using /skin again. 
[06Aug2026 13:12:45.253] [Test worker/WARN] [net.minecraftforge.common.ForgeConfigSpec/CORE]: Incorrect key Messages.messages_rate_limited was corrected from null to its default, Too many /skin commands. Try again later.. 
[06Aug2026 13:12:45.253] [Test worker/WARN] [net.minecraftforge.common.ForgeConfigSpec/CORE]: Incorrect key Messages.messages_no_skin_found was corrected from null to its default, No skin found for "%s". 
[06Aug2026 13:12:45.253] [Test worker/WARN] [net.minecraftforge.common.ForgeConfigSpec/CORE]: Incorrect key Messages.messages_no_skin_found_plain was corrected from null to its default, No skin found. 
[06Aug2026 13:12:45.253] [Test worker/WARN] [net.minecraftforge.common.ForgeConfigSpec/CORE]: Incorrect key Messages.messages_mineskin_rejected was corrected from null to its default, MineSkin rejected the URL. 
[06Aug2026 13:12:45.253] [Test worker/WARN] [net.minecraftforge.common.ForgeConfigSpec/CORE]: Incorrect key Messages.messages_no_random_username was corrected from null to its default, No random username available. 
[06Aug2026 13:12:45.253] [Test worker/WARN] [net.minecraftforge.common.ForgeConfigSpec/CORE]: Incorrect key Messages.messages_provider_no_result was corrected from null to its default, Provider returned no result. 
[06Aug2026 13:12:45.253] [Test worker/WARN] [net.minecraftforge.common.ForgeConfigSpec/CORE]: Incorrect key Messages.messages_metrics_top_players was corrected from null to its default, Top players by refresh count:. 
[06Aug2026 13:12:45.253] [Test worker/WARN] [net.minecraftforge.common.ForgeConfigSpec/CORE]: Incorrect key Messages.messages_metrics_refreshes was corrected from null to its default,  refreshes. 
[06Aug2026 13:12:45.253] [Test worker/WARN] [net.minecraftforge.common.ForgeConfigSpec/CORE]: Incorrect key Messages.messages_metrics_no_refreshes was corrected from null to its default, (no refreshes recorded). 
[06Aug2026 13:12:45.253] [Test worker/WARN] [net.minecraftforge.common.ForgeConfigSpec/CORE]: Incorrect key Messages.messages_metrics_cleanup was corrected from null to its default, Metrics cleanup: pruned %d stale player entries. 
[06Aug2026 13:12:45.253] [Test worker/WARN] [net.minecraftforge.common.ForgeConfigSpec/CORE]: Incorrect key Messages.messages_metrics_reset was corrected from null to its default, Metrics reset. 
[06Aug2026 13:12:45.253] [Test worker/WARN] [net.minecraftforge.common.ForgeConfigSpec/CORE]: Incorrect key Messages.messages_discord_announce was corrected from null to its default, **%s** changed their skin to: `%s`. 
[06Aug2026 13:12:45.254] [Test worker/WARN] [net.minecraftforge.common.ForgeConfigSpec/CORE]: Incorrect key Integration was corrected from null to its default, SimpleCommentedConfig:{}. 
[06Aug2026 13:12:45.254] [Test worker/WARN] [net.minecraftforge.common.ForgeConfigSpec/CORE]: Incorrect key Integration.discordsrv_enabled was corrected from null to its default, false. 
[06Aug2026 13:12:45.254] [Test worker/WARN] [net.minecraftforge.common.ForgeConfigSpec/CORE]: Incorrect key Integration.discordsrv_channel_id was corrected from null to its default, . 
[06Aug2026 13:12:45.254] [Test worker/WARN] [net.minecraftforge.common.ForgeConfigSpec/CORE]: Incorrect key RateLimit was corrected from null to its default, SimpleCommentedConfig:{}. 
[06Aug2026 13:12:45.254] [Test worker/WARN] [net.minecraftforge.common.ForgeConfigSpec/CORE]: Incorrect key RateLimit.cooldown_seconds was corrected from null to its default, 3. 
[06Aug2026 13:12:45.254] [Test worker/WARN] [net.minecraftforge.common.ForgeConfigSpec/CORE]: Incorrect key RateLimit.rate_limit_enabled was corrected from null to its default, true. 
[06Aug2026 13:12:45.254] [Test worker/WARN] [net.minecraftforge.common.ForgeConfigSpec/CORE]: Incorrect key RateLimit.max_commands_per_minute was corrected from null to its default, 5. 
[06Aug2026 13:12:45.254] [Test worker/WARN] [net.minecraftforge.common.ForgeConfigSpec/CORE]: Incorrect key Broadcast was corrected from null to its default, SimpleCommentedConfig:{}. 
[06Aug2026 13:12:45.254] [Test worker/WARN] [net.minecraftforge.common.ForgeConfigSpec/CORE]: Incorrect key Broadcast.dimension_scoped_broadcast was corrected from null to its default, false. 
[06Aug2026 13:12:45.254] [Test worker/WARN] [net.minecraftforge.common.ForgeConfigSpec/CORE]: Incorrect key Broadcast.broadcast_use_bundle was corrected from null to its default, false. 
[06Aug2026 13:12:45.254] [Test worker/WARN] [net.minecraftforge.common.ForgeConfigSpec/CORE]: Incorrect key Broadcast.debounce_millis was corrected from null to its default, 100. 
[06Aug2026 13:12:45.254] [Test worker/WARN] [net.minecraftforge.common.ForgeConfigSpec/CORE]: Incorrect key Broadcast.refresh_via_entity_tracker was corrected from null to its default, true. 
[06Aug2026 13:12:45.254] [Test worker/WARN] [net.minecraftforge.common.ForgeConfigSpec/CORE]: Incorrect key Metrics was corrected from null to its default, SimpleCommentedConfig:{}. 
[06Aug2026 13:12:45.254] [Test worker/WARN] [net.minecraftforge.common.ForgeConfigSpec/CORE]: Incorrect key Metrics.metrics_enabled was corrected from null to its default, true. 
[06Aug2026 13:12:45.254] [Test worker/WARN] [net.minecraftforge.common.ForgeConfigSpec/CORE]: Incorrect key Metrics.metrics_dump_interval_seconds was corrected from null to its default, 60. 
[06Aug2026 13:12:45.255] [Test worker/WARN] [net.minecraftforge.common.ForgeConfigSpec/CORE]: Incorrect key Http was corrected from null to its default, SimpleCommentedConfig:{}. 
[06Aug2026 13:12:45.255] [Test worker/WARN] [net.minecraftforge.common.ForgeConfigSpec/CORE]: Incorrect key Http.http_client_version was corrected from null to its default, HTTP_2. 
[06Aug2026 13:12:45.255] [Test worker/WARN] [net.minecraftforge.common.ForgeConfigSpec/CORE]: Incorrect key Http.http_connect_timeout_seconds was corrected from null to its default, 5. 
[06Aug2026 13:12:45.255] [Test worker/WARN] [net.minecraftforge.common.ForgeConfigSpec/CORE]: Incorrect key MojangCache was corrected from null to its default, SimpleCommentedConfig:{}. 
[06Aug2026 13:12:45.255] [Test worker/WARN] [net.minecraftforge.common.ForgeConfigSpec/CORE]: Incorrect key MojangCache.mojang_profile_cache_enabled was corrected from null to its default, true. 
[06Aug2026 13:12:45.255] [Test worker/WARN] [net.minecraftforge.common.ForgeConfigSpec/CORE]: Incorrect key MojangCache.mojang_profile_cache_ttl_ms was corrected from null to its default, 3600000. 
[06Aug2026 13:12:45.255] [Test worker/WARN] [net.minecraftforge.common.ForgeConfigSpec/CORE]: Incorrect key MojangCache.mojang_profile_cache_max_size was corrected from null to its default, 1000. 
[06Aug2026 13:12:45.255] [Test worker/WARN] [net.minecraftforge.common.ForgeConfigSpec/CORE]: Incorrect key DefaultSkins was corrected from null to its default, SimpleCommentedConfig:{}. 
[06Aug2026 13:12:45.255] [Test worker/WARN] [net.minecraftforge.common.ForgeConfigSpec/CORE]: Incorrect key DefaultSkins.enabled was corrected from null to its default, false. 
[06Aug2026 13:12:45.255] [Test worker/WARN] [net.minecraftforge.common.ForgeConfigSpec/CORE]: Incorrect key DefaultSkins.applyForPremium was corrected from null to its default, false. 
[06Aug2026 13:12:45.255] [Test worker/WARN] [net.minecraftforge.common.ForgeConfigSpec/CORE]: Incorrect key DefaultSkins.list was corrected from null to its default, [Steve, <random>]. 
[06Aug2026 13:12:45.255] [Test worker/WARN] [net.minecraftforge.common.ForgeConfigSpec/CORE]: Incorrect key Security was corrected from null to its default, SimpleCommentedConfig:{}. 
[06Aug2026 13:12:45.255] [Test worker/WARN] [net.minecraftforge.common.ForgeConfigSpec/CORE]: Incorrect key Security.urlAllowlistEnabled was corrected from null to its default, false. 
[06Aug2026 13:12:45.255] [Test worker/WARN] [net.minecraftforge.common.ForgeConfigSpec/CORE]: Incorrect key Security.urlAllowlistDomains was corrected from null to its default, [imgur.com, storage.googleapis.com, cdn.discordapp.com, textures.minecraft.net, namemc.com, crafatar.com, mc-heads.net, githubusercontent.com, minecraftskins.com]. 
[06Aug2026 13:12:45.255] [Test worker/WARN] [net.minecraftforge.common.ForgeConfigSpec/CORE]: Incorrect key Permissions was corrected from null to its default, SimpleCommentedConfig:{}. 
[06Aug2026 13:12:45.255] [Test worker/WARN] [net.minecraftforge.common.ForgeConfigSpec/CORE]: Incorrect key Permissions.op_level was corrected from null to its default, SimpleCommentedConfig:{}. 
[06Aug2026 13:12:45.255] [Test worker/WARN] [net.minecraftforge.common.ForgeConfigSpec/CORE]: Incorrect key Permissions.op_level.mojang was corrected from null to its default, 0. 
[06Aug2026 13:12:45.255] [Test worker/WARN] [net.minecraftforge.common.ForgeConfigSpec/CORE]: Incorrect key Permissions.op_level.url was corrected from null to its default, 2. 
[06Aug2026 13:12:45.255] [Test worker/WARN] [net.minecraftforge.common.ForgeConfigSpec/CORE]: Incorrect key Permissions.op_level.clear was corrected from null to its default, 0. 
[06Aug2026 13:12:45.255] [Test worker/WARN] [net.minecraftforge.common.ForgeConfigSpec/CORE]: Incorrect key Permissions.op_level.random was corrected from null to its default, 0. 
[06Aug2026 13:12:45.255] [Test worker/WARN] [net.minecraftforge.common.ForgeConfigSpec/CORE]: Incorrect key Permissions.op_level.other was corrected from null to its default, 2. 
[06Aug2026 13:12:45.255] [Test worker/WARN] [net.minecraftforge.common.ForgeConfigSpec/CORE]: Incorrect key Permissions.op_level.metrics was corrected from null to its default, 2. 
[06Aug2026 13:12:45.256] [Test worker/WARN] [net.minecraftforge.common.ForgeConfigSpec/CORE]: Incorrect key Permissions.op_level.metrics_reset was corrected from null to its default, 2. 
[06Aug2026 13:12:45.256] [Test worker/WARN] [net.minecraftforge.common.ForgeConfigSpec/CORE]: Configuration file SimpleCommentedConfig:{} is not correct. Correcting
[06Aug2026 13:12:45.256] [Test worker/WARN] [net.minecraftforge.common.ForgeConfigSpec/CORE]: Incorrect key Messages was corrected from null to its default, SimpleCommentedConfig:{}. 
[06Aug2026 13:12:45.256] [Test worker/WARN] [net.minecraftforge.common.ForgeConfigSpec/CORE]: Incorrect key Messages.localization was corrected from null to its default, en. 
[06Aug2026 13:12:45.256] [Test worker/WARN] [net.minecraftforge.common.ForgeConfigSpec/CORE]: Incorrect key Messages.display was corrected from null to its default, true. 
[06Aug2026 13:12:45.256] [Test worker/WARN] [net.minecraftforge.common.ForgeConfigSpec/CORE]: Incorrect key Messages.key was corrected from null to its default, . 
[06Aug2026 13:12:45.257] [Test worker/WARN] [net.minecraftforge.common.ForgeConfigSpec/CORE]: Incorrect key Messages.messages_change was corrected from null to its default, Skin change queued. 
[06Aug2026 13:12:45.257] [Test worker/WARN] [net.minecraftforge.common.ForgeConfigSpec/CORE]: Incorrect key Messages.messages_fulfilled was corrected from null to its default, Skin has been applied.. 
[06Aug2026 13:12:45.257] [Test worker/WARN] [net.minecraftforge.common.ForgeConfigSpec/CORE]: Incorrect key Messages.messages_timeout was corrected from null to its default, Skin fetch timed out.. 
[06Aug2026 13:12:45.257] [Test worker/WARN] [net.minecraftforge.common.ForgeConfigSpec/CORE]: Incorrect key Messages.messages_error was corrected from null to its default, Skin fetch failed.. 
[06Aug2026 13:12:45.257] [Test worker/WARN] [net.minecraftforge.common.ForgeConfigSpec/CORE]: Incorrect key Messages.messages_restored_from was corrected from null to its default, Skin restored from %s. 
[06Aug2026 13:12:45.257] [Test worker/WARN] [net.minecraftforge.common.ForgeConfigSpec/CORE]: Incorrect key Messages.messages_cleared_no_profile was corrected from null to its default, Skin cleared (no Mojang profile found). 
[06Aug2026 13:12:45.257] [Test worker/WARN] [net.minecraftforge.common.ForgeConfigSpec/CORE]: Incorrect key Messages.messages_no_source was corrected from null to its default, No source available. 
[06Aug2026 13:12:45.257] [Test worker/WARN] [net.minecraftforge.common.ForgeConfigSpec/CORE]: Incorrect key Messages.messages_player_only was corrected from null to its default, Player only command. 
[06Aug2026 13:12:45.257] [Test worker/WARN] [net.minecraftforge.common.ForgeConfigSpec/CORE]: Incorrect key Messages.messages_permission_denied was corrected from null to its default, Permission denied. 
[06Aug2026 13:12:45.257] [Test worker/WARN] [net.minecraftforge.common.ForgeConfigSpec/CORE]: Incorrect key Messages.messages_cooldown was corrected from null to its default, Please wait %ds before using /skin again. 
[06Aug2026 13:12:45.257] [Test worker/WARN] [net.minecraftforge.common.ForgeConfigSpec/CORE]: Incorrect key Messages.messages_rate_limited was corrected from null to its default, Too many /skin commands. Try again later.. 
[06Aug2026 13:12:45.257] [Test worker/WARN] [net.minecraftforge.common.ForgeConfigSpec/CORE]: Incorrect key Messages.messages_no_skin_found was corrected from null to its default, No skin found for "%s". 
[06Aug2026 13:12:45.257] [Test worker/WARN] [net.minecraftforge.common.ForgeConfigSpec/CORE]: Incorrect key Messages.messages_no_skin_found_plain was corrected from null to its default, No skin found. 
[06Aug2026 13:12:45.257] [Test worker/WARN] [net.minecraftforge.common.ForgeConfigSpec/CORE]: Incorrect key Messages.messages_mineskin_rejected was corrected from null to its default, MineSkin rejected the URL. 
[06Aug2026 13:12:45.257] [Test worker/WARN] [net.minecraftforge.common.ForgeConfigSpec/CORE]: Incorrect key Messages.messages_no_random_username was corrected from null to its default, No random username available. 
[06Aug2026 13:12:45.257] [Test worker/WARN] [net.minecraftforge.common.ForgeConfigSpec/CORE]: Incorrect key Messages.messages_provider_no_result was corrected from null to its default, Provider returned no result. 
[06Aug2026 13:12:45.257] [Test worker/WARN] [net.minecraftforge.common.ForgeConfigSpec/CORE]: Incorrect key Messages.messages_metrics_top_players was corrected from null to its default, Top players by refresh count:. 
[06Aug2026 13:12:45.257] [Test worker/WARN] [net.minecraftforge.common.ForgeConfigSpec/CORE]: Incorrect key Messages.messages_metrics_refreshes was corrected from null to its default,  refreshes. 
[06Aug2026 13:12:45.257] [Test worker/WARN] [net.minecraftforge.common.ForgeConfigSpec/CORE]: Incorrect key Messages.messages_metrics_no_refreshes was corrected from null to its default, (no refreshes recorded). 
[06Aug2026 13:12:45.257] [Test worker/WARN] [net.minecraftforge.common.ForgeConfigSpec/CORE]: Incorrect key Messages.messages_metrics_cleanup was corrected from null to its default, Metrics cleanup: pruned %d stale player entries. 
[06Aug2026 13:12:45.257] [Test worker/WARN] [net.minecraftforge.common.ForgeConfigSpec/CORE]: Incorrect key Messages.messages_metrics_reset was corrected from null to its default, Metrics reset. 
[06Aug2026 13:12:45.257] [Test worker/WARN] [net.minecraftforge.common.ForgeConfigSpec/CORE]: Incorrect key Messages.messages_discord_announce was corrected from null to its default, **%s** changed their skin to: `%s`. 
[06Aug2026 13:12:45.257] [Test worker/WARN] [net.minecraftforge.common.ForgeConfigSpec/CORE]: Incorrect key Integration was corrected from null to its default, SimpleCommentedConfig:{}. 
[06Aug2026 13:12:45.257] [Test worker/WARN] [net.minecraftforge.common.ForgeConfigSpec/CORE]: Incorrect key Integration.discordsrv_enabled was corrected from null to its default, false. 
[06Aug2026 13:12:45.257] [Test worker/WARN] [net.minecraftforge.common.ForgeConfigSpec/CORE]: Incorrect key Integration.discordsrv_channel_id was corrected from null to its default, . 
[06Aug2026 13:12:45.257] [Test worker/WARN] [net.minecraftforge.common.ForgeConfigSpec/CORE]: Incorrect key RateLimit was corrected from null to its default, SimpleCommentedConfig:{}. 
[06Aug2026 13:12:45.258] [Test worker/WARN] [net.minecraftforge.common.ForgeConfigSpec/CORE]: Incorrect key RateLimit.cooldown_seconds was corrected from null to its default, 3. 
[06Aug2026 13:12:45.258] [Test worker/WARN] [net.minecraftforge.common.ForgeConfigSpec/CORE]: Incorrect key RateLimit.rate_limit_enabled was corrected from null to its default, true. 
[06Aug2026 13:12:45.258] [Test worker/WARN] [net.minecraftforge.common.ForgeConfigSpec/CORE]: Incorrect key RateLimit.max_commands_per_minute was corrected from null to its default, 5. 
[06Aug2026 13:12:45.258] [Test worker/WARN] [net.minecraftforge.common.ForgeConfigSpec/CORE]: Incorrect key Broadcast was corrected from null to its default, SimpleCommentedConfig:{}. 
[06Aug2026 13:12:45.258] [Test worker/WARN] [net.minecraftforge.common.ForgeConfigSpec/CORE]: Incorrect key Broadcast.dimension_scoped_broadcast was corrected from null to its default, false. 
[06Aug2026 13:12:45.258] [Test worker/WARN] [net.minecraftforge.common.ForgeConfigSpec/CORE]: Incorrect key Broadcast.broadcast_use_bundle was corrected from null to its default, false. 
[06Aug2026 13:12:45.258] [Test worker/WARN] [net.minecraftforge.common.ForgeConfigSpec/CORE]: Incorrect key Broadcast.debounce_millis was corrected from null to its default, 100. 
[06Aug2026 13:12:45.258] [Test worker/WARN] [net.minecraftforge.common.ForgeConfigSpec/CORE]: Incorrect key Broadcast.refresh_via_entity_tracker was corrected from null to its default, true. 
[06Aug2026 13:12:45.258] [Test worker/WARN] [net.minecraftforge.common.ForgeConfigSpec/CORE]: Incorrect key Metrics was corrected from null to its default, SimpleCommentedConfig:{}. 
[06Aug2026 13:12:45.258] [Test worker/WARN] [net.minecraftforge.common.ForgeConfigSpec/CORE]: Incorrect key Metrics.metrics_enabled was corrected from null to its default, true. 
[06Aug2026 13:12:45.258] [Test worker/WARN] [net.minecraftforge.common.ForgeConfigSpec/CORE]: Incorrect key Metrics.metrics_dump_interval_seconds was corrected from null to its default, 60. 
[06Aug2026 13:12:45.258] [Test worker/WARN] [net.minecraftforge.common.ForgeConfigSpec/CORE]: Incorrect key Http was corrected from null to its default, SimpleCommentedConfig:{}. 
[06Aug2026 13:12:45.258] [Test worker/WARN] [net.minecraftforge.common.ForgeConfigSpec/CORE]: Incorrect key Http.http_client_version was corrected from null to its default, HTTP_2. 
[06Aug2026 13:12:45.258] [Test worker/WARN] [net.minecraftforge.common.ForgeConfigSpec/CORE]: Incorrect key Http.http_connect_timeout_seconds was corrected from null to its default, 5. 
[06Aug2026 13:12:45.258] [Test worker/WARN] [net.minecraftforge.common.ForgeConfigSpec/CORE]: Incorrect key MojangCache was corrected from null to its default, SimpleCommentedConfig:{}. 
[06Aug2026 13:12:45.258] [Test worker/WARN] [net.minecraftforge.common.ForgeConfigSpec/CORE]: Incorrect key MojangCache.mojang_profile_cache_enabled was corrected from null to its default, true. 
[06Aug2026 13:12:45.258] [Test worker/WARN] [net.minecraftforge.common.ForgeConfigSpec/CORE]: Incorrect key MojangCache.mojang_profile_cache_ttl_ms was corrected from null to its default, 3600000. 
[06Aug2026 13:12:45.258] [Test worker/WARN] [net.minecraftforge.common.ForgeConfigSpec/CORE]: Incorrect key MojangCache.mojang_profile_cache_max_size was corrected from null to its default, 1000. 
[06Aug2026 13:12:45.258] [Test worker/WARN] [net.minecraftforge.common.ForgeConfigSpec/CORE]: Incorrect key DefaultSkins was corrected from null to its default, SimpleCommentedConfig:{}. 
[06Aug2026 13:12:45.258] [Test worker/WARN] [net.minecraftforge.common.ForgeConfigSpec/CORE]: Incorrect key DefaultSkins.enabled was corrected from null to its default, false. 
[06Aug2026 13:12:45.258] [Test worker/WARN] [net.minecraftforge.common.ForgeConfigSpec/CORE]: Incorrect key DefaultSkins.applyForPremium was corrected from null to its default, false. 
[06Aug2026 13:12:45.258] [Test worker/WARN] [net.minecraftforge.common.ForgeConfigSpec/CORE]: Incorrect key DefaultSkins.list was corrected from null to its default, [Steve, <random>]. 
[06Aug2026 13:12:45.258] [Test worker/WARN] [net.minecraftforge.common.ForgeConfigSpec/CORE]: Incorrect key Security was corrected from null to its default, SimpleCommentedConfig:{}. 
[06Aug2026 13:12:45.258] [Test worker/WARN] [net.minecraftforge.common.ForgeConfigSpec/CORE]: Incorrect key Security.urlAllowlistEnabled was corrected from null to its default, false. 
[06Aug2026 13:12:45.259] [Test worker/WARN] [net.minecraftforge.common.ForgeConfigSpec/CORE]: Incorrect key Security.urlAllowlistDomains was corrected from null to its default, [imgur.com, storage.googleapis.com, cdn.discordapp.com, textures.minecraft.net, namemc.com, crafatar.com, mc-heads.net, githubusercontent.com, minecraftskins.com]. 
[06Aug2026 13:12:45.259] [Test worker/WARN] [net.minecraftforge.common.ForgeConfigSpec/CORE]: Incorrect key Permissions was corrected from null to its default, SimpleCommentedConfig:{}. 
[06Aug2026 13:12:45.259] [Test worker/WARN] [net.minecraftforge.common.ForgeConfigSpec/CORE]: Incorrect key Permissions.op_level was corrected from null to its default, SimpleCommentedConfig:{}. 
[06Aug2026 13:12:45.259] [Test worker/WARN] [net.minecraftforge.common.ForgeConfigSpec/CORE]: Incorrect key Permissions.op_level.mojang was corrected from null to its default, 0. 
[06Aug2026 13:12:45.259] [Test worker/WARN] [net.minecraftforge.common.ForgeConfigSpec/CORE]: Incorrect key Permissions.op_level.url was corrected from null to its default, 2. 
[06Aug2026 13:12:45.259] [Test worker/WARN] [net.minecraftforge.common.ForgeConfigSpec/CORE]: Incorrect key Permissions.op_level.clear was corrected from null to its default, 0. 
[06Aug2026 13:12:45.259] [Test worker/WARN] [net.minecraftforge.common.ForgeConfigSpec/CORE]: Incorrect key Permissions.op_level.random was corrected from null to its default, 0. 
[06Aug2026 13:12:45.259] [Test worker/WARN] [net.minecraftforge.common.ForgeConfigSpec/CORE]: Incorrect key Permissions.op_level.other was corrected from null to its default, 2. 
[06Aug2026 13:12:45.259] [Test worker/WARN] [net.minecraftforge.common.ForgeConfigSpec/CORE]: Incorrect key Permissions.op_level.metrics was corrected from null to its default, 2. 
[06Aug2026 13:12:45.259] [Test worker/WARN] [net.minecraftforge.common.ForgeConfigSpec/CORE]: Incorrect key Permissions.op_level.metrics_reset was corrected from null to its default, 2. 
[06Aug2026 13:12:45.262] [Test worker/WARN] [net.minecraftforge.common.ForgeConfigSpec/CORE]: Configuration file SimpleCommentedConfig:{} is not correct. Correcting
[06Aug2026 13:12:45.262] [Test worker/WARN] [net.minecraftforge.common.ForgeConfigSpec/CORE]: Incorrect key Messages was corrected from null to its default, SimpleCommentedConfig:{}. 
[06Aug2026 13:12:45.262] [Test worker/WARN] [net.minecraftforge.common.ForgeConfigSpec/CORE]: Incorrect key Messages.localization was corrected from null to its default, en. 
[06Aug2026 13:12:45.262] [Test worker/WARN] [net.minecraftforge.common.ForgeConfigSpec/CORE]: Incorrect key Messages.display was corrected from null to its default, true. 
[06Aug2026 13:12:45.262] [Test worker/WARN] [net.minecraftforge.common.ForgeConfigSpec/CORE]: Incorrect key Messages.key was corrected from null to its default, . 
[06Aug2026 13:12:45.262] [Test worker/WARN] [net.minecraftforge.common.ForgeConfigSpec/CORE]: Incorrect key Messages.messages_change was corrected from null to its default, Skin change queued. 
[06Aug2026 13:12:45.262] [Test worker/WARN] [net.minecraftforge.common.ForgeConfigSpec/CORE]: Incorrect key Messages.messages_fulfilled was corrected from null to its default, Skin has been applied.. 
[06Aug2026 13:12:45.262] [Test worker/WARN] [net.minecraftforge.common.ForgeConfigSpec/CORE]: Incorrect key Messages.messages_timeout was corrected from null to its default, Skin fetch timed out.. 
[06Aug2026 13:12:45.262] [Test worker/WARN] [net.minecraftforge.common.ForgeConfigSpec/CORE]: Incorrect key Messages.messages_error was corrected from null to its default, Skin fetch failed.. 
[06Aug2026 13:12:45.262] [Test worker/WARN] [net.minecraftforge.common.ForgeConfigSpec/CORE]: Incorrect key Messages.messages_restored_from was corrected from null to its default, Skin restored from %s. 
[06Aug2026 13:12:45.262] [Test worker/WARN] [net.minecraftforge.common.ForgeConfigSpec/CORE]: Incorrect key Messages.messages_cleared_no_profile was corrected from null to its default, Skin cleared (no Mojang profile found). 
[06Aug2026 13:12:45.262] [Test worker/WARN] [net.minecraftforge.common.ForgeConfigSpec/CORE]: Incorrect key Messages.messages_no_source was corrected from null to its default, No source available. 
[06Aug2026 13:12:45.262] [Test worker/WARN] [net.minecraftforge.common.ForgeConfigSpec/CORE]: Incorrect key Messages.messages_player_only was corrected from null to its default, Player only command. 
[06Aug2026 13:12:45.262] [Test worker/WARN] [net.minecraftforge.common.ForgeConfigSpec/CORE]: Incorrect key Messages.messages_permission_denied was corrected from null to its default, Permission denied. 
[06Aug2026 13:12:45.262] [Test worker/WARN] [net.minecraftforge.common.ForgeConfigSpec/CORE]: Incorrect key Messages.messages_cooldown was corrected from null to its default, Please wait %ds before using /skin again. 
[06Aug2026 13:12:45.262] [Test worker/WARN] [net.minecraftforge.common.ForgeConfigSpec/CORE]: Incorrect key Messages.messages_rate_limited was corrected from null to its default, Too many /skin commands. Try again later.. 
[06Aug2026 13:12:45.262] [Test worker/WARN] [net.minecraftforge.common.ForgeConfigSpec/CORE]: Incorrect key Messages.messages_no_skin_found was corrected from null to its default, No skin found for "%s". 
[06Aug2026 13:12:45.262] [Test worker/WARN] [net.minecraftforge.common.ForgeConfigSpec/CORE]: Incorrect key Messages.messages_no_skin_found_plain was corrected from null to its default, No skin found. 
[06Aug2026 13:12:45.263] [Test worker/WARN] [net.minecraftforge.common.ForgeConfigSpec/CORE]: Incorrect key Messages.messages_mineskin_rejected was corrected from null to its default, MineSkin rejected the URL. 
[06Aug2026 13:12:45.263] [Test worker/WARN] [net.minecraftforge.common.ForgeConfigSpec/CORE]: Incorrect key Messages.messages_no_random_username was corrected from null to its default, No random username available. 
[06Aug2026 13:12:45.263] [Test worker/WARN] [net.minecraftforge.common.ForgeConfigSpec/CORE]: Incorrect key Messages.messages_provider_no_result was corrected from null to its default, Provider returned no result. 
[06Aug2026 13:12:45.263] [Test worker/WARN] [net.minecraftforge.common.ForgeConfigSpec/CORE]: Incorrect key Messages.messages_metrics_top_players was corrected from null to its default, Top players by refresh count:. 
[06Aug2026 13:12:45.263] [Test worker/WARN] [net.minecraftforge.common.ForgeConfigSpec/CORE]: Incorrect key Messages.messages_metrics_refreshes was corrected from null to its default,  refreshes. 
[06Aug2026 13:12:45.263] [Test worker/WARN] [net.minecraftforge.common.ForgeConfigSpec/CORE]: Incorrect key Messages.messages_metrics_no_refreshes was corrected from null to its default, (no refreshes recorded). 
[06Aug2026 13:12:45.263] [Test worker/WARN] [net.minecraftforge.common.ForgeConfigSpec/CORE]: Incorrect key Messages.messages_metrics_cleanup was corrected from null to its default, Metrics cleanup: pruned %d stale player entries. 
[06Aug2026 13:12:45.263] [Test worker/WARN] [net.minecraftforge.common.ForgeConfigSpec/CORE]: Incorrect key Messages.messages_metrics_reset was corrected from null to its default, Metrics reset. 
[06Aug2026 13:12:45.263] [Test worker/WARN] [net.minecraftforge.common.ForgeConfigSpec/CORE]: Incorrect key Messages.messages_discord_announce was corrected from null to its default, **%s** changed their skin to: `%s`. 
[06Aug2026 13:12:45.263] [Test worker/WARN] [net.minecraftforge.common.ForgeConfigSpec/CORE]: Incorrect key Integration was corrected from null to its default, SimpleCommentedConfig:{}. 
[06Aug2026 13:12:45.263] [Test worker/WARN] [net.minecraftforge.common.ForgeConfigSpec/CORE]: Incorrect key Integration.discordsrv_enabled was corrected from null to its default, false. 
[06Aug2026 13:12:45.263] [Test worker/WARN] [net.minecraftforge.common.ForgeConfigSpec/CORE]: Incorrect key Integration.discordsrv_channel_id was corrected from null to its default, . 
[06Aug2026 13:12:45.263] [Test worker/WARN] [net.minecraftforge.common.ForgeConfigSpec/CORE]: Incorrect key RateLimit was corrected from null to its default, SimpleCommentedConfig:{}. 
[06Aug2026 13:12:45.263] [Test worker/WARN] [net.minecraftforge.common.ForgeConfigSpec/CORE]: Incorrect key RateLimit.cooldown_seconds was corrected from null to its default, 3. 
[06Aug2026 13:12:45.263] [Test worker/WARN] [net.minecraftforge.common.ForgeConfigSpec/CORE]: Incorrect key RateLimit.rate_limit_enabled was corrected from null to its default, true. 
[06Aug2026 13:12:45.263] [Test worker/WARN] [net.minecraftforge.common.ForgeConfigSpec/CORE]: Incorrect key RateLimit.max_commands_per_minute was corrected from null to its default, 5. 
[06Aug2026 13:12:45.263] [Test worker/WARN] [net.minecraftforge.common.ForgeConfigSpec/CORE]: Incorrect key Broadcast was corrected from null to its default, SimpleCommentedConfig:{}. 
[06Aug2026 13:12:45.263] [Test worker/WARN] [net.minecraftforge.common.ForgeConfigSpec/CORE]: Incorrect key Broadcast.dimension_scoped_broadcast was corrected from null to its default, false. 
[06Aug2026 13:12:45.264] [Test worker/WARN] [net.minecraftforge.common.ForgeConfigSpec/CORE]: Incorrect key Broadcast.broadcast_use_bundle was corrected from null to its default, false. 
[06Aug2026 13:12:45.264] [Test worker/WARN] [net.minecraftforge.common.ForgeConfigSpec/CORE]: Incorrect key Broadcast.debounce_millis was corrected from null to its default, 100. 
[06Aug2026 13:12:45.264] [Test worker/WARN] [net.minecraftforge.common.ForgeConfigSpec/CORE]: Incorrect key Broadcast.refresh_via_entity_tracker was corrected from null to its default, true. 
[06Aug2026 13:12:45.264] [Test worker/WARN] [net.minecraftforge.common.ForgeConfigSpec/CORE]: Incorrect key Metrics was corrected from null to its default, SimpleCommentedConfig:{}. 
[06Aug2026 13:12:45.264] [Test worker/WARN] [net.minecraftforge.common.ForgeConfigSpec/CORE]: Incorrect key Metrics.metrics_enabled was corrected from null to its default, true. 
[06Aug2026 13:12:45.264] [Test worker/WARN] [net.minecraftforge.common.ForgeConfigSpec/CORE]: Incorrect key Metrics.metrics_dump_interval_seconds was corrected from null to its default, 60. 
[06Aug2026 13:12:45.264] [Test worker/WARN] [net.minecraftforge.common.ForgeConfigSpec/CORE]: Incorrect key Http was corrected from null to its default, SimpleCommentedConfig:{}. 
[06Aug2026 13:12:45.264] [Test worker/WARN] [net.minecraftforge.common.ForgeConfigSpec/CORE]: Incorrect key Http.http_client_version was corrected from null to its default, HTTP_2. 
[06Aug2026 13:12:45.264] [Test worker/WARN] [net.minecraftforge.common.ForgeConfigSpec/CORE]: Incorrect key Http.http_connect_timeout_seconds was corrected from null to its default, 5. 
[06Aug2026 13:12:45.264] [Test worker/WARN] [net.minecraftforge.common.ForgeConfigSpec/CORE]: Incorrect key MojangCache was corrected from null to its default, SimpleCommentedConfig:{}. 
[06Aug2026 13:12:45.264] [Test worker/WARN] [net.minecraftforge.common.ForgeConfigSpec/CORE]: Incorrect key MojangCache.mojang_profile_cache_enabled was corrected from null to its default, true. 
[06Aug2026 13:12:45.264] [Test worker/WARN] [net.minecraftforge.common.ForgeConfigSpec/CORE]: Incorrect key MojangCache.mojang_profile_cache_ttl_ms was corrected from null to its default, 3600000. 
[06Aug2026 13:12:45.264] [Test worker/WARN] [net.minecraftforge.common.ForgeConfigSpec/CORE]: Incorrect key MojangCache.mojang_profile_cache_max_size was corrected from null to its default, 1000. 
[06Aug2026 13:12:45.264] [Test worker/WARN] [net.minecraftforge.common.ForgeConfigSpec/CORE]: Incorrect key DefaultSkins was corrected from null to its default, SimpleCommentedConfig:{}. 
[06Aug2026 13:12:45.264] [Test worker/WARN] [net.minecraftforge.common.ForgeConfigSpec/CORE]: Incorrect key DefaultSkins.enabled was corrected from null to its default, false. 
[06Aug2026 13:12:45.264] [Test worker/WARN] [net.minecraftforge.common.ForgeConfigSpec/CORE]: Incorrect key DefaultSkins.applyForPremium was corrected from null to its default, false. 
[06Aug2026 13:12:45.264] [Test worker/WARN] [net.minecraftforge.common.ForgeConfigSpec/CORE]: Incorrect key DefaultSkins.list was corrected from null to its default, [Steve, <random>]. 
[06Aug2026 13:12:45.264] [Test worker/WARN] [net.minecraftforge.common.ForgeConfigSpec/CORE]: Incorrect key Security was corrected from null to its default, SimpleCommentedConfig:{}. 
[06Aug2026 13:12:45.264] [Test worker/WARN] [net.minecraftforge.common.ForgeConfigSpec/CORE]: Incorrect key Security.urlAllowlistEnabled was corrected from null to its default, false. 
[06Aug2026 13:12:45.264] [Test worker/WARN] [net.minecraftforge.common.ForgeConfigSpec/CORE]: Incorrect key Security.urlAllowlistDomains was corrected from null to its default, [imgur.com, storage.googleapis.com, cdn.discordapp.com, textures.minecraft.net, namemc.com, crafatar.com, mc-heads.net, githubusercontent.com, minecraftskins.com]. 
[06Aug2026 13:12:45.264] [Test worker/WARN] [net.minecraftforge.common.ForgeConfigSpec/CORE]: Incorrect key Permissions was corrected from null to its default, SimpleCommentedConfig:{}. 
[06Aug2026 13:12:45.264] [Test worker/WARN] [net.minecraftforge.common.ForgeConfigSpec/CORE]: Incorrect key Permissions.op_level was corrected from null to its default, SimpleCommentedConfig:{}. 
[06Aug2026 13:12:45.264] [Test worker/WARN] [net.minecraftforge.common.ForgeConfigSpec/CORE]: Incorrect key Permissions.op_level.mojang was corrected from null to its default, 0. 
[06Aug2026 13:12:45.265] [Test worker/WARN] [net.minecraftforge.common.ForgeConfigSpec/CORE]: Incorrect key Permissions.op_level.url was corrected from null to its default, 2. 
[06Aug2026 13:12:45.265] [Test worker/WARN] [net.minecraftforge.common.ForgeConfigSpec/CORE]: Incorrect key Permissions.op_level.clear was corrected from null to its default, 0. 
[06Aug2026 13:12:45.265] [Test worker/WARN] [net.minecraftforge.common.ForgeConfigSpec/CORE]: Incorrect key Permissions.op_level.random was corrected from null to its default, 0. 
[06Aug2026 13:12:45.265] [Test worker/WARN] [net.minecraftforge.common.ForgeConfigSpec/CORE]: Incorrect key Permissions.op_level.other was corrected from null to its default, 2. 
[06Aug2026 13:12:45.265] [Test worker/WARN] [net.minecraftforge.common.ForgeConfigSpec/CORE]: Incorrect key Permissions.op_level.metrics was corrected from null to its default, 2. 
[06Aug2026 13:12:45.265] [Test worker/WARN] [net.minecraftforge.common.ForgeConfigSpec/CORE]: Incorrect key Permissions.op_level.metrics_reset was corrected from null to its default, 2. 
[06Aug2026 13:12:45.266] [Test worker/WARN] [net.minecraftforge.common.ForgeConfigSpec/CORE]: Configuration file SimpleCommentedConfig:{} is not correct. Correcting
[06Aug2026 13:12:45.266] [Test worker/WARN] [net.minecraftforge.common.ForgeConfigSpec/CORE]: Incorrect key Messages was corrected from null to its default, SimpleCommentedConfig:{}. 
[06Aug2026 13:12:45.266] [Test worker/WARN] [net.minecraftforge.common.ForgeConfigSpec/CORE]: Incorrect key Messages.localization was corrected from null to its default, en. 
[06Aug2026 13:12:45.266] [Test worker/WARN] [net.minecraftforge.common.ForgeConfigSpec/CORE]: Incorrect key Messages.display was corrected from null to its default, true. 
[06Aug2026 13:12:45.266] [Test worker/WARN] [net.minecraftforge.common.ForgeConfigSpec/CORE]: Incorrect key Messages.key was corrected from null to its default, . 
[06Aug2026 13:12:45.266] [Test worker/WARN] [net.minecraftforge.common.ForgeConfigSpec/CORE]: Incorrect key Messages.messages_change was corrected from null to its default, Skin change queued. 
[06Aug2026 13:12:45.266] [Test worker/WARN] [net.minecraftforge.common.ForgeConfigSpec/CORE]: Incorrect key Messages.messages_fulfilled was corrected from null to its default, Skin has been applied.. 
[06Aug2026 13:12:45.266] [Test worker/WARN] [net.minecraftforge.common.ForgeConfigSpec/CORE]: Incorrect key Messages.messages_timeout was corrected from null to its default, Skin fetch timed out.. 
[06Aug2026 13:12:45.266] [Test worker/WARN] [net.minecraftforge.common.ForgeConfigSpec/CORE]: Incorrect key Messages.messages_error was corrected from null to its default, Skin fetch failed.. 
[06Aug2026 13:12:45.266] [Test worker/WARN] [net.minecraftforge.common.ForgeConfigSpec/CORE]: Incorrect key Messages.messages_restored_from was corrected from null to its default, Skin restored from %s. 
[06Aug2026 13:12:45.266] [Test worker/WARN] [net.minecraftforge.common.ForgeConfigSpec/CORE]: Incorrect key Messages.messages_cleared_no_profile was corrected from null to its default, Skin cleared (no Mojang profile found). 
[06Aug2026 13:12:45.266] [Test worker/WARN] [net.minecraftforge.common.ForgeConfigSpec/CORE]: Incorrect key Messages.messages_no_source was corrected from null to its default, No source available. 
[06Aug2026 13:12:45.266] [Test worker/WARN] [net.minecraftforge.common.ForgeConfigSpec/CORE]: Incorrect key Messages.messages_player_only was corrected from null to its default, Player only command. 
[06Aug2026 13:12:45.266] [Test worker/WARN] [net.minecraftforge.common.ForgeConfigSpec/CORE]: Incorrect key Messages.messages_permission_denied was corrected from null to its default, Permission denied. 
[06Aug2026 13:12:45.266] [Test worker/WARN] [net.minecraftforge.common.ForgeConfigSpec/CORE]: Incorrect key Messages.messages_cooldown was corrected from null to its default, Please wait %ds before using /skin again. 
[06Aug2026 13:12:45.266] [Test worker/WARN] [net.minecraftforge.common.ForgeConfigSpec/CORE]: Incorrect key Messages.messages_rate_limited was corrected from null to its default, Too many /skin commands. Try again later.. 
[06Aug2026 13:12:45.266] [Test worker/WARN] [net.minecraftforge.common.ForgeConfigSpec/CORE]: Incorrect key Messages.messages_no_skin_found was corrected from null to its default, No skin found for "%s". 
[06Aug2026 13:12:45.266] [Test worker/WARN] [net.minecraftforge.common.ForgeConfigSpec/CORE]: Incorrect key Messages.messages_no_skin_found_plain was corrected from null to its default, No skin found. 
[06Aug2026 13:12:45.267] [Test worker/WARN] [net.minecraftforge.common.ForgeConfigSpec/CORE]: Incorrect key Messages.messages_mineskin_rejected was corrected from null to its default, MineSkin rejected the URL. 
[06Aug2026 13:12:45.267] [Test worker/WARN] [net.minecraftforge.common.ForgeConfigSpec/CORE]: Incorrect key Messages.messages_no_random_username was corrected from null to its default, No random username available. 
[06Aug2026 13:12:45.267] [Test worker/WARN] [net.minecraftforge.common.ForgeConfigSpec/CORE]: Incorrect key Messages.messages_provider_no_result was corrected from null to its default, Provider returned no result. 
[06Aug2026 13:12:45.267] [Test worker/WARN] [net.minecraftforge.common.ForgeConfigSpec/CORE]: Incorrect key Messages.messages_metrics_top_players was corrected from null to its default, Top players by refresh count:. 
[06Aug2026 13:12:45.267] [Test worker/WARN] [net.minecraftforge.common.ForgeConfigSpec/CORE]: Incorrect key Messages.messages_metrics_refreshes was corrected from null to its default,  refreshes. 
[06Aug2026 13:12:45.267] [Test worker/WARN] [net.minecraftforge.common.ForgeConfigSpec/CORE]: Incorrect key Messages.messages_metrics_no_refreshes was corrected from null to its default, (no refreshes recorded). 
[06Aug2026 13:12:45.267] [Test worker/WARN] [net.minecraftforge.common.ForgeConfigSpec/CORE]: Incorrect key Messages.messages_metrics_cleanup was corrected from null to its default, Metrics cleanup: pruned %d stale player entries. 
[06Aug2026 13:12:45.267] [Test worker/WARN] [net.minecraftforge.common.ForgeConfigSpec/CORE]: Incorrect key Messages.messages_metrics_reset was corrected from null to its default, Metrics reset. 
[06Aug2026 13:12:45.267] [Test worker/WARN] [net.minecraftforge.common.ForgeConfigSpec/CORE]: Incorrect key Messages.messages_discord_announce was corrected from null to its default, **%s** changed their skin to: `%s`. 
[06Aug2026 13:12:45.267] [Test worker/WARN] [net.minecraftforge.common.ForgeConfigSpec/CORE]: Incorrect key Integration was corrected from null to its default, SimpleCommentedConfig:{}. 
[06Aug2026 13:12:45.267] [Test worker/WARN] [net.minecraftforge.common.ForgeConfigSpec/CORE]: Incorrect key Integration.discordsrv_enabled was corrected from null to its default, false. 
[06Aug2026 13:12:45.267] [Test worker/WARN] [net.minecraftforge.common.ForgeConfigSpec/CORE]: Incorrect key Integration.discordsrv_channel_id was corrected from null to its default, . 
[06Aug2026 13:12:45.267] [Test worker/WARN] [net.minecraftforge.common.ForgeConfigSpec/CORE]: Incorrect key RateLimit was corrected from null to its default, SimpleCommentedConfig:{}. 
[06Aug2026 13:12:45.267] [Test worker/WARN] [net.minecraftforge.common.ForgeConfigSpec/CORE]: Incorrect key RateLimit.cooldown_seconds was corrected from null to its default, 3. 
[06Aug2026 13:12:45.267] [Test worker/WARN] [net.minecraftforge.common.ForgeConfigSpec/CORE]: Incorrect key RateLimit.rate_limit_enabled was corrected from null to its default, true. 
[06Aug2026 13:12:45.267] [Test worker/WARN] [net.minecraftforge.common.ForgeConfigSpec/CORE]: Incorrect key RateLimit.max_commands_per_minute was corrected from null to its default, 5. 
[06Aug2026 13:12:45.267] [Test worker/WARN] [net.minecraftforge.common.ForgeConfigSpec/CORE]: Incorrect key Broadcast was corrected from null to its default, SimpleCommentedConfig:{}. 
[06Aug2026 13:12:45.267] [Test worker/WARN] [net.minecraftforge.common.ForgeConfigSpec/CORE]: Incorrect key Broadcast.dimension_scoped_broadcast was corrected from null to its default, false. 
[06Aug2026 13:12:45.267] [Test worker/WARN] [net.minecraftforge.common.ForgeConfigSpec/CORE]: Incorrect key Broadcast.broadcast_use_bundle was corrected from null to its default, false. 
[06Aug2026 13:12:45.267] [Test worker/WARN] [net.minecraftforge.common.ForgeConfigSpec/CORE]: Incorrect key Broadcast.debounce_millis was corrected from null to its default, 100. 
[06Aug2026 13:12:45.267] [Test worker/WARN] [net.minecraftforge.common.ForgeConfigSpec/CORE]: Incorrect key Broadcast.refresh_via_entity_tracker was corrected from null to its default, true. 
[06Aug2026 13:12:45.268] [Test worker/WARN] [net.minecraftforge.common.ForgeConfigSpec/CORE]: Incorrect key Metrics was corrected from null to its default, SimpleCommentedConfig:{}. 
[06Aug2026 13:12:45.268] [Test worker/WARN] [net.minecraftforge.common.ForgeConfigSpec/CORE]: Incorrect key Metrics.metrics_enabled was corrected from null to its default, true. 
[06Aug2026 13:12:45.268] [Test worker/WARN] [net.minecraftforge.common.ForgeConfigSpec/CORE]: Incorrect key Metrics.metrics_dump_interval_seconds was corrected from null to its default, 60. 
[06Aug2026 13:12:45.268] [Test worker/WARN] [net.minecraftforge.common.ForgeConfigSpec/CORE]: Incorrect key Http was corrected from null to its default, SimpleCommentedConfig:{}. 
[06Aug2026 13:12:45.268] [Test worker/WARN] [net.minecraftforge.common.ForgeConfigSpec/CORE]: Incorrect key Http.http_client_version was corrected from null to its default, HTTP_2. 
[06Aug2026 13:12:45.268] [Test worker/WARN] [net.minecraftforge.common.ForgeConfigSpec/CORE]: Incorrect key Http.http_connect_timeout_seconds was corrected from null to its default, 5. 
[06Aug2026 13:12:45.268] [Test worker/WARN] [net.minecraftforge.common.ForgeConfigSpec/CORE]: Incorrect key MojangCache was corrected from null to its default, SimpleCommentedConfig:{}. 
[06Aug2026 13:12:45.268] [Test worker/WARN] [net.minecraftforge.common.ForgeConfigSpec/CORE]: Incorrect key MojangCache.mojang_profile_cache_enabled was corrected from null to its default, true. 
[06Aug2026 13:12:45.268] [Test worker/WARN] [net.minecraftforge.common.ForgeConfigSpec/CORE]: Incorrect key MojangCache.mojang_profile_cache_ttl_ms was corrected from null to its default, 3600000. 
[06Aug2026 13:12:45.268] [Test worker/WARN] [net.minecraftforge.common.ForgeConfigSpec/CORE]: Incorrect key MojangCache.mojang_profile_cache_max_size was corrected from null to its default, 1000. 
[06Aug2026 13:12:45.268] [Test worker/WARN] [net.minecraftforge.common.ForgeConfigSpec/CORE]: Incorrect key DefaultSkins was corrected from null to its default, SimpleCommentedConfig:{}. 
[06Aug2026 13:12:45.268] [Test worker/WARN] [net.minecraftforge.common.ForgeConfigSpec/CORE]: Incorrect key DefaultSkins.enabled was corrected from null to its default, false. 
[06Aug2026 13:12:45.268] [Test worker/WARN] [net.minecraftforge.common.ForgeConfigSpec/CORE]: Incorrect key DefaultSkins.applyForPremium was corrected from null to its default, false. 
[06Aug2026 13:12:45.268] [Test worker/WARN] [net.minecraftforge.common.ForgeConfigSpec/CORE]: Incorrect key DefaultSkins.list was corrected from null to its default, [Steve, <random>]. 
[06Aug2026 13:12:45.268] [Test worker/WARN] [net.minecraftforge.common.ForgeConfigSpec/CORE]: Incorrect key Security was corrected from null to its default, SimpleCommentedConfig:{}. 
[06Aug2026 13:12:45.268] [Test worker/WARN] [net.minecraftforge.common.ForgeConfigSpec/CORE]: Incorrect key Security.urlAllowlistEnabled was corrected from null to its default, false. 
[06Aug2026 13:12:45.268] [Test worker/WARN] [net.minecraftforge.common.ForgeConfigSpec/CORE]: Incorrect key Security.urlAllowlistDomains was corrected from null to its default, [imgur.com, storage.googleapis.com, cdn.discordapp.com, textures.minecraft.net, namemc.com, crafatar.com, mc-heads.net, githubusercontent.com, minecraftskins.com]. 
[06Aug2026 13:12:45.268] [Test worker/WARN] [net.minecraftforge.common.ForgeConfigSpec/CORE]: Incorrect key Permissions was corrected from null to its default, SimpleCommentedConfig:{}. 
[06Aug2026 13:12:45.269] [Test worker/WARN] [net.minecraftforge.common.ForgeConfigSpec/CORE]: Incorrect key Permissions.op_level was corrected from null to its default, SimpleCommentedConfig:{}. 
[06Aug2026 13:12:45.269] [Test worker/WARN] [net.minecraftforge.common.ForgeConfigSpec/CORE]: Incorrect key Permissions.op_level.mojang was corrected from null to its default, 0. 
[06Aug2026 13:12:45.269] [Test worker/WARN] [net.minecraftforge.common.ForgeConfigSpec/CORE]: Incorrect key Permissions.op_level.url was corrected from null to its default, 2. 
[06Aug2026 13:12:45.269] [Test worker/WARN] [net.minecraftforge.common.ForgeConfigSpec/CORE]: Incorrect key Permissions.op_level.clear was corrected from null to its default, 0. 
[06Aug2026 13:12:45.269] [Test worker/WARN] [net.minecraftforge.common.ForgeConfigSpec/CORE]: Incorrect key Permissions.op_level.random was corrected from null to its default, 0. 
[06Aug2026 13:12:45.269] [Test worker/WARN] [net.minecraftforge.common.ForgeConfigSpec/CORE]: Incorrect key Permissions.op_level.other was corrected from null to its default, 2. 
[06Aug2026 13:12:45.269] [Test worker/WARN] [net.minecraftforge.common.ForgeConfigSpec/CORE]: Incorrect key Permissions.op_level.metrics was corrected from null to its default, 2. 
[06Aug2026 13:12:45.269] [Test worker/WARN] [net.minecraftforge.common.ForgeConfigSpec/CORE]: Incorrect key Permissions.op_level.metrics_reset was corrected from null to its default, 2. 
[06Aug2026 13:12:45.271] [Test worker/WARN] [net.minecraftforge.common.ForgeConfigSpec/CORE]: Configuration file SimpleCommentedConfig:{} is not correct. Correcting
[06Aug2026 13:12:45.271] [Test worker/WARN] [net.minecraftforge.common.ForgeConfigSpec/CORE]: Incorrect key Messages was corrected from null to its default, SimpleCommentedConfig:{}. 
[06Aug2026 13:12:45.271] [Test worker/WARN] [net.minecraftforge.common.ForgeConfigSpec/CORE]: Incorrect key Messages.localization was corrected from null to its default, en. 
[06Aug2026 13:12:45.271] [Test worker/WARN] [net.minecraftforge.common.ForgeConfigSpec/CORE]: Incorrect key Messages.display was corrected from null to its default, true. 
[06Aug2026 13:12:45.271] [Test worker/WARN] [net.minecraftforge.common.ForgeConfigSpec/CORE]: Incorrect key Messages.key was corrected from null to its default, . 
[06Aug2026 13:12:45.271] [Test worker/WARN] [net.minecraftforge.common.ForgeConfigSpec/CORE]: Incorrect key Messages.messages_change was corrected from null to its default, Skin change queued. 
[06Aug2026 13:12:45.271] [Test worker/WARN] [net.minecraftforge.common.ForgeConfigSpec/CORE]: Incorrect key Messages.messages_fulfilled was corrected from null to its default, Skin has been applied.. 
[06Aug2026 13:12:45.271] [Test worker/WARN] [net.minecraftforge.common.ForgeConfigSpec/CORE]: Incorrect key Messages.messages_timeout was corrected from null to its default, Skin fetch timed out.. 
[06Aug2026 13:12:45.271] [Test worker/WARN] [net.minecraftforge.common.ForgeConfigSpec/CORE]: Incorrect key Messages.messages_error was corrected from null to its default, Skin fetch failed.. 
[06Aug2026 13:12:45.271] [Test worker/WARN] [net.minecraftforge.common.ForgeConfigSpec/CORE]: Incorrect key Messages.messages_restored_from was corrected from null to its default, Skin restored from %s. 
[06Aug2026 13:12:45.271] [Test worker/WARN] [net.minecraftforge.common.ForgeConfigSpec/CORE]: Incorrect key Messages.messages_cleared_no_profile was corrected from null to its default, Skin cleared (no Mojang profile found). 
[06Aug2026 13:12:45.271] [Test worker/WARN] [net.minecraftforge.common.ForgeConfigSpec/CORE]: Incorrect key Messages.messages_no_source was corrected from null to its default, No source available. 
[06Aug2026 13:12:45.271] [Test worker/WARN] [net.minecraftforge.common.ForgeConfigSpec/CORE]: Incorrect key Messages.messages_player_only was corrected from null to its default, Player only command. 
[06Aug2026 13:12:45.271] [Test worker/WARN] [net.minecraftforge.common.ForgeConfigSpec/CORE]: Incorrect key Messages.messages_permission_denied was corrected from null to its default, Permission denied. 
[06Aug2026 13:12:45.271] [Test worker/WARN] [net.minecraftforge.common.ForgeConfigSpec/CORE]: Incorrect key Messages.messages_cooldown was corrected from null to its default, Please wait %ds before using /skin again. 
[06Aug2026 13:12:45.271] [Test worker/WARN] [net.minecraftforge.common.ForgeConfigSpec/CORE]: Incorrect key Messages.messages_rate_limited was corrected from null to its default, Too many /skin commands. Try again later.. 
[06Aug2026 13:12:45.271] [Test worker/WARN] [net.minecraftforge.common.ForgeConfigSpec/CORE]: Incorrect key Messages.messages_no_skin_found was corrected from null to its default, No skin found for "%s". 
[06Aug2026 13:12:45.271] [Test worker/WARN] [net.minecraftforge.common.ForgeConfigSpec/CORE]: Incorrect key Messages.messages_no_skin_found_plain was corrected from null to its default, No skin found. 
[06Aug2026 13:12:45.271] [Test worker/WARN] [net.minecraftforge.common.ForgeConfigSpec/CORE]: Incorrect key Messages.messages_mineskin_rejected was corrected from null to its default, MineSkin rejected the URL. 
[06Aug2026 13:12:45.272] [Test worker/WARN] [net.minecraftforge.common.ForgeConfigSpec/CORE]: Incorrect key Messages.messages_no_random_username was corrected from null to its default, No random username available. 
[06Aug2026 13:12:45.272] [Test worker/WARN] [net.minecraftforge.common.ForgeConfigSpec/CORE]: Incorrect key Messages.messages_provider_no_result was corrected from null to its default, Provider returned no result. 
[06Aug2026 13:12:45.272] [Test worker/WARN] [net.minecraftforge.common.ForgeConfigSpec/CORE]: Incorrect key Messages.messages_metrics_top_players was corrected from null to its default, Top players by refresh count:. 
[06Aug2026 13:12:45.272] [Test worker/WARN] [net.minecraftforge.common.ForgeConfigSpec/CORE]: Incorrect key Messages.messages_metrics_refreshes was corrected from null to its default,  refreshes. 
[06Aug2026 13:12:45.272] [Test worker/WARN] [net.minecraftforge.common.ForgeConfigSpec/CORE]: Incorrect key Messages.messages_metrics_no_refreshes was corrected from null to its default, (no refreshes recorded). 
[06Aug2026 13:12:45.272] [Test worker/WARN] [net.minecraftforge.common.ForgeConfigSpec/CORE]: Incorrect key Messages.messages_metrics_cleanup was corrected from null to its default, Metrics cleanup: pruned %d stale player entries. 
[06Aug2026 13:12:45.272] [Test worker/WARN] [net.minecraftforge.common.ForgeConfigSpec/CORE]: Incorrect key Messages.messages_metrics_reset was corrected from null to its default, Metrics reset. 
[06Aug2026 13:12:45.272] [Test worker/WARN] [net.minecraftforge.common.ForgeConfigSpec/CORE]: Incorrect key Messages.messages_discord_announce was corrected from null to its default, **%s** changed their skin to: `%s`. 
[06Aug2026 13:12:45.272] [Test worker/WARN] [net.minecraftforge.common.ForgeConfigSpec/CORE]: Incorrect key Integration was corrected from null to its default, SimpleCommentedConfig:{}. 
[06Aug2026 13:12:45.272] [Test worker/WARN] [net.minecraftforge.common.ForgeConfigSpec/CORE]: Incorrect key Integration.discordsrv_enabled was corrected from null to its default, false. 
[06Aug2026 13:12:45.272] [Test worker/WARN] [net.minecraftforge.common.ForgeConfigSpec/CORE]: Incorrect key Integration.discordsrv_channel_id was corrected from null to its default, . 
[06Aug2026 13:12:45.272] [Test worker/WARN] [net.minecraftforge.common.ForgeConfigSpec/CORE]: Incorrect key RateLimit was corrected from null to its default, SimpleCommentedConfig:{}. 
[06Aug2026 13:12:45.272] [Test worker/WARN] [net.minecraftforge.common.ForgeConfigSpec/CORE]: Incorrect key RateLimit.cooldown_seconds was corrected from null to its default, 3. 
[06Aug2026 13:12:45.272] [Test worker/WARN] [net.minecraftforge.common.ForgeConfigSpec/CORE]: Incorrect key RateLimit.rate_limit_enabled was corrected from null to its default, true. 
[06Aug2026 13:12:45.272] [Test worker/WARN] [net.minecraftforge.common.ForgeConfigSpec/CORE]: Incorrect key RateLimit.max_commands_per_minute was corrected from null to its default, 5. 
[06Aug2026 13:12:45.272] [Test worker/WARN] [net.minecraftforge.common.ForgeConfigSpec/CORE]: Incorrect key Broadcast was corrected from null to its default, SimpleCommentedConfig:{}. 
[06Aug2026 13:12:45.272] [Test worker/WARN] [net.minecraftforge.common.ForgeConfigSpec/CORE]: Incorrect key Broadcast.dimension_scoped_broadcast was corrected from null to its default, false. 
[06Aug2026 13:12:45.272] [Test worker/WARN] [net.minecraftforge.common.ForgeConfigSpec/CORE]: Incorrect key Broadcast.broadcast_use_bundle was corrected from null to its default, false. 
[06Aug2026 13:12:45.272] [Test worker/WARN] [net.minecraftforge.common.ForgeConfigSpec/CORE]: Incorrect key Broadcast.debounce_millis was corrected from null to its default, 100. 
[06Aug2026 13:12:45.272] [Test worker/WARN] [net.minecraftforge.common.ForgeConfigSpec/CORE]: Incorrect key Broadcast.refresh_via_entity_tracker was corrected from null to its default, true. 
[06Aug2026 13:12:45.273] [Test worker/WARN] [net.minecraftforge.common.ForgeConfigSpec/CORE]: Incorrect key Metrics was corrected from null to its default, SimpleCommentedConfig:{}. 
[06Aug2026 13:12:45.273] [Test worker/WARN] [net.minecraftforge.common.ForgeConfigSpec/CORE]: Incorrect key Metrics.metrics_enabled was corrected from null to its default, true. 
[06Aug2026 13:12:45.273] [Test worker/WARN] [net.minecraftforge.common.ForgeConfigSpec/CORE]: Incorrect key Metrics.metrics_dump_interval_seconds was corrected from null to its default, 60. 
[06Aug2026 13:12:45.273] [Test worker/WARN] [net.minecraftforge.common.ForgeConfigSpec/CORE]: Incorrect key Http was corrected from null to its default, SimpleCommentedConfig:{}. 
[06Aug2026 13:12:45.273] [Test worker/WARN] [net.minecraftforge.common.ForgeConfigSpec/CORE]: Incorrect key Http.http_client_version was corrected from null to its default, HTTP_2. 
[06Aug2026 13:12:45.273] [Test worker/WARN] [net.minecraftforge.common.ForgeConfigSpec/CORE]: Incorrect key Http.http_connect_timeout_seconds was corrected from null to its default, 5. 
[06Aug2026 13:12:45.273] [Test worker/WARN] [net.minecraftforge.common.ForgeConfigSpec/CORE]: Incorrect key MojangCache was corrected from null to its default, SimpleCommentedConfig:{}. 
[06Aug2026 13:12:45.273] [Test worker/WARN] [net.minecraftforge.common.ForgeConfigSpec/CORE]: Incorrect key MojangCache.mojang_profile_cache_enabled was corrected from null to its default, true. 
[06Aug2026 13:12:45.273] [Test worker/WARN] [net.minecraftforge.common.ForgeConfigSpec/CORE]: Incorrect key MojangCache.mojang_profile_cache_ttl_ms was corrected from null to its default, 3600000. 
[06Aug2026 13:12:45.273] [Test worker/WARN] [net.minecraftforge.common.ForgeConfigSpec/CORE]: Incorrect key MojangCache.mojang_profile_cache_max_size was corrected from null to its default, 1000. 
[06Aug2026 13:12:45.273] [Test worker/WARN] [net.minecraftforge.common.ForgeConfigSpec/CORE]: Incorrect key DefaultSkins was corrected from null to its default, SimpleCommentedConfig:{}. 
[06Aug2026 13:12:45.273] [Test worker/WARN] [net.minecraftforge.common.ForgeConfigSpec/CORE]: Incorrect key DefaultSkins.enabled was corrected from null to its default, false. 
[06Aug2026 13:12:45.273] [Test worker/WARN] [net.minecraftforge.common.ForgeConfigSpec/CORE]: Incorrect key DefaultSkins.applyForPremium was corrected from null to its default, false. 
[06Aug2026 13:12:45.273] [Test worker/WARN] [net.minecraftforge.common.ForgeConfigSpec/CORE]: Incorrect key DefaultSkins.list was corrected from null to its default, [Steve, <random>]. 
[06Aug2026 13:12:45.273] [Test worker/WARN] [net.minecraftforge.common.ForgeConfigSpec/CORE]: Incorrect key Security was corrected from null to its default, SimpleCommentedConfig:{}. 
[06Aug2026 13:12:45.273] [Test worker/WARN] [net.minecraftforge.common.ForgeConfigSpec/CORE]: Incorrect key Security.urlAllowlistEnabled was corrected from null to its default, false. 
[06Aug2026 13:12:45.273] [Test worker/WARN] [net.minecraftforge.common.ForgeConfigSpec/CORE]: Incorrect key Security.urlAllowlistDomains was corrected from null to its default, [imgur.com, storage.googleapis.com, cdn.discordapp.com, textures.minecraft.net, namemc.com, crafatar.com, mc-heads.net, githubusercontent.com, minecraftskins.com]. 
[06Aug2026 13:12:45.273] [Test worker/WARN] [net.minecraftforge.common.ForgeConfigSpec/CORE]: Incorrect key Permissions was corrected from null to its default, SimpleCommentedConfig:{}. 
[06Aug2026 13:12:45.273] [Test worker/WARN] [net.minecraftforge.common.ForgeConfigSpec/CORE]: Incorrect key Permissions.op_level was corrected from null to its default, SimpleCommentedConfig:{}. 
[06Aug2026 13:12:45.273] [Test worker/WARN] [net.minecraftforge.common.ForgeConfigSpec/CORE]: Incorrect key Permissions.op_level.mojang was corrected from null to its default, 0. 
[06Aug2026 13:12:45.273] [Test worker/WARN] [net.minecraftforge.common.ForgeConfigSpec/CORE]: Incorrect key Permissions.op_level.url was corrected from null to its default, 2. 
[06Aug2026 13:12:45.274] [Test worker/WARN] [net.minecraftforge.common.ForgeConfigSpec/CORE]: Incorrect key Permissions.op_level.clear was corrected from null to its default, 0. 
[06Aug2026 13:12:45.274] [Test worker/WARN] [net.minecraftforge.common.ForgeConfigSpec/CORE]: Incorrect key Permissions.op_level.random was corrected from null to its default, 0. 
[06Aug2026 13:12:45.274] [Test worker/WARN] [net.minecraftforge.common.ForgeConfigSpec/CORE]: Incorrect key Permissions.op_level.other was corrected from null to its default, 2. 
[06Aug2026 13:12:45.274] [Test worker/WARN] [net.minecraftforge.common.ForgeConfigSpec/CORE]: Incorrect key Permissions.op_level.metrics was corrected from null to its default, 2. 
[06Aug2026 13:12:45.274] [Test worker/WARN] [net.minecraftforge.common.ForgeConfigSpec/CORE]: Incorrect key Permissions.op_level.metrics_reset was corrected from null to its default, 2. 
[06Aug2026 13:12:45.274] [Test worker/WARN] [net.minecraftforge.common.ForgeConfigSpec/CORE]: Configuration file SimpleCommentedConfig:{} is not correct. Correcting
[06Aug2026 13:12:45.275] [Test worker/WARN] [net.minecraftforge.common.ForgeConfigSpec/CORE]: Incorrect key Messages was corrected from null to its default, SimpleCommentedConfig:{}. 
[06Aug2026 13:12:45.275] [Test worker/WARN] [net.minecraftforge.common.ForgeConfigSpec/CORE]: Incorrect key Messages.localization was corrected from null to its default, en. 
[06Aug2026 13:12:45.275] [Test worker/WARN] [net.minecraftforge.common.ForgeConfigSpec/CORE]: Incorrect key Messages.display was corrected from null to its default, true. 
[06Aug2026 13:12:45.275] [Test worker/WARN] [net.minecraftforge.common.ForgeConfigSpec/CORE]: Incorrect key Messages.key was corrected from null to its default, . 
[06Aug2026 13:12:45.275] [Test worker/WARN] [net.minecraftforge.common.ForgeConfigSpec/CORE]: Incorrect key Messages.messages_change was corrected from null to its default, Skin change queued. 
[06Aug2026 13:12:45.275] [Test worker/WARN] [net.minecraftforge.common.ForgeConfigSpec/CORE]: Incorrect key Messages.messages_fulfilled was corrected from null to its default, Skin has been applied.. 
[06Aug2026 13:12:45.275] [Test worker/WARN] [net.minecraftforge.common.ForgeConfigSpec/CORE]: Incorrect key Messages.messages_timeout was corrected from null to its default, Skin fetch timed out.. 
[06Aug2026 13:12:45.275] [Test worker/WARN] [net.minecraftforge.common.ForgeConfigSpec/CORE]: Incorrect key Messages.messages_error was corrected from null to its default, Skin fetch failed.. 
[06Aug2026 13:12:45.275] [Test worker/WARN] [net.minecraftforge.common.ForgeConfigSpec/CORE]: Incorrect key Messages.messages_restored_from was corrected from null to its default, Skin restored from %s. 
[06Aug2026 13:12:45.275] [Test worker/WARN] [net.minecraftforge.common.ForgeConfigSpec/CORE]: Incorrect key Messages.messages_cleared_no_profile was corrected from null to its default, Skin cleared (no Mojang profile found). 
[06Aug2026 13:12:45.275] [Test worker/WARN] [net.minecraftforge.common.ForgeConfigSpec/CORE]: Incorrect key Messages.messages_no_source was corrected from null to its default, No source available. 
[06Aug2026 13:12:45.275] [Test worker/WARN] [net.minecraftforge.common.ForgeConfigSpec/CORE]: Incorrect key Messages.messages_player_only was corrected from null to its default, Player only command. 
[06Aug2026 13:12:45.275] [Test worker/WARN] [net.minecraftforge.common.ForgeConfigSpec/CORE]: Incorrect key Messages.messages_permission_denied was corrected from null to its default, Permission denied. 
[06Aug2026 13:12:45.275] [Test worker/WARN] [net.minecraftforge.common.ForgeConfigSpec/CORE]: Incorrect key Messages.messages_cooldown was corrected from null to its default, Please wait %ds before using /skin again. 
[06Aug2026 13:12:45.275] [Test worker/WARN] [net.minecraftforge.common.ForgeConfigSpec/CORE]: Incorrect key Messages.messages_rate_limited was corrected from null to its default, Too many /skin commands. Try again later.. 
[06Aug2026 13:12:45.275] [Test worker/WARN] [net.minecraftforge.common.ForgeConfigSpec/CORE]: Incorrect key Messages.messages_no_skin_found was corrected from null to its default, No skin found for "%s". 
[06Aug2026 13:12:45.275] [Test worker/WARN] [net.minecraftforge.common.ForgeConfigSpec/CORE]: Incorrect key Messages.messages_no_skin_found_plain was corrected from null to its default, No skin found. 
[06Aug2026 13:12:45.275] [Test worker/WARN] [net.minecraftforge.common.ForgeConfigSpec/CORE]: Incorrect key Messages.messages_mineskin_rejected was corrected from null to its default, MineSkin rejected the URL. 
[06Aug2026 13:12:45.275] [Test worker/WARN] [net.minecraftforge.common.ForgeConfigSpec/CORE]: Incorrect key Messages.messages_no_random_username was corrected from null to its default, No random username available. 
[06Aug2026 13:12:45.275] [Test worker/WARN] [net.minecraftforge.common.ForgeConfigSpec/CORE]: Incorrect key Messages.messages_provider_no_result was corrected from null to its default, Provider returned no result. 
[06Aug2026 13:12:45.275] [Test worker/WARN] [net.minecraftforge.common.ForgeConfigSpec/CORE]: Incorrect key Messages.messages_metrics_top_players was corrected from null to its default, Top players by refresh count:. 
[06Aug2026 13:12:45.276] [Test worker/WARN] [net.minecraftforge.common.ForgeConfigSpec/CORE]: Incorrect key Messages.messages_metrics_refreshes was corrected from null to its default,  refreshes. 
[06Aug2026 13:12:45.276] [Test worker/WARN] [net.minecraftforge.common.ForgeConfigSpec/CORE]: Incorrect key Messages.messages_metrics_no_refreshes was corrected from null to its default, (no refreshes recorded). 
[06Aug2026 13:12:45.276] [Test worker/WARN] [net.minecraftforge.common.ForgeConfigSpec/CORE]: Incorrect key Messages.messages_metrics_cleanup was corrected from null to its default, Metrics cleanup: pruned %d stale player entries. 
[06Aug2026 13:12:45.276] [Test worker/WARN] [net.minecraftforge.common.ForgeConfigSpec/CORE]: Incorrect key Messages.messages_metrics_reset was corrected from null to its default, Metrics reset. 
[06Aug2026 13:12:45.276] [Test worker/WARN] [net.minecraftforge.common.ForgeConfigSpec/CORE]: Incorrect key Messages.messages_discord_announce was corrected from null to its default, **%s** changed their skin to: `%s`. 
[06Aug2026 13:12:45.276] [Test worker/WARN] [net.minecraftforge.common.ForgeConfigSpec/CORE]: Incorrect key Integration was corrected from null to its default, SimpleCommentedConfig:{}. 
[06Aug2026 13:12:45.276] [Test worker/WARN] [net.minecraftforge.common.ForgeConfigSpec/CORE]: Incorrect key Integration.discordsrv_enabled was corrected from null to its default, false. 
[06Aug2026 13:12:45.276] [Test worker/WARN] [net.minecraftforge.common.ForgeConfigSpec/CORE]: Incorrect key Integration.discordsrv_channel_id was corrected from null to its default, . 
[06Aug2026 13:12:45.276] [Test worker/WARN] [net.minecraftforge.common.ForgeConfigSpec/CORE]: Incorrect key RateLimit was corrected from null to its default, SimpleCommentedConfig:{}. 
[06Aug2026 13:12:45.276] [Test worker/WARN] [net.minecraftforge.common.ForgeConfigSpec/CORE]: Incorrect key RateLimit.cooldown_seconds was corrected from null to its default, 3. 
[06Aug2026 13:12:45.276] [Test worker/WARN] [net.minecraftforge.common.ForgeConfigSpec/CORE]: Incorrect key RateLimit.rate_limit_enabled was corrected from null to its default, true. 
[06Aug2026 13:12:45.276] [Test worker/WARN] [net.minecraftforge.common.ForgeConfigSpec/CORE]: Incorrect key RateLimit.max_commands_per_minute was corrected from null to its default, 5. 
[06Aug2026 13:12:45.276] [Test worker/WARN] [net.minecraftforge.common.ForgeConfigSpec/CORE]: Incorrect key Broadcast was corrected from null to its default, SimpleCommentedConfig:{}. 
[06Aug2026 13:12:45.276] [Test worker/WARN] [net.minecraftforge.common.ForgeConfigSpec/CORE]: Incorrect key Broadcast.dimension_scoped_broadcast was corrected from null to its default, false. 
[06Aug2026 13:12:45.276] [Test worker/WARN] [net.minecraftforge.common.ForgeConfigSpec/CORE]: Incorrect key Broadcast.broadcast_use_bundle was corrected from null to its default, false. 
[06Aug2026 13:12:45.276] [Test worker/WARN] [net.minecraftforge.common.ForgeConfigSpec/CORE]: Incorrect key Broadcast.debounce_millis was corrected from null to its default, 100. 
[06Aug2026 13:12:45.276] [Test worker/WARN] [net.minecraftforge.common.ForgeConfigSpec/CORE]: Incorrect key Broadcast.refresh_via_entity_tracker was corrected from null to its default, true. 
[06Aug2026 13:12:45.276] [Test worker/WARN] [net.minecraftforge.common.ForgeConfigSpec/CORE]: Incorrect key Metrics was corrected from null to its default, SimpleCommentedConfig:{}. 
[06Aug2026 13:12:45.276] [Test worker/WARN] [net.minecraftforge.common.ForgeConfigSpec/CORE]: Incorrect key Metrics.metrics_enabled was corrected from null to its default, true. 
[06Aug2026 13:12:45.276] [Test worker/WARN] [net.minecraftforge.common.ForgeConfigSpec/CORE]: Incorrect key Metrics.metrics_dump_interval_seconds was corrected from null to its default, 60. 
[06Aug2026 13:12:45.276] [Test worker/WARN] [net.minecraftforge.common.ForgeConfigSpec/CORE]: Incorrect key Http was corrected from null to its default, SimpleCommentedConfig:{}. 
[06Aug2026 13:12:45.276] [Test worker/WARN] [net.minecraftforge.common.ForgeConfigSpec/CORE]: Incorrect key Http.http_client_version was corrected from null to its default, HTTP_2. 
[06Aug2026 13:12:45.276] [Test worker/WARN] [net.minecraftforge.common.ForgeConfigSpec/CORE]: Incorrect key Http.http_connect_timeout_seconds was corrected from null to its default, 5. 
[06Aug2026 13:12:45.277] [Test worker/WARN] [net.minecraftforge.common.ForgeConfigSpec/CORE]: Incorrect key MojangCache was corrected from null to its default, SimpleCommentedConfig:{}. 
[06Aug2026 13:12:45.277] [Test worker/WARN] [net.minecraftforge.common.ForgeConfigSpec/CORE]: Incorrect key MojangCache.mojang_profile_cache_enabled was corrected from null to its default, true. 
[06Aug2026 13:12:45.277] [Test worker/WARN] [net.minecraftforge.common.ForgeConfigSpec/CORE]: Incorrect key MojangCache.mojang_profile_cache_ttl_ms was corrected from null to its default, 3600000. 
[06Aug2026 13:12:45.277] [Test worker/WARN] [net.minecraftforge.common.ForgeConfigSpec/CORE]: Incorrect key MojangCache.mojang_profile_cache_max_size was corrected from null to its default, 1000. 
[06Aug2026 13:12:45.277] [Test worker/WARN] [net.minecraftforge.common.ForgeConfigSpec/CORE]: Incorrect key DefaultSkins was corrected from null to its default, SimpleCommentedConfig:{}. 
[06Aug2026 13:12:45.277] [Test worker/WARN] [net.minecraftforge.common.ForgeConfigSpec/CORE]: Incorrect key DefaultSkins.enabled was corrected from null to its default, false. 
[06Aug2026 13:12:45.277] [Test worker/WARN] [net.minecraftforge.common.ForgeConfigSpec/CORE]: Incorrect key DefaultSkins.applyForPremium was corrected from null to its default, false. 
[06Aug2026 13:12:45.277] [Test worker/WARN] [net.minecraftforge.common.ForgeConfigSpec/CORE]: Incorrect key DefaultSkins.list was corrected from null to its default, [Steve, <random>]. 
[06Aug2026 13:12:45.277] [Test worker/WARN] [net.minecraftforge.common.ForgeConfigSpec/CORE]: Incorrect key Security was corrected from null to its default, SimpleCommentedConfig:{}. 
[06Aug2026 13:12:45.277] [Test worker/WARN] [net.minecraftforge.common.ForgeConfigSpec/CORE]: Incorrect key Security.urlAllowlistEnabled was corrected from null to its default, false. 
[06Aug2026 13:12:45.277] [Test worker/WARN] [net.minecraftforge.common.ForgeConfigSpec/CORE]: Incorrect key Security.urlAllowlistDomains was corrected from null to its default, [imgur.com, storage.googleapis.com, cdn.discordapp.com, textures.minecraft.net, namemc.com, crafatar.com, mc-heads.net, githubusercontent.com, minecraftskins.com]. 
[06Aug2026 13:12:45.277] [Test worker/WARN] [net.minecraftforge.common.ForgeConfigSpec/CORE]: Incorrect key Permissions was corrected from null to its default, SimpleCommentedConfig:{}. 
[06Aug2026 13:12:45.277] [Test worker/WARN] [net.minecraftforge.common.ForgeConfigSpec/CORE]: Incorrect key Permissions.op_level was corrected from null to its default, SimpleCommentedConfig:{}. 
[06Aug2026 13:12:45.277] [Test worker/WARN] [net.minecraftforge.common.ForgeConfigSpec/CORE]: Incorrect key Permissions.op_level.mojang was corrected from null to its default, 0. 
[06Aug2026 13:12:45.277] [Test worker/WARN] [net.minecraftforge.common.ForgeConfigSpec/CORE]: Incorrect key Permissions.op_level.url was corrected from null to its default, 2. 
[06Aug2026 13:12:45.277] [Test worker/WARN] [net.minecraftforge.common.ForgeConfigSpec/CORE]: Incorrect key Permissions.op_level.clear was corrected from null to its default, 0. 
[06Aug2026 13:12:45.277] [Test worker/WARN] [net.minecraftforge.common.ForgeConfigSpec/CORE]: Incorrect key Permissions.op_level.random was corrected from null to its default, 0. 
[06Aug2026 13:12:45.277] [Test worker/WARN] [net.minecraftforge.common.ForgeConfigSpec/CORE]: Incorrect key Permissions.op_level.other was corrected from null to its default, 2. 
[06Aug2026 13:12:45.277] [Test worker/WARN] [net.minecraftforge.common.ForgeConfigSpec/CORE]: Incorrect key Permissions.op_level.metrics was corrected from null to its default, 2. 
[06Aug2026 13:12:45.277] [Test worker/WARN] [net.minecraftforge.common.ForgeConfigSpec/CORE]: Incorrect key Permissions.op_level.metrics_reset was corrected from null to its default, 2. 
[06Aug2026 13:12:45.282] [Test worker/WARN] [net.minecraftforge.common.ForgeConfigSpec/CORE]: Configuration file SimpleCommentedConfig:{} is not correct. Correcting
[06Aug2026 13:12:45.282] [Test worker/WARN] [net.minecraftforge.common.ForgeConfigSpec/CORE]: Incorrect key Messages was corrected from null to its default, SimpleCommentedConfig:{}. 
[06Aug2026 13:12:45.282] [Test worker/WARN] [net.minecraftforge.common.ForgeConfigSpec/CORE]: Incorrect key Messages.localization was corrected from null to its default, en. 
[06Aug2026 13:12:45.282] [Test worker/WARN] [net.minecraftforge.common.ForgeConfigSpec/CORE]: Incorrect key Messages.display was corrected from null to its default, true. 
[06Aug2026 13:12:45.282] [Test worker/WARN] [net.minecraftforge.common.ForgeConfigSpec/CORE]: Incorrect key Messages.key was corrected from null to its default, . 
[06Aug2026 13:12:45.282] [Test worker/WARN] [net.minecraftforge.common.ForgeConfigSpec/CORE]: Incorrect key Messages.messages_change was corrected from null to its default, Skin change queued. 
[06Aug2026 13:12:45.283] [Test worker/WARN] [net.minecraftforge.common.ForgeConfigSpec/CORE]: Incorrect key Messages.messages_fulfilled was corrected from null to its default, Skin has been applied.. 
[06Aug2026 13:12:45.283] [Test worker/WARN] [net.minecraftforge.common.ForgeConfigSpec/CORE]: Incorrect key Messages.messages_timeout was corrected from null to its default, Skin fetch timed out.. 
[06Aug2026 13:12:45.283] [Test worker/WARN] [net.minecraftforge.common.ForgeConfigSpec/CORE]: Incorrect key Messages.messages_error was corrected from null to its default, Skin fetch failed.. 
[06Aug2026 13:12:45.283] [Test worker/WARN] [net.minecraftforge.common.ForgeConfigSpec/CORE]: Incorrect key Messages.messages_restored_from was corrected from null to its default, Skin restored from %s. 
[06Aug2026 13:12:45.283] [Test worker/WARN] [net.minecraftforge.common.ForgeConfigSpec/CORE]: Incorrect key Messages.messages_cleared_no_profile was corrected from null to its default, Skin cleared (no Mojang profile found). 
[06Aug2026 13:12:45.283] [Test worker/WARN] [net.minecraftforge.common.ForgeConfigSpec/CORE]: Incorrect key Messages.messages_no_source was corrected from null to its default, No source available. 
[06Aug2026 13:12:45.283] [Test worker/WARN] [net.minecraftforge.common.ForgeConfigSpec/CORE]: Incorrect key Messages.messages_player_only was corrected from null to its default, Player only command. 
[06Aug2026 13:12:45.283] [Test worker/WARN] [net.minecraftforge.common.ForgeConfigSpec/CORE]: Incorrect key Messages.messages_permission_denied was corrected from null to its default, Permission denied. 
[06Aug2026 13:12:45.283] [Test worker/WARN] [net.minecraftforge.common.ForgeConfigSpec/CORE]: Incorrect key Messages.messages_cooldown was corrected from null to its default, Please wait %ds before using /skin again. 
[06Aug2026 13:12:45.283] [Test worker/WARN] [net.minecraftforge.common.ForgeConfigSpec/CORE]: Incorrect key Messages.messages_rate_limited was corrected from null to its default, Too many /skin commands. Try again later.. 
[06Aug2026 13:12:45.283] [Test worker/WARN] [net.minecraftforge.common.ForgeConfigSpec/CORE]: Incorrect key Messages.messages_no_skin_found was corrected from null to its default, No skin found for "%s". 
[06Aug2026 13:12:45.283] [Test worker/WARN] [net.minecraftforge.common.ForgeConfigSpec/CORE]: Incorrect key Messages.messages_no_skin_found_plain was corrected from null to its default, No skin found. 
[06Aug2026 13:12:45.283] [Test worker/WARN] [net.minecraftforge.common.ForgeConfigSpec/CORE]: Incorrect key Messages.messages_mineskin_rejected was corrected from null to its default, MineSkin rejected the URL. 
[06Aug2026 13:12:45.283] [Test worker/WARN] [net.minecraftforge.common.ForgeConfigSpec/CORE]: Incorrect key Messages.messages_no_random_username was corrected from null to its default, No random username available. 
[06Aug2026 13:12:45.283] [Test worker/WARN] [net.minecraftforge.common.ForgeConfigSpec/CORE]: Incorrect key Messages.messages_provider_no_result was corrected from null to its default, Provider returned no result. 
[06Aug2026 13:12:45.283] [Test worker/WARN] [net.minecraftforge.common.ForgeConfigSpec/CORE]: Incorrect key Messages.messages_metrics_top_players was corrected from null to its default, Top players by refresh count:. 
[06Aug2026 13:12:45.283] [Test worker/WARN] [net.minecraftforge.common.ForgeConfigSpec/CORE]: Incorrect key Messages.messages_metrics_refreshes was corrected from null to its default,  refreshes. 
[06Aug2026 13:12:45.283] [Test worker/WARN] [net.minecraftforge.common.ForgeConfigSpec/CORE]: Incorrect key Messages.messages_metrics_no_refreshes was corrected from null to its default, (no refreshes recorded). 
[06Aug2026 13:12:45.283] [Test worker/WARN] [net.minecraftforge.common.ForgeConfigSpec/CORE]: Incorrect key Messages.messages_metrics_cleanup was corrected from null to its default, Metrics cleanup: pruned %d stale player entries. 
[06Aug2026 13:12:45.283] [Test worker/WARN] [net.minecraftforge.common.ForgeConfigSpec/CORE]: Incorrect key Messages.messages_metrics_reset was corrected from null to its default, Metrics reset. 
[06Aug2026 13:12:45.283] [Test worker/WARN] [net.minecraftforge.common.ForgeConfigSpec/CORE]: Incorrect key Messages.messages_discord_announce was corrected from null to its default, **%s** changed their skin to: `%s`. 
[06Aug2026 13:12:45.283] [Test worker/WARN] [net.minecraftforge.common.ForgeConfigSpec/CORE]: Incorrect key Integration was corrected from null to its default, SimpleCommentedConfig:{}. 
[06Aug2026 13:12:45.283] [Test worker/WARN] [net.minecraftforge.common.ForgeConfigSpec/CORE]: Incorrect key Integration.discordsrv_enabled was corrected from null to its default, false. 
[06Aug2026 13:12:45.284] [Test worker/WARN] [net.minecraftforge.common.ForgeConfigSpec/CORE]: Incorrect key Integration.discordsrv_channel_id was corrected from null to its default, . 
[06Aug2026 13:12:45.285] [Test worker/WARN] [net.minecraftforge.common.ForgeConfigSpec/CORE]: Incorrect key RateLimit was corrected from null to its default, SimpleCommentedConfig:{}. 
[06Aug2026 13:12:45.285] [Test worker/WARN] [net.minecraftforge.common.ForgeConfigSpec/CORE]: Incorrect key RateLimit.cooldown_seconds was corrected from null to its default, 3. 
[06Aug2026 13:12:45.285] [Test worker/WARN] [net.minecraftforge.common.ForgeConfigSpec/CORE]: Incorrect key RateLimit.rate_limit_enabled was corrected from null to its default, true. 
[06Aug2026 13:12:45.285] [Test worker/WARN] [net.minecraftforge.common.ForgeConfigSpec/CORE]: Incorrect key RateLimit.max_commands_per_minute was corrected from null to its default, 5. 
[06Aug2026 13:12:45.285] [Test worker/WARN] [net.minecraftforge.common.ForgeConfigSpec/CORE]: Incorrect key Broadcast was corrected from null to its default, SimpleCommentedConfig:{}. 
[06Aug2026 13:12:45.285] [Test worker/WARN] [net.minecraftforge.common.ForgeConfigSpec/CORE]: Incorrect key Broadcast.dimension_scoped_broadcast was corrected from null to its default, false. 
[06Aug2026 13:12:45.285] [Test worker/WARN] [net.minecraftforge.common.ForgeConfigSpec/CORE]: Incorrect key Broadcast.broadcast_use_bundle was corrected from null to its default, false. 
[06Aug2026 13:12:45.285] [Test worker/WARN] [net.minecraftforge.common.ForgeConfigSpec/CORE]: Incorrect key Broadcast.debounce_millis was corrected from null to its default, 100. 
[06Aug2026 13:12:45.285] [Test worker/WARN] [net.minecraftforge.common.ForgeConfigSpec/CORE]: Incorrect key Broadcast.refresh_via_entity_tracker was corrected from null to its default, true. 
[06Aug2026 13:12:45.285] [Test worker/WARN] [net.minecraftforge.common.ForgeConfigSpec/CORE]: Incorrect key Metrics was corrected from null to its default, SimpleCommentedConfig:{}. 
[06Aug2026 13:12:45.285] [Test worker/WARN] [net.minecraftforge.common.ForgeConfigSpec/CORE]: Incorrect key Metrics.metrics_enabled was corrected from null to its default, true. 
[06Aug2026 13:12:45.285] [Test worker/WARN] [net.minecraftforge.common.ForgeConfigSpec/CORE]: Incorrect key Metrics.metrics_dump_interval_seconds was corrected from null to its default, 60. 
[06Aug2026 13:12:45.285] [Test worker/WARN] [net.minecraftforge.common.ForgeConfigSpec/CORE]: Incorrect key Http was corrected from null to its default, SimpleCommentedConfig:{}. 
[06Aug2026 13:12:45.285] [Test worker/WARN] [net.minecraftforge.common.ForgeConfigSpec/CORE]: Incorrect key Http.http_client_version was corrected from null to its default, HTTP_2. 
[06Aug2026 13:12:45.285] [Test worker/WARN] [net.minecraftforge.common.ForgeConfigSpec/CORE]: Incorrect key Http.http_connect_timeout_seconds was corrected from null to its default, 5. 
[06Aug2026 13:12:45.285] [Test worker/WARN] [net.minecraftforge.common.ForgeConfigSpec/CORE]: Incorrect key MojangCache was corrected from null to its default, SimpleCommentedConfig:{}. 
[06Aug2026 13:12:45.285] [Test worker/WARN] [net.minecraftforge.common.ForgeConfigSpec/CORE]: Incorrect key MojangCache.mojang_profile_cache_enabled was corrected from null to its default, true. 
[06Aug2026 13:12:45.285] [Test worker/WARN] [net.minecraftforge.common.ForgeConfigSpec/CORE]: Incorrect key MojangCache.mojang_profile_cache_ttl_ms was corrected from null to its default, 3600000. 
[06Aug2026 13:12:45.286] [Test worker/WARN] [net.minecraftforge.common.ForgeConfigSpec/CORE]: Incorrect key MojangCache.mojang_profile_cache_max_size was corrected from null to its default, 1000. 
[06Aug2026 13:12:45.286] [Test worker/WARN] [net.minecraftforge.common.ForgeConfigSpec/CORE]: Incorrect key DefaultSkins was corrected from null to its default, SimpleCommentedConfig:{}. 
[06Aug2026 13:12:45.286] [Test worker/WARN] [net.minecraftforge.common.ForgeConfigSpec/CORE]: Incorrect key DefaultSkins.enabled was corrected from null to its default, false. 
[06Aug2026 13:12:45.286] [Test worker/WARN] [net.minecraftforge.common.ForgeConfigSpec/CORE]: Incorrect key DefaultSkins.applyForPremium was corrected from null to its default, false. 
[06Aug2026 13:12:45.286] [Test worker/WARN] [net.minecraftforge.common.ForgeConfigSpec/CORE]: Incorrect key DefaultSkins.list was corrected from null to its default, [Steve, <random>]. 
[06Aug2026 13:12:45.286] [Test worker/WARN] [net.minecraftforge.common.ForgeConfigSpec/CORE]: Incorrect key Security was corrected from null to its default, SimpleCommentedConfig:{}. 
[06Aug2026 13:12:45.286] [Test worker/WARN] [net.minecraftforge.common.ForgeConfigSpec/CORE]: Incorrect key Security.urlAllowlistEnabled was corrected from null to its default, false. 
[06Aug2026 13:12:45.286] [Test worker/WARN] [net.minecraftforge.common.ForgeConfigSpec/CORE]: Incorrect key Security.urlAllowlistDomains was corrected from null to its default, [imgur.com, storage.googleapis.com, cdn.discordapp.com, textures.minecraft.net, namemc.com, crafatar.com, mc-heads.net, githubusercontent.com, minecraftskins.com]. 
[06Aug2026 13:12:45.286] [Test worker/WARN] [net.minecraftforge.common.ForgeConfigSpec/CORE]: Incorrect key Permissions was corrected from null to its default, SimpleCommentedConfig:{}. 
[06Aug2026 13:12:45.286] [Test worker/WARN] [net.minecraftforge.common.ForgeConfigSpec/CORE]: Incorrect key Permissions.op_level was corrected from null to its default, SimpleCommentedConfig:{}. 
[06Aug2026 13:12:45.286] [Test worker/WARN] [net.minecraftforge.common.ForgeConfigSpec/CORE]: Incorrect key Permissions.op_level.mojang was corrected from null to its default, 0. 
[06Aug2026 13:12:45.286] [Test worker/WARN] [net.minecraftforge.common.ForgeConfigSpec/CORE]: Incorrect key Permissions.op_level.url was corrected from null to its default, 2. 
[06Aug2026 13:12:45.286] [Test worker/WARN] [net.minecraftforge.common.ForgeConfigSpec/CORE]: Incorrect key Permissions.op_level.clear was corrected from null to its default, 0. 
[06Aug2026 13:12:45.287] [Test worker/WARN] [net.minecraftforge.common.ForgeConfigSpec/CORE]: Incorrect key Permissions.op_level.random was corrected from null to its default, 0. 
[06Aug2026 13:12:45.287] [Test worker/WARN] [net.minecraftforge.common.ForgeConfigSpec/CORE]: Incorrect key Permissions.op_level.other was corrected from null to its default, 2. 
[06Aug2026 13:12:45.287] [Test worker/WARN] [net.minecraftforge.common.ForgeConfigSpec/CORE]: Incorrect key Permissions.op_level.metrics was corrected from null to its default, 2. 
[06Aug2026 13:12:45.287] [Test worker/WARN] [net.minecraftforge.common.ForgeConfigSpec/CORE]: Incorrect key Permissions.op_level.metrics_reset was corrected from null to its default, 2. 
[06Aug2026 13:12:45.311] [EverlastingSkins-IO/INFO] [levosilimo.everlastingskins.skinchanger.SkinIO/]: Deleted skin file for b1c774b7-815a-4c74-98f4-54d71051c02f
[06Aug2026 13:12:45.373] [Test worker/WARN] [net.minecraftforge.common.ForgeConfigSpec/CORE]: Configuration file SimpleCommentedConfig:{} is not correct. Correcting
[06Aug2026 13:12:45.374] [Test worker/WARN] [net.minecraftforge.common.ForgeConfigSpec/CORE]: Incorrect key Messages was corrected from null to its default, SimpleCommentedConfig:{}. 
[06Aug2026 13:12:45.374] [Test worker/WARN] [net.minecraftforge.common.ForgeConfigSpec/CORE]: Incorrect key Messages.localization was corrected from null to its default, en. 
[06Aug2026 13:12:45.374] [Test worker/WARN] [net.minecraftforge.common.ForgeConfigSpec/CORE]: Incorrect key Messages.display was corrected from null to its default, true. 
[06Aug2026 13:12:45.374] [Test worker/WARN] [net.minecraftforge.common.ForgeConfigSpec/CORE]: Incorrect key Messages.key was corrected from null to its default, . 
[06Aug2026 13:12:45.374] [Test worker/WARN] [net.minecraftforge.common.ForgeConfigSpec/CORE]: Incorrect key Messages.messages_change was corrected from null to its default, Skin change queued. 
[06Aug2026 13:12:45.374] [Test worker/WARN] [net.minecraftforge.common.ForgeConfigSpec/CORE]: Incorrect key Messages.messages_fulfilled was corrected from null to its default, Skin has been applied.. 
[06Aug2026 13:12:45.374] [Test worker/WARN] [net.minecraftforge.common.ForgeConfigSpec/CORE]: Incorrect key Messages.messages_timeout was corrected from null to its default, Skin fetch timed out.. 
[06Aug2026 13:12:45.374] [Test worker/WARN] [net.minecraftforge.common.ForgeConfigSpec/CORE]: Incorrect key Messages.messages_error was corrected from null to its default, Skin fetch failed.. 
[06Aug2026 13:12:45.374] [Test worker/WARN] [net.minecraftforge.common.ForgeConfigSpec/CORE]: Incorrect key Messages.messages_restored_from was corrected from null to its default, Skin restored from %s. 
[06Aug2026 13:12:45.374] [Test worker/WARN] [net.minecraftforge.common.ForgeConfigSpec/CORE]: Incorrect key Messages.messages_cleared_no_profile was corrected from null to its default, Skin cleared (no Mojang profile found). 
[06Aug2026 13:12:45.375] [Test worker/WARN] [net.minecraftforge.common.ForgeConfigSpec/CORE]: Incorrect key Messages.messages_no_source was corrected from null to its default, No source available. 
[06Aug2026 13:12:45.375] [Test worker/WARN] [net.minecraftforge.common.ForgeConfigSpec/CORE]: Incorrect key Messages.messages_player_only was corrected from null to its default, Player only command. 
[06Aug2026 13:12:45.375] [Test worker/WARN] [net.minecraftforge.common.ForgeConfigSpec/CORE]: Incorrect key Messages.messages_permission_denied was corrected from null to its default, Permission denied. 
[06Aug2026 13:12:45.375] [Test worker/WARN] [net.minecraftforge.common.ForgeConfigSpec/CORE]: Incorrect key Messages.messages_cooldown was corrected from null to its default, Please wait %ds before using /skin again. 
[06Aug2026 13:12:45.375] [Test worker/WARN] [net.minecraftforge.common.ForgeConfigSpec/CORE]: Incorrect key Messages.messages_rate_limited was corrected from null to its default, Too many /skin commands. Try again later.. 
[06Aug2026 13:12:45.375] [Test worker/WARN] [net.minecraftforge.common.ForgeConfigSpec/CORE]: Incorrect key Messages.messages_no_skin_found was corrected from null to its default, No skin found for "%s". 
[06Aug2026 13:12:45.375] [Test worker/WARN] [net.minecraftforge.common.ForgeConfigSpec/CORE]: Incorrect key Messages.messages_no_skin_found_plain was corrected from null to its default, No skin found. 
[06Aug2026 13:12:45.375] [Test worker/WARN] [net.minecraftforge.common.ForgeConfigSpec/CORE]: Incorrect key Messages.messages_mineskin_rejected was corrected from null to its default, MineSkin rejected the URL. 
[06Aug2026 13:12:45.375] [Test worker/WARN] [net.minecraftforge.common.ForgeConfigSpec/CORE]: Incorrect key Messages.messages_no_random_username was corrected from null to its default, No random username available. 
[06Aug2026 13:12:45.375] [Test worker/WARN] [net.minecraftforge.common.ForgeConfigSpec/CORE]: Incorrect key Messages.messages_provider_no_result was corrected from null to its default, Provider returned no result. 
[06Aug2026 13:12:45.375] [Test worker/WARN] [net.minecraftforge.common.ForgeConfigSpec/CORE]: Incorrect key Messages.messages_metrics_top_players was corrected from null to its default, Top players by refresh count:. 
[06Aug2026 13:12:45.375] [Test worker/WARN] [net.minecraftforge.common.ForgeConfigSpec/CORE]: Incorrect key Messages.messages_metrics_refreshes was corrected from null to its default,  refreshes. 
[06Aug2026 13:12:45.375] [Test worker/WARN] [net.minecraftforge.common.ForgeConfigSpec/CORE]: Incorrect key Messages.messages_metrics_no_refreshes was corrected from null to its default, (no refreshes recorded). 
[06Aug2026 13:12:45.375] [Test worker/WARN] [net.minecraftforge.common.ForgeConfigSpec/CORE]: Incorrect key Messages.messages_metrics_cleanup was corrected from null to its default, Metrics cleanup: pruned %d stale player entries. 
[06Aug2026 13:12:45.375] [Test worker/WARN] [net.minecraftforge.common.ForgeConfigSpec/CORE]: Incorrect key Messages.messages_metrics_reset was corrected from null to its default, Metrics reset. 
[06Aug2026 13:12:45.375] [Test worker/WARN] [net.minecraftforge.common.ForgeConfigSpec/CORE]: Incorrect key Messages.messages_discord_announce was corrected from null to its default, **%s** changed their skin to: `%s`. 
[06Aug2026 13:12:45.375] [Test worker/WARN] [net.minecraftforge.common.ForgeConfigSpec/CORE]: Incorrect key Integration was corrected from null to its default, SimpleCommentedConfig:{}. 
[06Aug2026 13:12:45.375] [Test worker/WARN] [net.minecraftforge.common.ForgeConfigSpec/CORE]: Incorrect key Integration.discordsrv_enabled was corrected from null to its default, false. 
[06Aug2026 13:12:45.375] [Test worker/WARN] [net.minecraftforge.common.ForgeConfigSpec/CORE]: Incorrect key Integration.discordsrv_channel_id was corrected from null to its default, . 
[06Aug2026 13:12:45.376] [Test worker/WARN] [net.minecraftforge.common.ForgeConfigSpec/CORE]: Incorrect key RateLimit was corrected from null to its default, SimpleCommentedConfig:{}. 
[06Aug2026 13:12:45.376] [Test worker/WARN] [net.minecraftforge.common.ForgeConfigSpec/CORE]: Incorrect key RateLimit.cooldown_seconds was corrected from null to its default, 3. 
[06Aug2026 13:12:45.376] [Test worker/WARN] [net.minecraftforge.common.ForgeConfigSpec/CORE]: Incorrect key RateLimit.rate_limit_enabled was corrected from null to its default, true. 
[06Aug2026 13:12:45.377] [Test worker/WARN] [net.minecraftforge.common.ForgeConfigSpec/CORE]: Incorrect key RateLimit.max_commands_per_minute was corrected from null to its default, 5. 
[06Aug2026 13:12:45.377] [Test worker/WARN] [net.minecraftforge.common.ForgeConfigSpec/CORE]: Incorrect key Broadcast was corrected from null to its default, SimpleCommentedConfig:{}. 
[06Aug2026 13:12:45.377] [Test worker/WARN] [net.minecraftforge.common.ForgeConfigSpec/CORE]: Incorrect key Broadcast.dimension_scoped_broadcast was corrected from null to its default, false. 
[06Aug2026 13:12:45.377] [Test worker/WARN] [net.minecraftforge.common.ForgeConfigSpec/CORE]: Incorrect key Broadcast.broadcast_use_bundle was corrected from null to its default, false. 
[06Aug2026 13:12:45.377] [Test worker/WARN] [net.minecraftforge.common.ForgeConfigSpec/CORE]: Incorrect key Broadcast.debounce_millis was corrected from null to its default, 100. 
[06Aug2026 13:12:45.377] [Test worker/WARN] [net.minecraftforge.common.ForgeConfigSpec/CORE]: Incorrect key Broadcast.refresh_via_entity_tracker was corrected from null to its default, true. 
[06Aug2026 13:12:45.377] [Test worker/WARN] [net.minecraftforge.common.ForgeConfigSpec/CORE]: Incorrect key Metrics was corrected from null to its default, SimpleCommentedConfig:{}. 
[06Aug2026 13:12:45.377] [Test worker/WARN] [net.minecraftforge.common.ForgeConfigSpec/CORE]: Incorrect key Metrics.metrics_enabled was corrected from null to its default, true. 
[06Aug2026 13:12:45.377] [Test worker/WARN] [net.minecraftforge.common.ForgeConfigSpec/CORE]: Incorrect key Metrics.metrics_dump_interval_seconds was corrected from null to its default, 60. 
[06Aug2026 13:12:45.377] [Test worker/WARN] [net.minecraftforge.common.ForgeConfigSpec/CORE]: Incorrect key Http was corrected from null to its default, SimpleCommentedConfig:{}. 
[06Aug2026 13:12:45.377] [Test worker/WARN] [net.minecraftforge.common.ForgeConfigSpec/CORE]: Incorrect key Http.http_client_version was corrected from null to its default, HTTP_2. 
[06Aug2026 13:12:45.377] [Test worker/WARN] [net.minecraftforge.common.ForgeConfigSpec/CORE]: Incorrect key Http.http_connect_timeout_seconds was corrected from null to its default, 5. 
[06Aug2026 13:12:45.377] [Test worker/WARN] [net.minecraftforge.common.ForgeConfigSpec/CORE]: Incorrect key MojangCache was corrected from null to its default, SimpleCommentedConfig:{}. 
[06Aug2026 13:12:45.377] [Test worker/WARN] [net.minecraftforge.common.ForgeConfigSpec/CORE]: Incorrect key MojangCache.mojang_profile_cache_enabled was corrected from null to its default, true. 
[06Aug2026 13:12:45.377] [Test worker/WARN] [net.minecraftforge.common.ForgeConfigSpec/CORE]: Incorrect key MojangCache.mojang_profile_cache_ttl_ms was corrected from null to its default, 3600000. 
[06Aug2026 13:12:45.377] [Test worker/WARN] [net.minecraftforge.common.ForgeConfigSpec/CORE]: Incorrect key MojangCache.mojang_profile_cache_max_size was corrected from null to its default, 1000. 
[06Aug2026 13:12:45.377] [Test worker/WARN] [net.minecraftforge.common.ForgeConfigSpec/CORE]: Incorrect key DefaultSkins was corrected from null to its default, SimpleCommentedConfig:{}. 
[06Aug2026 13:12:45.377] [Test worker/WARN] [net.minecraftforge.common.ForgeConfigSpec/CORE]: Incorrect key DefaultSkins.enabled was corrected from null to its default, false. 
[06Aug2026 13:12:45.378] [Test worker/WARN] [net.minecraftforge.common.ForgeConfigSpec/CORE]: Incorrect key DefaultSkins.applyForPremium was corrected from null to its default, false. 
[06Aug2026 13:12:45.378] [Test worker/WARN] [net.minecraftforge.common.ForgeConfigSpec/CORE]: Incorrect key DefaultSkins.list was corrected from null to its default, [Steve, <random>]. 
[06Aug2026 13:12:45.378] [Test worker/WARN] [net.minecraftforge.common.ForgeConfigSpec/CORE]: Incorrect key Security was corrected from null to its default, SimpleCommentedConfig:{}. 
[06Aug2026 13:12:45.378] [Test worker/WARN] [net.minecraftforge.common.ForgeConfigSpec/CORE]: Incorrect key Security.urlAllowlistEnabled was corrected from null to its default, false. 
[06Aug2026 13:12:45.378] [Test worker/WARN] [net.minecraftforge.common.ForgeConfigSpec/CORE]: Incorrect key Security.urlAllowlistDomains was corrected from null to its default, [imgur.com, storage.googleapis.com, cdn.discordapp.com, textures.minecraft.net, namemc.com, crafatar.com, mc-heads.net, githubusercontent.com, minecraftskins.com]. 
[06Aug2026 13:12:45.378] [Test worker/WARN] [net.minecraftforge.common.ForgeConfigSpec/CORE]: Incorrect key Permissions was corrected from null to its default, SimpleCommentedConfig:{}. 
[06Aug2026 13:12:45.378] [Test worker/WARN] [net.minecraftforge.common.ForgeConfigSpec/CORE]: Incorrect key Permissions.op_level was corrected from null to its default, SimpleCommentedConfig:{}. 
[06Aug2026 13:12:45.378] [Test worker/WARN] [net.minecraftforge.common.ForgeConfigSpec/CORE]: Incorrect key Permissions.op_level.mojang was corrected from null to its default, 0. 
[06Aug2026 13:12:45.378] [Test worker/WARN] [net.minecraftforge.common.ForgeConfigSpec/CORE]: Incorrect key Permissions.op_level.url was corrected from null to its default, 2. 
[06Aug2026 13:12:45.378] [Test worker/WARN] [net.minecraftforge.common.ForgeConfigSpec/CORE]: Incorrect key Permissions.op_level.clear was corrected from null to its default, 0. 
[06Aug2026 13:12:45.378] [Test worker/WARN] [net.minecraftforge.common.ForgeConfigSpec/CORE]: Incorrect key Permissions.op_level.random was corrected from null to its default, 0. 
[06Aug2026 13:12:45.378] [Test worker/WARN] [net.minecraftforge.common.ForgeConfigSpec/CORE]: Incorrect key Permissions.op_level.other was corrected from null to its default, 2. 
[06Aug2026 13:12:45.378] [Test worker/WARN] [net.minecraftforge.common.ForgeConfigSpec/CORE]: Incorrect key Permissions.op_level.metrics was corrected from null to its default, 2. 
[06Aug2026 13:12:45.378] [Test worker/WARN] [net.minecraftforge.common.ForgeConfigSpec/CORE]: Incorrect key Permissions.op_level.metrics_reset was corrected from null to its default, 2. 
